store_id,address,state,zip_code
1,5537 W Broadway Crystal,MN,55428-3507
2,1902 Miller Trunk Hwy Duluth,MN,55811-1887
3,2555 W 79Th St Bloomington,MN,55431-1250
4,12275 St Charles Rock Rd Bridgeton,MO,63044-2598
5,13131 Montfort Dr Dallas,TX,75240-5112
6,1701 S Yale Tulsa,OK,74112-6222
7,4777 S 27Th St Greenfield,WI,53221-2601
8,15025 Manchester Rd Ballwin,MO,63011-4613
9,5400 N May Ave Oklahoma City,OK,73112-5407
10,7899 Wadsworth Blvd Arvada,CO,80003-2196
11,2500 E Lake St Minneapolis,MN,55406-1909
12,"6464 E Northwest Hwy, Ste 212 Dallas",TX,75214-5903
13,4202 13Th Ave S Fargo,ND,58103-3308
14,2800 Pearl Street Boulder,CO,80301-1123
15,120 W. Parker Rd. Plano,TX,75075-2398
16,1744 Suburban Avenue St Paul,MN,55106-6619
17,1800 Valley West Dr. W. Des Moines,IA,50266-1104
18,10801 Westheimer Rd. Houston,TX,77042-3201
19,3600 S Louise Ave Sioux Falls,SD,57106-6326
20,300 E. Homer M. Adams Pkwy Alton,IL,62002-5994
21,105 Troutman Parkway Fort Collins,CO,80525-3038
22,4317 Kemp Blvd. Wichita Falls,TX,76308-3717
23,2401 Kossow Road Waukesha,WI,53186-2968
24,7302 University Ave. Lubbock,TX,79423-1423
25,2400 10Th Street Sw Minot,ND,58701-6997
26,3500 Dodge St. Dubuque,IA,52003-5261
27,601 Colonial Rd. Memphis,TN,38117-5195
28,2424 Highway 6 And 50 Grand Junction,CO,81505-1109
29,8601 Research Blvd. Austin,TX,78758-7121
30,2300 W. Ben White Blvd. Austin,TX,78704-7525
31,13201 Ridgedale Dr. Minnetonka,MN,55305-1809
32,4000 First Ave. Evansville,IN,47710-3614
33,1037 S. Reed Rd. Kokomo,IN,46902-1929
34,301 S. Veterans Parkway Normal,IL,61761-2115
35,2209 State St. New Albany,IN,47150-4924
36,2050 Gallatin Pike N. Madison,TN,37115-2002
37,26 White Bridge Rd. Nashville,TN,37205-1411
38,6767 S. Clinton St. Englewood,CO,80112-3689
39,8040 Ray Mears Blvd. Knoxville,TN,37919-5480
40,5300 Durand Ave Racine,WI,53406-5091
41,5240 N. Academy Blvd. Colorado Springs,CO,80918-4078
42,5850 Eastex Freeway Beaumont,TX,77708-4824
43,4000 Mccain Blvd. North Little Rock,AR,72116-8039
44,401 Wyoming Blvd. S.E. Casper,WY,82609-4219
45,2206 Memorial Dr. Alexandria,LA,71301-3611
46,2601 Central Ave. Billings,MT,59102-6697
47,13700 San Pedro Ave. San Antonio,TX,78232-4315
48,5255 E. Broadway Tucson,AZ,85711-3702
49,9725 Laurel Canyon Boulevard Pacoima,CA,91331-4100
50,2120 W. Main St. Alhambra,CA,91801-1856
51,499 Orange Show Rd. San Bernardino,CA,92408-2010
52,5600 East Whittier Blvd. Los Angeles,CA,90022-4106
53,5700 Firestone Blvd. South Gate,CA,90280-3787
54,12100 Harbor Blvd. Garden Grove,CA,92840-4004
55,13831 Brookhurst St. Garden Grove,CA,92843-3120
56,2270 N. Bellflower Blvd. Long Beach,CA,90815-2017
57,10820 Jefferson Blvd. Culver City,CA,90230-4984
58,1200 N. Sepulveda Blvd. Manhattan Beach,CA,90266-5193
59,3433 Sepulveda Blvd. Torrance,CA,90505-2600
60,3245 Sports Arena Blvd. San Diego,CA,90210-4529
61,1240 Broadway Chula Vista,CA,91911-2911
62,8001 Othello Ave. San Diego,CA,92111-3713
63,3520 Tyler Ave. Riverside,CA,92503-4109
64,4201 West Division Street St. Cloud,MN,56301-6601
65,333 N. 48Th St. Lincoln,NE,68504-3505
66,3710 Ridgemont Dr. Abilene,TX,79606-2726
67,8225 Flying Cloud Drive Eden Prairie,MN,55344-7916
68,8201 I - 40 West Amarillo,TX,79121-1104
69,17751 Colima Rd. Rowland Heights,CA,91748-1714
70,2950 South Chase Milwaukee,WI,53207-6407
71,1708 Dell Range Blvd. Cheyenne,WY,82009-4945
72,2462 Foothill Blvd. La Verne,CA,91750-3056
73,10621 Carmenita Rd. Santa Fe Springs,CA,90670-4017
74,6635 Fallbrook Avenue West Hills,CA,91307-3520
75,6835 Katella Avenue Cypress,CA,90630-5107
76,2191 N. Tustin St. Orange,CA,92865-3701
77,12602 N Paradise Village Pkwy W Phoenix,AZ,85032-7693
78,"4301 West Wisconsin Avenue, Ste 42 Appleton",WI,54913-8605
79,2400 Bernadette Dr. Columbia,MO,65203-4616
80,6100 Shingle Creek Parkway Brooklyn Center,MN,55430-2110
81,43525 N. 10Th St. W. Lancaster,CA,93534-6008
82,2907 Cochrane Street Simi Valley,CA,93065-2773
83,16400 Beach Blvd. Westminster,CA,92683-7858
84,3300 S. Bristol St. Santa Ana,CA,92704-8299
85,1135 S. Gilbert Rd. Mesa,AZ,85204-5205
86,2000 10Th Ave. S. Great Falls,MT,59405-2798
87,4235 Sunset Dr. San Angelo,TX,76904-5653
88,3333 W. Airport Freeway Irving,TX,75062-5921
89,16910 E Quincy Avenue Aurora,CO,80015-2745
90,24425 West Magic Mountain Pkwyvalencia,CA,91355-3403
91,5555 Philadelphia St Chino,CA,91710-2481
92,26932 La Paz Rd. Aliso Viejo,CA,92656-3038
93,3601 Highway 100 South St. Louis Park,MN,55416-2500
94,1200 S. Nellis Blvd. Las Vegas,NV,89104-5752
95,4001 S. Maryland Blvd. Las Vegas,NV,89119-7556
96,1925 Douglas Blvd. Roseville,CA,95661-3834
97,1950 E. County Line Rd. Highlands Ranch,CO,80126-2437
98,3405 Mc_Henry Ave. Modesto,CA,95650-1445
99,1280 Auto Park Way South Escondido,CA,92029-2231
100,3150 W. Shaw Ave. Fresno,CA,93711-3215
101,13221 Hall Rd. Shelby Township,MI,48315-5834
102,15901 Ford Rd. Dearborn,MI,48126-2800
103,14099 Pardee Rd. Taylor,MI,48180-4792
104,35401 Warren Rd. Westland,MI,48185-6590
105,32001 John R. Road Madison Heights,MI,48071-1322
106,1330 E. 17Th St. Santa Ana,CA,92705-8500
107,20801 Ventura Boulevard Woodland Hills,CA,91364-2319
108,20200 Bloomfield Ave Cerritos,CA,90703-7821
109,2169 Redondo Beach Blvd. Gardena,CA,90247-3625
110,3333 Arlington Ave. Riverside,CA,92506-3252
111,2920 Yorba Linda E. Blvd. Fullerton,CA,92831-1523
112,11051 Victory Blvd. North Hollywood,CA,91606-3719
113,14823 Pomerado Rd. Poway,CA,92064-2803
114,2380 North Sterling Avenue San Bernardino,CA,92404-4691
115,4200 E. Main St. Ventura,CA,93003-5230
116,8840 C0Rbin Avenue Northridge,CA,91324-3309
117,24500 Alicia Pkwy Mission Viejo,CA,92691-4508
118,10576 Foothill Blvd. Rancho Cucamonga,CA,91730-3890
119,1050 Huntington Dr. Duarte,CA,91010-2497
120,2255 El Camino Real Oceanside,CA,92054-6318
121,250 Broadway El Cajon,CA,92021-4539
122,8251 Mira Mesa Blvd. San Diego,CA,92126-2603
123,67740 E Palm Canyon Dr Cathedral City,CA,92234-5439
124,223 East Betteravia Road Santa Maria,CA,93454-7803
125,2505 Riverside Blvd. Sacramento,CA,95818-2217
126,5001 Madison Ave. Sacramento,CA,95841-2604
127,1919 Fulton Ave. Sacramento,CA,95825-1905
128,4707 Pacific Ave. Stockton,CA,95207-6300
129,3173 E. Shields Ave. Fresno,CA,93726-6902
130,1951 E. 20Th St. Chico,CA,95928-6358
131,1153 Butte House Rd. Yuba City,CA,95991-3102
132,1818 E. Baseline Rd. Tempe,AZ,85283-1502
133,5001 Junipero Serra Blvd. Colma,CA,94014-3217
134,2485 El Camino Real Redwood City,CA,94063-2849
135,555 Showers Ave. Mountain View,CA,94040-1432
136,20745 Stevens Creek Rd. Cupertino,CA,95014-2123
137,1811 Hillsdale Ave. San Jose,CA,95124-3027
138,7200 Amador Plaza Rd. Dublin,CA,94568-2320
139,560 Contra Costa Blvd. Pleasant Hill,CA,94523-1216
140,904 Admiral Callaghan Lane Vallejo,CA,94591-3680
141,4301 Century Blvd. Pittsburg,CA,94565-7199
142,"5425 South Padre Island Dr., Ste 125 Corpus Christi",TX,78411-5301
143,3750 Barranca Pkwy Irvine,CA,92606-8200
144,405 S.E. Everett Mall Way Everett,WA,98208-3243
145,18305 Alderwood Mall Blvd. Lynnwood,WA,98037-3961
146,4053 Factoria Square Mall S.E. Bellevue,WA,98006-1286
147,3320 South 23Rd St. Tacoma,WA,98405-1600
148,3310 S. Meridian Puyallup,WA,98373-3777
149,7809 C Ne Vancouver Plaza Dr Vancouver,WA,98662-6643
150,10775 S.W. Beaverton Hillsdale Hwy Beaverton,OR,97006-3001
151,9009 S.W. Hall Blvd. Tigard,OR,97223-4432
152,9000 Sesunnyside Rd. Clackamas,OR,97015-9758
153,2772 Tittawabasee Rd. Saginaw,MI,48604-9433
154,30 Bellis Fair Parkway Bellingham,WA,98226-5573
155,5618 Lakewood Town Center Blvd. S.W. Lakewood,WA,98499-5060
156,G-3515 Miller Rd. Flint,MI,48507-1273
157,2887 Rochester Rd. S. Rochester Hills,MI,48307-4580
158,26650 Ford Road Dearborn Heights,MI,48127-2800
159,43670 Ford Road Canton,MI,48187-3101
160,2120 Wanamaker Road S.W. Topeka,KS,66614-5289
161,8510 Montgomery Blvd. N.E. Albuquerque,NM,87111-2304
162,11120 Lomas Blvd. N.E. Albuquerque,NM,87112-5582
163,900 Shaw Ave. Clovis,CA,93612-3900
164,29676 Rancho California Rd. Temecula,CA,92591-5283
165,2000 Cliff Lake Road Eagan,MN,55122-2400
166,500 E. Edgewood Blvd. Lansing,MI,48911-5901
167,2295 S.E. Tualatin Valley Hwy Hillsboro,OR,97123-7915
168,9000 E. Indian Bend Road Scottsdale,AZ,85250-8502
169,2707 Schofield Avenue Schofield,WI,54476-2430
170,4890 Marsh Road Okemos,MI,48864-1123
171,131 W. Reynolds Rd Lexington,KY,40503-3599
172,2201 Cobb Parkway South Smyrna,GA,30080-7633
173,3248 Alpine Ave. N.W. Walker,MI,49544-1655
174,4001 132 St. Omaha,NE,68164-1839
175,3201 S.Iowa Street Lawrence,KS,66046-5205
176,718 N. Washington Papillion,NE,68046-3910
177,5225 Elmore Avenue Davenport,IA,52807-3454
178,6839 S. Westnedge Ave. Portage,MI,49002-3582
179,35700 Van Dyke Ave. Sterling Heights,MI,48312-3564
180,3201 N.W. Randall Way Silverdale,WA,98383-7952
181,2925 Harrison Ave. N.W. Olympia,WA,98502-2597
182,3790 Center St. N.E. Salem,OR,97301-2945
183,2255 14Th Ave. S.E. Albany,OR,97322-8513
184,5700 Beckley Road Battle Creek,MI,49015-4184
185,30020 Grand River Ave. Farmington Hills,MI,48336-4722
186,2750 Gateway Street Springfield,OR,97477-1173
187,2000 Crater Lake Highway Medford,OR,97504-4161
188,3401 Mall View Rd. Bakersfield,CA,93306-3060
189,1280 Dana Dr. Redding,CA,96003-4038
190,5609 West Saginaw Highway Lansing,MI,48917-2456
191,633 North Milwaukee Street Boise,ID,93704-9139
192,3300 Dillon Drive Pueblo,CO,81008-1040
193,3800 North Lexington Avenue Shoreview,MN,55126-2916
194,9400 State Rd 16 Onalaska,WI,54650-8540
195,817 West Alexis Road Toledo,OH,43612-4303
196,5225 Monroe Street Toledo,OH,43623-3139
197,1465 East Mall Drive Holland,OH,43528-9490
198,9371 Coors Road Nw Albuquerque,NM,87114-4005
199,2155 Morrill Avenue San Jose,CA,95132-1130
200,301 Strander Boulevard Tukwila,WA,98188-2971
201,205 Three Rivers Drive Kelso,WA,98626-3127
202,4300 24Th Avenue Fort Gratiot,MI,48059-3806
203,2000 Waters Road Ann Arbor,MI,48103-9218
204,9770 North Newport Highway Spokane,WA,99218-1249
205,2800 Sw Barton Seattle,WA,98126-3975
206,21637 State Road 7 Boca Raton,FL,33428-1843
207,1525 South Power Road Mesa,AZ,85206-3707
208,3280 R Street Merced,CA,95348-1954
209,1200 Linton Boulevard Delray Beach,FL,33444-1115
210,15150 Cedar Ave S Apple Valley,MN,55124-7056
211,444 Monument Road Jacksonville,FL,32225-6429
212,886 West State Road 436 Altamonte Springs,FL,32714-3006
213,718 Maguire Boulevard Orlando,FL,32803-3706
214,880 Sand Lake Road Orlando,FL,32809-7710
215,900 East Lake Road Palm Harbor,FL,34685-2430
216,10500 Ulmerton Road East Largo,FL,33771-3544
217,15240 N Dale Mabry Highway Tampa,FL,33618-1809
218,13658 University Plaza Tampa,FL,33613-4649
219,2100 Paul Bunyan Drive Nw Bemidji,MN,56601-5645
220,3301 Highway 10 East Moorhead,MN,56560-2516
221,14546 Dellwood Drive North Baxter,MN,56425-7929
222,16964 Slover Avenue Fontana,CA,92337-9744
223,2505 Sw 1St Street Willmar,MN,56201-4245
224,8655 East Point Douglas Rd S Cottage Grove,MN,55016-4035
225,1850 Adams Street Mankato,MN,56001-4668
226,4175 Vinewood Lane N Plymouth,MN,55442-2624
227,8401 South Tamiami Trail Sarasota,FL,34238-2927
228,6000 Sawmill Road Dublin,OH,43017-1626
229,9041 Southside Boulevard Jacksonville,FL,32256-5484
230,3445 Freedom Drive Springfield,IL,62704-6517
231,3130 Southe Airport Road West Traverse City,MI,49684-8999
232,6820 Eastman Road Midland,MI,48642-7805
233,1076 Jackson Crossing Jackson,MI,49202-2039
234,3000 West Deyoung St. Marion,IL,62959-4895
235,2059 Cadenasso Drive Fairfield,CA,94533-6806
236,1640 North Main Street Salinas,CA,93906-5102
237,8108 East Santa Ana Canyon Rd. Anaheim,CA,92808-1105
238,315 W. Canfield Ave. Coeur D' Alene,ID,83815-7750
239,605 Stephanie Street Henderson,NV,89014-2612
240,26301 104Th Ave Se Kent,WA,98030-7649
241,9235 Poplar Ave Germantown,TN,38138-7903
242,1100 Lake Woodlands Drive The Woodlands,TX,77380-3221
243,39440 10Th St. W. Palmdale,CA,93551-3747
244,4711 Bayou Boulevard Pensacola,FL,35203-2607
245,3970 Sw Archer Road Gainesville,FL,32608-2342
246,2380 Volusia Ave Daytona Beach,FL,32114-7193
247,2750 W. New Haven Ave. Melbourne Village,FL,32904-3706
248,1400-A Tamiami Trail Port Charlotte,FL,33948-1004
249,200 Vintage Way Novato,CA,94945-5005
250,7535 West Broadway Brooklyn Park,MN,55428-1287
251,7200 Valley Creek Plaza Woodbury,MN,55125-2265
252,1701 Galleria Blvd Franklin,TN,37067-1602
253,199 Cascade Mall Dr. Burlington,WA,98233-3251
254,1611 N. Blue Lakes Blvd. Twin Falls,ID,83301-3374
255,10555 N. Oracle Rd. Oro Valley,AZ,85737-9353
256,10451 Indianapolis Blvd Highland,IN,46322-3511
257,2901 South Cicero Avenue Cicero,IL,60804-3637
258,2350 Troy Road Edwardsville,IL,62025-2584
259,2721 Dawson Road Albany,GA,31707-1672
260,4151 E. Highway 90 Sierra Vista,AZ,85635-2425
261,1290 Hamner Ave. Norco,CA,32860-3117
262,1400 Fitzgerald Road Pinole,CA,94564-2250
263,2800 Naglee Rd Tracy,CA,95304-7307
264,1630 Cheyenne Mountain Blvd. Colorado Springs,CO,80906-4050
265,250 E Miracle Strip Pkwy Mary Esther,FL,32569-1924
266,15005 Sw 88Th Street Miami,FL,33196-1314
267,875 Lawrenceville Suwanee Roadlawrenceville,GA,30043-8479
268,5950 State Bridge Road Duluth,GA,30097-6438
269,1815 Norman Drive Valdosta,GA,31601-3502
270,975 E. County Rd. E. Vadnais Heights,MN,55127-7114
271,735 Stadium Blvd Jefferson City,MO,65109-4753
272,679 E. Dundee Palatine,IL,60074-2817
273,6365 I-55 North Jackson,MS,39213-9742
274,2056 Skibo Road Fayetteville,NC,28314-2245
275,2116 N Roan Street Johnson City,TN,37601-2535
276,5151 Frederica Street Owensboro,KY,42301-7443
277,8550 East Freeway Fort Worth,TX,76120-4414
278,2460 Prince William Parkway Woodridge,VA,22192-4148
279,12 North Fair Ave. Yakima,WA,98901-4524
280,3527 W. Florida Ave. Hemet,CA,92545-3564
281,9531 South Blvd. Charlotte,NC,28273-6901
282,63435 N. Highway 97 Bend,OR,97701-7802
283,888 West Arrow Highway San Dimis,CA,91773-2495
284,6748 South Redwood Road West Jordan,UT,84084-2403
285,2541 E. Loman Ste A Las Cruces,NM,88011-8233
286,4001 N. Midland Drive Midland,TX,79707-3534
287,2810 S.W. Military Drive San Antonio,TX,78224-1032
288,1180 Carl D. Silver Parkway Fredericksburg,VA,22401-4913
289,2673 East Main St. Plainfield,IN,46168-2710
290,3151 East 7Th Street Joplin,MO,64801-5581
291,7003 S. Broadway Tyler,TX,75703-4737
292,18000 Vernier Rd Harper Woods,MI,48225-1046
293,107 Pavillion Pkwy. Fayetteville,GA,30214-4098
294,1631 Ring Road Elizabethtown,KY,42701-5470
295,4640 Taylorsville Road Louisville,KY,40220-3530
296,6850 Ridge Road Parma,OH,44129-5627
297,449 Howe Ave. Cuyahoga Falls,OH,44221-4943
298,5584 Dressler Road North Canton,OH,44720-7757
299,6670 Clinton Highway Knoxville,TN,37912-1016
300,514 Shallowford Rd. Gainesville,GA,30504-4154
301,3150 Bel-Air Mall Mobile,AL,36606-3203
302,6295 West Waters Ave. Tampa,FL,33634-1100
303,5350 Fruitville Rd. North Sarasota,FL,34232-6401
304,2100 Texas Ave. S. College Station,TX,77840-3918
305,7501 San Dario Laredo,TX,78045-7207
306,1002 Dixieland Rd. Harlingen,TX,78552-5913
307,"1111 E Army Post Rd, Ste 2204 Des Moines",IA,50315-5962
308,3450 4Th Street S.W. Mason City,IA,50401-1572
309,1708 North Central Avenue Marshfield,WI,54449-1514
310,5300 Us Hwy 10 East Stevens Point,WI,54481-8551
311,1900 S Koeller St Oshkosh,WI,54902-6153
312,485 N Rolling Meadows Dr Fond Du Lac,WI,54937-9784
313,2017 Humes Rd. Janesville,WI,53545-0204
314,6560 E. State Street Rockford,IL,61108-2545
315,2340 Hwy 77 Panama City,FL,32405-4404
316,187 Brandon Town Center Dr Brandon,FL,33511-4754
317,4271 Tamiami Trail Venice,FL,34293-5131
318,12801 W. Sunrise Blvd. Sunrise,FL,33323-4020
319,2650 Nw. Federal Highway Stuart,FL,34994-9318
320,6150 14Th Street West Bradenton,FL,34207-4622
321,13711 South Tamiami Trail Fort Myers,FL,33912-1649
322,33860 Gratiot Avenue South Clinton Township,MI,48035-6115
323,8600 Springbrook Dr. Coon Rapids,MN,55433-6033
324,4404 Highway 29 South Alexandria,MN,56308-2915
325,801 Sunland Park Drive El Paso,TX,79912-5200
326,1901 George Dieter Drive El Paso,TX,79936-3855
327,708 E. Express Way 83 Mcallen,TX,78503-1609
328,8055 West Bell Roadd Peoria,AZ,85382-3806
329,3210 North Tenaya Way Las Vegas,NV,89129-6239
330,3000 Harbison Dr Vacaville,CA,95687-3909
331,4300 Las Positas Road Livermore,CA,94551-9641
332,1106 North Columbia Center Kennewick,WA,99336-1161
333,1401 Frontage Road Scottsbluff,NE,69361-2774
334,2725 North Main Street Roswell,NM,88201-6512
335,313 East Townline Road Vernon Hills,IL,60061-1555
336,300 South Randall Road Elgin,IL,60123-5525
337,2621 W. Schaumburg Road Schaumburg,IL,60194-3894
338,175 West Army Trail Glendale Heights,IL,60139-1966
339,850 W. North Avenue Melrose Park,IL,60160-1611
340,601 South County Farm Road Wheaton,IL,60187-4529
341,115 N. Randall Rd Batavia,IL,60510-6209
342,1951 W. Jefferson Ave. Naperville,IL,60540-3914
343,7100 South Cicero Avenue Bedford Park,IL,60629-5891
344,15850 So. 94Th Ave. Orland Park,IL,60462-4725
345,9250 Joliet Road Hodgkins,IL,60525-4162
346,2120 Apalachee Parkway Tallahassee,FL,32301-4819
347,4155 W Lake Mary Blvd Lake Mary,FL,32746-2410
348,1001 13Th Street South Virginia,MN,55792-3254
349,3316 S.E. 7Th Avenue Aberdeen,SD,57401-6639
350,6001 West Gateway Blvd. El Paso,TX,79925-3410
351,3550 South Rainbow Boulevard Las Vegas,NV,89103-1004
352,7409 West Virginia Ave Phoenix,AZ,85035-1336
353,475 Rohnert Park Expressway Rohnert Park,CA,94928-7907
354,2355 West Kettleman Lane Lodi,CA,95242-4120
355,3901 W Ina Road Tucson,AZ,85741-2206
356,6500 East Grant Road Tucson,AZ,85715-3801
357,1510 Market Lane Norfolk,NE,68701-7328
358,4800 3Rd Avenue Kearney,NE,68845-2892
359,13250 Nw Freeway Houston,TX,77040-6003
360,2000 Ninth Ave Se Watertown,SD,57201-5352
361,525 South Gear Avenue W. Burlington,IA,52655-1031
362,1300 State Hwy 55 E Buffalo,MN,55313-4321
363,851 W 78Th Street Chanhassen,MN,55317-9579
364,N95 W 17707 Shady Ln Menomonee Falls,WI,53051-8012
365,2553 Sun Valley Dr. Delafield,WI,53018-2333
366,6601 West Grand Av. Gurnee,IL,60031-4591
367,2333 - 63Rd Street Woodridge,IL,60517-1300
368,1188 West Boughton Road Bolingbrook,IL,60440-1508
369,5071 W Cal-Sag Rd Crestwood,IL,60445-1458
370,2661 E. Us 30 Merrillville,IN,46410-5898
371,5001 Big Hollow Rd Peoria,IL,61615-3538
372,20100 Haggerty Road Livonia,MI,48152-1087
373,2000 S.W. Colege Road Ocala,FL,34471-1620
374,2575 Enterprise Road Orange City,FL,32763-7960
375,2417 N Haskell Ave Dallas,TX,75204-3707
376,1101 Ira E Woods Ave Grapevine,TX,76051-4020
377,300 Hollywood Mall Hollywood,FL,33021-6904
378,2910 1St Ave So Ft Dodge,IA,50501-2972
379,5330 S 56Th St. Lincoln,NE,68516-1833
380,1235 E. Higgins Road Schaumberg,IL,60173-4939
381,6925 W 38Th St Indianapolis,IN,46254-3905
382,202 W Highway 332 Lake Jackson,TX,77566-4013
383,777 East Colorado Blvd. Pasadena,CA,91101-2104
384,1851 E. Hwy 69 Prescott,AZ,86301-5665
385,2420 Reserve Street Missoula,MT,59808-1317
386,4510 Garth Rd Baytown,TX,77521-2124
387,7608 Ne Zac Lentz Pkwy Victoria,TX,77904-1300
388,1071 West Carl Sandberg Drive Galesburg,IL,61401-1343
389,401 W. Irving Park Wood Dale,IL,60191-1338
390,2701 Route 30 / Plainfield Rd. Joliet,IL,60435-1166
391,1615 N. State Route 50 Bourbonnais,IL,60914-9303
392,495 Haggerty Road Walled Lake,MI,48390-3936
393,820 Oviedo Marketplace Blvd. Oviedo,FL,32765-9305
394,4410 S. Hwy 17-92 Casselberry,FL,32707-3290
395,2322 Pine Ridge Road Naples,FL,34109-2006
396,5350 West Main Street Kalamazoo,MI,49009-3304
397,2140 S Pokegama Avenue Grand Rapids,MN,55744-2507
398,2939 Market Place Salina,KS,67401-8598
399,2401 East Kansas Avenue Garden City,KS,67846-6962
400,19955 Katy Freeway Houston,TX,77094-1019
401,4734 East Ray Road Phoenix,AZ,85044-6225
402,18101 Nw Evergreen Pkwy Beaverton,OR,97006-7439
403,7600 North Blackstone Fresno,CA,93720-4300
404,3944 Grand Avenue Chino,CA,91710-5422
405,26762 Portola Parkway Foothill Ranch,CA,92610-1712
406,30602 Santa Margarita Parkway Ranch Santa,MARGARITACA,92688-2814
407,13724 East Sprague Ave. Spokane,WA,99216-0812
408,1905 Scenic Highway North Snellville,GA,30078-5633
409,1900 Matthews Township Parkwaymatthews,NC,28105-4660
410,4401 Commercial Way Spring Hill,FL,34606-1914
411,11253 Pines Blvd Pembroke Pines,FL,33026-4118
412,93 Stonebrook Place Jackson,TN,38305-3637
413,8043 Challis Rd Brighton,MI,48116-7446
414,23555 Allen Road Woodhaven,MI,48183-3381
415,4097 East Blue Grass Rd Mt. Pleasant,MI,48858-7997
416,900 42Nd Ave Drive Moline,IL,61265-6871
417,2209 W. Howard St. Evanston,IL,60202-3636
418,6150 W. Touhy Ave. Niles,IL,60714-4621
419,4370 Venture Dr. Peru,IL,61354-1013
420,125 Lincoln Avenue Se St. Cloud,MN,56304-0823
421,2021 Market Drive Stillwater,MN,55082-7546
422,1650 South Milton Road Flagstaff,AZ,86001-0802
423,15444 N. Frank Lloyd Wright Bl Scottsdale,AZ,85260-2845
424,1980 Santa Rosa Santa Rosa,CA,95407-7621
425,3600 Sisk Road Modesto,CA,95356-0532
426,19201 Bear Valley Rd Apple Valley,CA,92308-6763
427,72549 Highway 111 Palm Desert,CA,92260-3306
428,1790 Airline Highway Hollister,CA,95023-5621
429,2656 North Elston Chicago,IL,60647-2019
430,2102 North Prospect Avenue Champaign,IL,61822-1231
431,51400 Gratiot Ave. Chesterfield Twp,MI,48051-2007
432,1529 East 17Th St. Hutchinson,KS,67501-1114
433,9440 Marsh Lane Dallas,TX,75220-4924
434,2610 Bishop Drive San Ramon,CA,94583-2338
435,4515 E. Thomas Rd. Phoenix,AZ,85018-7614
436,4900 East Main Street Farmington,NM,87402-8658
437,4200 South Medford Dr. Lufkin,TX,75901-5644
438,4323 San Felipe Street Houston,TX,77027-3406
439,50 E. North Ave. Villa Park,IL,60181-1244
440,160 American Ave. Bowling Green,KY,42104-6378
441,2823 Wilma Rudolph Blvd. Clarksville,TN,37040-5002
442,2021 Walnut Street Cary,NC,27518-9205
443,731 Sutters Creek Blvd. Rocky Mount,NC,27804-8452
444,1150 Seaboard St Myrtle Beach,SC,29577-6517
445,1204 Sunburst Drive Goldsboro,NC,27534-8202
446,9801 Sam Furr Road Huntersville,NC,28078-8219
447,490 Marsh Landing Pkwy Jacksonville,FL,32250-5855
448,7795 South West 40Th Street Miami,FL,33155-3546
449,100 Cherokee Place Cartersville,GA,30121-2954
450,6000 North Point Parkway Alpharetta,GA,30022-3006
451,740 Earnest Barrett Parkway Kennesaw,GA,30144-6860
452,3200 Holcom Bridge Road Norcross,GA,30092-3361
453,1015 North Court Street Medina,OH,44256-1582
454,18200 Royalton Road Strongville,OH,44136-5181
455,2801 West Market Fairlawn,OH,44333-4028
456,4200 Kent Rd. Stow,OH,44224-4325
457,270 Airport Parkway Heath,OH,43056-1278
458,1300 River Valley Way Blvd. Lancaster,OH,43130-1649
459,202 Siemers Dr Cape Girardeau,MO,63701-8419
460,6955 North Highway 6 Houston,TX,77084-1313
461,17700 Ne 76Th St Redmond,WA,98052-3300
462,755 N.W. Gilman Blvd Issaquah,WA,98027-5357
463,5500 Grossmont Center Drive La Mesa,CA,91942-3016
464,200 Malcolm Drive Westminster,MD,21157-6110
465,5230 Campell Blvd. Baltimore,MD,21236-4983
466,580 Market Place Dr. Bel Air,MD,21014-4310
467,7951 Nolpark Court Co. Glen Burnie,MD,21061-5205
468,4600 Mitchellville Rd Bowie,MD,20716-3110
469,10301 New Guinea Rd. Fairfax,VA,22032-3268
470,10500 Campus South Way Largo,MD,20774-1309
471,3343 Corridor Marketplace Laurel,MD,20724-2378
472,3300 Western Pkwy. Waldorf,MD,20603-4582
473,46201 Potomac Run Plaza Sterling,VA,20164-6609
474,1575 Niagara Falls Blvd. Amherst,NY,14228-2704
475,8290 Transit Rd. Williamsville,NY,14221-2820
476,7414 Niagara Falls Blvd. Niagara Falls,NY,14304-1720
477,2626 Delaware Ave. Buffalo,NY,14216-1737
478,1750 Walden Ave. Cheektowaga,NY,14225-4925
479,3410 Dr Martin Luther King Blvd. New Bern,NC,28562-5220
480,721 Southpark Blvd. Colonial Heights,VA,23834-3605
481,2530 Weir Rd. Chester,VA,23831-5350
482,5401 West Broad St. Richmond,VA,23230-2629
483,10100 Brook Rd Glen Allen,VA,23059-6514
484,1316 Greenbrier Pkwy. Chesapeake,VA,23320-0605
485,3040 South Evans St. Greenville,NC,27834-3176
486,4450 Park Street St. Petersburg,FL,33709-4020
487,60 Yorktown Shopping Ctr Lombard,IL,60148-5529
488,7505 Laguna Blvd. Elk Grove,CA,95758-5061
489,205 Soscol Ave. Napa,CA,94559-4007
490,209 W. Ventura Blvd. Camarillo,CA,93010-8359
491,2831 Eastland Center Dr. West Covina,CA,91791-1624
492,1010 N. El Camino Real Encinitas,CA,92024-1320
493,7989 Us Highway 64 Memphis,TN,38133-4007
494,1825 East Primrose Springfield,MO,65804-6497
495,7845 N. Mac Arther Blvd. Irving,TX,75063-7516
496,3100 Baldwin Park Blvd. Baldwin Park,CA,91706-4703
497,3550 Zafarano St. Santa Fe,NM,87507-2606
498,6241 Mid Rivers Mall Dr. St. Peters,MO,63304-1120
499,555 South Rand Rd. Lake Zurich,IL,60047-2356
500,900 East Kemper Road Springdale,OH,45246-2518
501,14075 Biscayne Blvd. N. Miami Beach,FL,33181-1629
502,8350 S Dixie Hwy Miami,FL,33143-7714
503,1751 University Dr. Vista,CA,92083-7775
504,11301 Midlothian Turnpike Richmond,VA,23235-4715
505,4390 Montgomery Rd. Ellicott City,MD,21043-6068
506,1025 Middleton Rd. Aberdeen,MD,21001-2263
507,6111 Dobbin Rd. Columbia,MD,21045-5802
508,11200 Reisterstown Rd. Owings Mills,MD,21117-1903
509,20908 Fredrick Road Germantown,MD,20876-4134
510,525 First Colonial Rd. Virginia Beach,VA,23451-6119
511,1245 Military Highway Norfolk,VA,23502-2228
512,11290 W Broad St Glen Allen,VA,23060-5815
513,5800 20Th St. Vero Beach,FL,32966-1017
514,3625 W. Gandy Blvd. Tampa,FL,33611-2607
515,5455 Clyde Park S.W. Wyoming,MI,49509-9722
516,250 Crockett Blvd. Merritt Island,FL,32953-4395
517,1150 El Camino Real San Bruno,CA,94066-2420
518,100 Parsonage Road Edison,NJ,08837-2424
519,3112 Vestal Parkway East Vestal,NY,13850-2038
520,5622 Amanda Ln. Orchard Park,NY,14127-1555
521,1717 Olentangy River Rd Columbus,OH,43212-1452
522,3171 Lebanon Pike Nashville,TN,37214-2314
523,201 Junction Road Madison,WI,53717-2615
524,5300 South Mopac Austin,TX,78749-1112
525,2040 California Ave. Sand City,CA,93955-3150
526,15160 N Meridian St Carmel,IN,46032-1399
527,1102 Springwater Wenatchee,WA,98801-1548
528,850 Steger Towne Dr. Rockwall,TX,75032-5658
529,121 Louis Henna Roundrock,TX,78664-7307
530,301 Park Drive Nw Owatonna,MN,55060-5639
531,4301 Lein Rd. Madison,WI,53704-3608
532,3050 North Lewis Ave. Waukegan,IL,60087-2231
533,4101 Towne Center Dr. Louisville,KY,40241-4146
534,4199 Morse Crossing Columbus,OH,43219-6015
535,1129 South Park St. Carrollton,GA,30117-4429
536,21265 Biscayne Blvd. Aventura,FL,33180-1241
537,20500 Sw. 112Th Ave. Miami,FL,33189-2296
538,3101 Jefferson Davis Highway Alexandria,VA,22305-3116
539,5420 University Parkway Winston-Salem,NC,27105-1366
540,1212 Bridford Pkwy. Greensboro,NC,27407-2645
541,1050 Mall Loop Rd. High Point,NC,27262-2656
542,4841 Grove Barton Rd Raleigh,NC,27613-1900
543,8120 University City Blvd. Charlotte,NC,28213-8126
544,2171 S 25Th E Idaho Falls,ID,83406-5712
545,4120 Palisades Center Dr West Nyack,NY,10994-6801
546,2690 Us Hwy 22 E. Union,NJ,07083-8512
547,2137 Route 38 Cherry Hill,NJ,08002-2045
548,1040 Hanes Mall Blvd. Winston-Salem,NC,27103-1309
549,7860 Rea Rd. Charlotte,NC,28277-6502
550,12197 Sunset Hills Rd. Reston,VA,20190-3208
551,235 Robert C. Daniel Jr. Pkwy Augusta,GA,30909-0800
552,9841 Waterstone Blvd. Cincinnati,OH,45249-8296
553,8680 Beechmont Ave. Cincinnati,OH,45255-4710
554,1940 Pavilian Way Lexington,KY,40509-2210
555,1650 New Brighton Blvd. Minneapolis,MN,55413-1643
556,860 Mankato Ave. Winona,MN,55987-4867
557,2700 Bell Road Auburn,CA,95603-2508
558,430 Blue Ravine Rd. Folsom,CA,95630-3402
559,2705 Teller Rd. Thousand Oaks,CA,91320-1190
560,2341 N Hwy. 67 Florissant,MO,63033-2033
561,25 Brentwood Promenade Courtbrentwood,MO,63144-1428
562,12130 Jefferson Ave. Newport News,VA,23602-6908
563,2700 Timber Dr. Garner,NC,27529-2591
564,2060 South Independence Blvd. Virginia Beach,VA,23453-4747
565,3040 Shallowford Rd. N.E. Marietta,GA,30062-1252
566,4711 New Centre Dr. Wilmington,NC,28405-3442
567,98 Veterans Memorial Hwy. Commack,NY,11725-3432
568,380 Consumer Square Mays Landing,NJ,08330-3326
569,5900 Lake Worth Rd. Greenacres,FL,33463-3212
570,36195 Euclid Ave. Willoughby,OH,44094-4410
571,1441 Coral Ridge Ave Coralville,IA,52241-2801
572,12700 Chenal Pkwy Little Rock,AR,72211-3360
573,503 I-45 North Conroe,TX,77304-2331
574,554 W. I.H. 20 Grand Praire,TX,75052-6932
575,4225 Highway 528 S.E. Rio Rancho,NM,87124-5903
576,13950 N.E. 178Th Pl. Woodinville,WA,98072-3523
577,2305 Theatre Dr. Paso Robles,CA,93446-9604
578,5837 Sunrise Blvd. Citrus Heights,CA,95610-6866
579,2220 Bridge Point Ln San Mateo,CA,94404-1569
580,21515 Tomball Pkwy. Houston,TX,77070-1647
581,239 Golf Mill Ctr Niles,IL,60714-1237
582,1851 Old Fort Parkway Murfreesboro,TN,37129-3364
583,960 Fairplain Dr. Benton Harbor,MI,49022-5794
584,2490 North Fairfield Road Beavercreek,OH,45431-1787
585,5700 Executive Blvd. Huber Heights,OH,45424-1449
586,8151 9Th Street N. St.Petersburg,FL,33702-4111
587,4001 Black Horse Pike Turnersville,NJ,08012-1762
588,1139 White Horse Rd. Voorhees,NJ,08043-2107
589,201 Sunrise Blvd. Exton,PA,19341-2336
590,2331 E Lincoln Hwy Langhorne,PA,19047-1812
591,857 Baltimore Pike Springfield,PA,19064-3963
592,5437 Urbana Pike Frederick,MD,21704-7275
593,12000 Cherry Hill Road Silver Spring,MD,20904-1985
594,999 Corporate Dr. Westbury,NY,11590-6614
595,2911 Jamacha Rd.Ace El Cajon,CA,92019-4342
596,2727 W. Agua Fria Freeway Phoenix,AZ,85027-3929
597,1238 Putty Hill Ave. Towson,MD,21286-5844
598,1415 Main Street Watsonville,CA,95076-3755
599,3300 124Th Ave Nw Coon Rapids,MN,55433-3805
600,1050 Brandywine Pkwy Wilmington,DE,19803-1492
601,1149 Sunrise Highway Copiague,NY,11726-1330
602,838 Sunrise Highway Bay Shore,NY,11706-5908
603,135-05 20Th Ave. College Point,NY,11356-2446
604,500 Nassau Park Blvd. Princeton,NJ,08540-5991
605,400 Riders Lane Milltown,NJ,08850-1700
606,570 Route 70 West Brick,NJ,08723-4014
607,1331 Hooper Avenue Toms River,NJ,08753-2822
608,1515 Route 22 West Watchung,NJ,07069-6509
609,401 Eastview Mall Victor,NY,14564-1011
610,2325 Marketplace Dr. Rochester,NY,14623-6009
611,2703 Route 541 Burlington,NJ,08016-4175
612,125 Witchwood Dr. North Wales,PA,19454-1833
613,153 Sierra Dr. Altoona,PA,16601-9341
614,4630 Monticello Ave. Williamsburg,VA,23188-8200
615,4737 Valley View Blvd Nw Roanoke,VA,24012-2000
616,3200 N. Federal Hwy. Ft.Lauderdale,FL,33306-1062
617,4125 Austell Rd. Austell,GA,30106-1836
618,2535 Dallas Highway Marietta,GA,30064-2543
619,5580 North West Highway Crystal Lake,IL,60014-8016
620,2241 Willow Road Glenview,IL,60025-7636
621,2099 Skokie Valley Road Highland Park,IL,60035-1728
622,7255 Interstate Boulevard Horn Lake,MS,38637-1410
623,320 S. Duff Avenue Ames,IA,50010-6644
624,9725 S Eastern Avenue Las Vegas,NV,89183-6841
625,2950 Chapel Hill Road Douglasville,GA,30135-1708
626,2300 College Way Fergus Falls,MN,56537-1062
627,632 Route 46 East Fairfield,NJ,07004-1581
628,1700 East Rand Road Arlington Heights,IL,60004-4379
629,8420 N.Madison Avenue Kansas City,MO,64155-2777
630,1725 Rocky Mountain Avenue Loveland,CO,80538-8851
631,1591 Bradley Park Drive Columbus,GA,31904-3071
632,2701 Lawndale Drive Greensboro,NC,27408-4820
633,1910 Catawba Valley Boulevard Sehickory,NC,28602-4146
634,1112 Woodruff Road Greenville,SC,29607-4109
635,800 Rockhill Drive Bensalem,PA,19020-1628
636,55 Us Highway 9 South Manalapan,NJ,07726-3018
637,2199 East Highway 36 North St.Paul,MN,55109-2215
638,203 -219 South Broadway Salem,NH,03079-3311
639,240 Independence Way Danvers,MA,01923-3653
640,1245 Bald Hill Road Warwick,RI,02886-4233
641,81 Taunton Depot Drive Taunton,MA,02780-6915
642,1205 South Washington Street North Attleboro,MA,02760-6251
643,255 Pond Path Road South Setauket,NY,11720-2007
644,2105 Route 35 Middletown,NJ,07748-1301
645,25 Grand Corner Ave. Gaithersburg,MD,20878-7305
646,600 Greece Ridge Center Drive Rochester,NY,14626-2825
647,2161 Fairport - Nine Mile Point Rdfairport,NY,14450-8509
648,401 Easton Rd. Warrington,PA,18976-2457
649,3535 Peachtree Rd. N.E. Atlanta,GA,30326-3287
650,3519 Clemson Blvd. Anderson,SC,29621-1312
651,134 Harbison Boulevard Columbia,SC,29212-2204
652,1100 Hansel Avenue Florence,KY,41042-4869
653,17810 East 39Th Street Independence,MO,64055-3870
654,8234 Agora Parkway Selma,TX,78154-1304
655,11400 51St Avenue Nw Gig Harbor,WA,98332-7891
656,"3205 Woodward Crossing Blvd., Ste B Buford",GA,30519-4938
657,8750 West Charleston Boulevardlas Vegas,NV,89117-5452
658,1871 N. Main St. Walnut Creek,CA,94596-4106
659,1515 E. Warner Road Gilbert,AZ,85296-3138
660,1370 Highway 15 South Hutchinson,MN,55350-3801
661,2323 Highway 3 South Northfield,MN,55057-5172
662,1250 Port Washington Rd. Grafton,WI,53024-9315
663,13460 Archer Avenue Lemont,IL,60439-4755
664,10202 E. Washington St. Indianapolis,IN,46229-2670
665,240 Market Drive Elyria,OH,44035-2886
666,335 Washington Rd. Washington,PA,15301-2701
667,600 Chauvet Dr. Pittsburgh,PA,15275-1043
668,9805 Mcknight Road Pittsburgh,PA,15237-6008
669,4004 Monroeville Boulevard Monroeville,PA,15146-2506
670,6206 State Rte 30 Greensburg,PA,15601-6399
671,2610 Pleasant Valley Road York,PA,17402-9609
672,2769 Paper Mill Road Wyomissing,PA,19610-3329
673,555 Bullsboro Drive Newnan,GA,30265-1045
674,200 Promenade Boulevard Bridgewater,NJ,08807-3456
675,4601 Commonwealth Centre Pkwy. Midlothian,VA,23112-2639
676,1395 D Western Boulevard Jacksonville,NC,28546-6663
677,80 D'Amante Drive Concord,NH,03301-5759
678,310 Daniel Webster Highway Nashua,NH,03060-5730
679,1 Mystic View Road Everett,MA,02149-2428
680,6280 North Eagle Road Boise,ID,83713-0955
681,907 West Mcdermott Drive Allen,TX,75013-6503
682,50 Holyoke Street Holyoke,MA,01040-2709
683,125 East Northpointe Drive Salisbury,MD,21804-2283
684,2340 Legge Boulevard Winchester,VA,22601-7008
685,2401 Coulee Road Hudson,WI,54016-2183
686,1485 Polaris Parkway Columbus,OH,43240-2041
687,2550 Catron Street Bozeman,MT,59718-7993
688,13200 Jamboree Road Irvine,CA,92602-2307
689,910 Jacks Valley Road Carson City,NV,89705-6936
690,2300 Highway K O'Fallon,MO,63368-6661
691,1515 N. Litchfield Road Goodyear,AZ,85338-1237
692,356 12Th St Sw Forest Lake,MN,55025-1749
693,875 General Sieben Drive Hastings,MN,55033-2485
694,410 Ashland Avenue Sturgeon Bay,WI,54235-3805
695,1001 Cormier Road Ashwaubenon,WI,54304-4404
696,1800 South Kensington Drive Appleton,WI,54915-4136
697,125 Buckland Hills Dr Manchester,CT,06042-8701
698,800 Watkins Road Maryville,TN,37801-4597
699,650 Brown Road Auburn Hills,MI,48326-1307
700,2300 Miamisburg-Centerville Roaddayton,OH,45459-3722
701,360 East Waterfront Drive Homestead,PA,15120-5004
702,"5125 Jonestown Road, Suite 331 Harrisburg",PA,17112-2983
703,90 Elm Street Enfield,CT,06082-3770
704,1495 Old York Road Abington,PA,19001-1923
705,17213 Cole Road Hagerstown,MD,21740-6981
706,45155 First Colony Way California,MD,20619-2416
707,1717 Route 228 Cranberry Township,PA,16066-5312
708,350 Pocono Commons Stroudsburg,PA,18360-8170
709,30 Rhl Boulevard Charleston,WV,25309-8278
710,543 River Road Edgewater,NJ,07020-1146
711,3850 Hempstead Turnpike Levittown,NY,11756-1303
712,9901 York Road Cockeysville,MD,21030-3407
713,101 Commerce Way Woburn,MA,01801-1007
714,900 Hartford-New London Turnpike Waterford,CT,06385-4246
715,1440 Central Avenue Colonie,NY,12205-5118
716,2250 Chemical Road Plymouth Meeting,PA,19462-1716
717,1717 Lebanon Church Road Pittsburgh,PA,15236-1450
718,3031 Route 50 Saratoga Springs,NY,12866-2926
719,1685 17Th Avenue East Shakopee,MN,55379-4407
720,1749 East Nine Mile Road Pensacola,FL,32514-5729
721,1698 Us Highway 98 Daphne,AL,36526-4252
722,4028 Wards Road Lynchburg,VA,24502-2944
723,3840 Vogel Road Arnold,MO,63010-3776
724,1042 South Kirkwood Kirkwood,MO,63122-7200
725,3881 Mexico Road St Charles,MO,63303-3042
726,250 Fortune Boulevard Milford,MA,01757-1743
727,3303 North Montana Avenue Helena,MT,59602-7817
728,40140 California Oaks Road Murrieta,CA,92562-5749
729,302 Ne Northgate Way Seattle,WA,98125-6047
730,3749 Carpenter Road Ypsilanti,MI,48197-9809
731,2420 Laporte Avenue Valpariaso,IN,46383-6914
732,6700 Peach Street Erie,PA,16509-7712
733,315 Colonnade Boulevard State College,PA,16803-2321
734,475 Hartford Road New Britain,CT,06053-1524
735,400 Lynn Fells Parkway Saugus,MA,01906-3100
736,200 Mill Road Ste 100 Phoenixville,PA,19460-1183
737,195 Conston Avenue Christiansburg,VA,24073-1151
738,3030 Harbor Boulevard Costa Mesa,CA,92626-2562
739,1440 Us 1 South St Augustine,FL,32084-4211
740,6100 Greenbelt Road Greenbelt,MD,20770-4063
741,1 North Galleria Drive Middletown,NY,10941-3032
742,1050 Fording Island Road Bluffton,SC,29910-8664
743,3570 Harden Boulevard Lakeland,FL,33803-5928
744,10490 San Jose Boulevard Jacksonville,FL,32257-6207
745,5555 Youngstown-Warren Road Niles,OH,44446-4804
746,1816 Gunbarrel Road Chattanooga,TN,37421-3129
747,215 Balsam Street North Cambridge,MN,55008-4814
748,3000 Countryside Drive Turlock,CA,95380-8402
749,11525 East South Street Cerritos,CA,90703-6627
750,3535 South Lacienega Boulevardlos Angeles,CA,90016-4407
751,5711 Sepulveda Boulevard Van Nuys,CA,91411-2918
752,400 Cochituate Road Framingham,MA,01701-4655
753,14920 Raymer Street Van Nuys,CA,91405-1146
754,2545 Whiskey Road Aiken,SC,29803-8521
755,4798 South Moorland Road New Berlin,WI,53151-7486
756,148 John Hunn Brown Road Dover,DE,19901-4708
757,1301 Coolidge Hwy Troy,MI,48084-7017
758,197 Gravois Bluff Plaza Drive Fenton,MO,63026-4013
759,621 West Edgar Road Linden,NJ,07036-3203
760,1225 West Irvington Road Tucson,AZ,85714-1167
761,9666 Olde Us 20 Rossford,OH,43460-1710
762,1300 Ulster Avenue Kingston,NY,12401-1501
763,10204 Two Notch Road Columbia,SC,29229-4386
764,372 Cox Creek Pkwy Florence,AL,35630-1540
765,3885 East Main St St Charles,IL,60174-2400
766,1285 Som Center Road Mayfield Heights,OH,44124-2073
767,35830 Detroit Road Avon,OH,44011-1681
768,5010 Founders Pkwy Castle Rock,CO,80108-7838
769,32351 North Scottsdale Road Scottsdale,AZ,85266-1513
770,12300 Seal Beach Boulevard Seal Beach,CA,90740-2709
771,3471 West Century Boulevard Inglewood,CA,90303-1218
772,630 Main Street Hackensack,NJ,07601-5913
773,9601 Market Place Lake Stevens,WA,98258-7949
774,3121 East Colorado Boulevard Pasadena,CA,91107-3814
775,403 Main Street Billings,MT,59105-3227
776,3250 Us Highway 41 West Marquette Township,MI,49855-9483
777,13731 West Bell Road Surprise,AZ,85374-3871
778,8500 South Main Street Houston,TX,77025-2703
779,1200 South Federal Highway Dearfield Beach,FL,33441-7037
780,200 Running Hill Road South Portland,ME,04106-3258
781,1600 West Arbrook Boulevard Arlington Heights,TX,76015-4107
782,10600 Firestone Boulevard Norwalk,CA,90650-7410
783,13047 Fair Lakes Shopping Centerfairfax,VA,22033-5179
784,7000 North Manheim Road Rosemont,IL,60018-3621
785,8801 Queens Boulevard Elmhurst,NY,11373-4449
786,70 Princeton Highstown Road East Windsor,NJ,08520-1933
787,6275 University Drive Nw Huntsville,AL,35806-1776
788,7110 Youree Drive Shreveport,LA,71105-5107
789,529 Lincoln Street Worcester,MA,01605-1905
790,8199 W.O. Ezell Blvd Spartanburg,SC,29301-2452
791,11750 Commercial Boulevard Fishers,IN,46038-2903
792,3827 Marketplace Drive Nw Rochester,MN,55901-3192
793,111 Pioneer Trail Chaska,MN,55318-1121
794,40 Thf Blvd Chesterfield,MO,63005-1150
795,18255 Blanco Road San Antonio,TX,78258-4000
796,665 Sleater Kinney Road Se Lacey,WA,98503-1007
797,4848 County Road 101 Minnetonka,MN,55345-2635
798,275 South River Road St George,UT,84790-2116
799,9 City Place White Plains,NY,10601-3331
800,6000 Highway 6 Missouri City,TX,77459-4163
801,21001 North Tatum Blvd. Suite 20 Phoenix,AZ,85050-4207
802,9350 W Northern Ave Glendale,AZ,85305-1103
803,1800 Empire Avenue Burbank,CA,91504-3403
804,6845 Sierra Center Parkway Reno,NV,89511-2214
805,895 South State Road 135 Greenwood,IN,46143-9413
806,751 South Route 73 Marlton,NJ,08053-9637
807,10401 North Michigan Road Carmel,IN,46032-7939
808,"2750 Carl T Jones Drive Se, Bldg 7Huntsville",AL,35802-4914
809,1401 W Glade Rd Euless,TX,76039-5417
810,6885 Siegen Ln Baton Rouge,LA,70809-4528
811,11100 Parkside Drive Knoxville,TN,37934-1960
812,1900 Springsteen Rd Rock Hill,SC,29730-6990
813,1001 E 120Th Ave Thornton,CO,80233-5711
814,474 Chamberlain Hwy Meriden,CT,06451-1818
815,79 Commerce Way Seekonk,MA,02771-5816
816,900 Nicollet Mall Minneapolis,MN,55403-2530
817,790 Schillinger Road South Mobile,AL,36695-8912
818,255 Marina Bay Dr Clear Lake Shores,TX,77565-2671
819,"2331 Route 66, Unit E Ocean",NJ,07712-3961
820,4685 Presidential Parkway Macon,GA,31206-8712
821,2929 Watson Blvd Warner Robins,GA,31093-9600
822,2205 Walker Lake Rd Mansfield,OH,44903-6519
823,1201 County Road 581 Wesley Chapel,FL,33543-6698
824,1893 W Malvern Ave Fullerton,CA,92833-2403
825,9100 Rosedale Hwy Bakersfield,CA,93312-2143
826,1400 West Lake Cook Road Wheeling,IL,60090-2239
827,2151 N Power Rd Mesa,AZ,85215-2971
828,4 Henry St Commack,NY,11725-5423
829,4375 Chouteau Trafficway Kansas City,MO,64117-1743
830,1900 Deptford Center Rd Deptford,NJ,08096-5624
831,4241 Lavista Rd Tucker,GA,30084-5310
832,2070 Sam Rittenberg Blvd. Charleston,SC,29407-4605
833,1850 Northwest Chipman Road Lee'S Summit,MO,64081-3938
834,100 Rivers Edge Drive Milford,OH,45150-2585
835,1525 Marketplace Boulevard Cummings,GA,30041-7935
836,725 Hebron Pkwy Lewisville,TX,75057-5001
837,5757 Fairmont Pkwy Pasadena,TX,77505-3905
838,13924 North Pennsylvania Avenueoklahoma City,OK,73134-6021
839,1200 East 2Nd Street Edmund,OK,73034-5317
840,1720 Prien Lake Road West Lake Charles,LA,70601-8361
841,5220 Jimmy Lee Smith Parkway Hiram,GA,30141-2739
842,519 Gateway Dr Brooklyn,NY,11239-2801
843,3020 Route 34 Oswego,IL,60543-8333
844,12800 South State Route 59 Plainfield,IL,60585-5415
845,"371 Putnam Pike, Ste A-250 Smithfield",RI,02917-2440
846,4575 West 11Th Avenue Eugene,OR,97402-5442
847,21500 Northeast Halsey Fairview,OR,97024-8616
848,133 Serramonte Center Daly City,CA,94016-2349
849,2626 Colorado Blvd Los Angeles,CA,90041-1070
850,141 Lakewood Center Mall Lakewood,CA,90712-2419
851,1288 Camino Del Rio N San Diego,CA,92108-1511
852,3600 Rosemead Boulevard Rosemead,CA,91770-2066
853,1400 S Havana St Aurora,CO,80012-4014
854,200 Butler Commons Butler,PA,16001-2485
855,11160 Veirs Mill Rd Wheaton,MD,20902-2538
856,6600 Springfield Mall Springfield,VA,22150-1712
857,5740 North Blackstone Avenue Fresno,CA,93710-5006
858,200 W Orangethorpe Ave Fullerton,CA,92832-2900
859,9800 Se Washington St Portland,OR,97216-2420
860,4200 Portsmouth Boulevard Chesapeake,VA,23321-2100
861,2525 4Th Street Eureka,CA,95501-0823
862,39201 Fremont Blvd Fremont,CA,94538-1301
863,9052 Central Ave Montclair,CA,91763-1621
864,12051 Imperial Hwy Norwalk,CA,90650-3084
865,8800 Whittier Blvd Pico Rivera,CA,90660-2658
866,450 N Capital Ave San Jose,CA,95133-1938
867,1600 Saratoga Ave San Jose,CA,95129-5101
868,"15555 E. 14Th Street, Suite #400 San Leandro",CA,94578-1947
869,1230 S. Longmore Ave. Mesa,AZ,85202-9602
870,601 S Plano Rd Richardson,TX,75081-4512
871,6100 Arlington Blvd Falls Church,VA,22044-2901
872,16825 E Shea Blvd Fountain Hills,AZ,85268-6668
873,984 Gessner Rd Houston,TX,77024-2505
874,8509 State Line Rd Ward Parkway,MO,64114-2723
875,2939 W Addison St Chicago,IL,60618-4635
876,4000 Bel Aire Plaza Napa,CA,94558-2835
877,3699 E. Broadway Blvd. Tucson,AZ,85716-5400
878,180 Somerville Ave Somerville,MA,02143-3405
879,550 Arsenal St Watertown,MA,02472-2853
880,1 Mifflin St Philadelphia,PA,19148-2017
881,16200 Se Mill Plain Blvd Vancouver,WA,98684-9638
882,155 University Dr E Granger,IN,46530-4474
883,3938 Midway Rd Goshen,IN,46526-5854
884,4825A Marburg Ave Cincinnati,OH,45209-5013
885,749 Apollo Dr Lino Lakes,MN,55014-3035
886,4500 Veterans Memorial Blvd Metairie,LA,70006-5330
887,1727 Martin Luther King Jr Blvd Houma,LA,70360-2409
888,1731 Manhattan Blvd Harvey,LA,70058-3409
889,2791 David H Mcleod Blvd Florence,SC,29501-4043
890,3065 Atlanta Hwy Athens,GA,30606-3334
891,2430 Santa Barbara Blvd Cape Coral,FL,33914-4485
892,9220 Ne Barry Rd Liberty,MO,64157-1209
893,21615 S Diamond Lake Rd Rogers,MN,55374-8893
894,20777 Hwy 59 N Humble,TX,77338-2209
895,19511 I H 45 Spring,TX,77338-6015
896,3045 Silverlake Village Dr Pearland,TX,77584-8080
897,17605 Halsted St Homewood,IL,60430-2007
898,1850 Jonesboro Rd Mcdonough,GA,30253-5960
899,6480 Sky Pointe Dr Las Vegas,NV,89131-4038
900,417 Boardman Poland Rd Boardman,OH,44512-4907
901,1204 New Brunswick Ave Phillipsburg,NJ,08865-4124
902,27100 Wixom Rd Novi,MI,48374-1115
903,8200 26 Mile Rd Shelby Township,MI,48316-5132
904,45 Central Ave Clark,NJ,07055-1421
905,"4601 Montgomery Hwy, Ste 300 Dothan",AL,36303-1522
906,4103 Pecanland Mall Dr Monroe,LA,71203-7009
907,3545 N Shiloh Dr Fayetteville,AR,72703-5359
908,14200 E Ellsworth Ave Aurora,CO,80012-1402
909,2499 Whipple Rd Hayward,CA,94544-7807
910,4313 Ambassador Caffery Pkwy Lafayette,LA,70508-6703
911,1140 Commerce Blvd Dickson City,PA,18519-1688
912,3857 State Route 31 Liverpool,NY,13090-1309
913,340 Towne Dr Fayetteville,NY,13066-1371
914,26 Crossing Blvd Clifton Park,NY,12065-4180
915,2070 Thundering Herd Rd Barboursville,WV,25504-2600
916,3600 Mall Road Louisville,KY,40218-5403
917,8201 Federated West Roadway Plantation,FL,33324-2719
918,6625 E Lloyd Expy Evansville,IN,47715-2757
919,3456 W Shore Dr Holland,MI,49424-9699
920,2050 Lime Kiln Rd Green Bay,WI,54311-6264
921,18275 Kenrick Ave Lakeville,MN,55044-7306
922,9846 Mission Gorge Rd Santee,CA,92071-3834
923,2400 N Druid Hills Rd Ne Atlanta,GA,30329-3211
924,6100 Broadmoor St Mission,KS,66202-3229
925,8560 S Cottage Grove Ave Chicago,IL,60619-6116
926,5301 N Garland Ave Garland,TX,75040-2716
927,7400 N 10Th St Mcallen,TX,78504-7709
928,130 State Route 10 Ste 1 East Hanover,NJ,07936-2103
929,1 Sangertown Sq Ste 3 New Hartford,NY,13413-1595
930,450 Azalea Square Blvd Summerville,SC,29483-7321
931,101 Independence Mall Way Kingston,MA,02364-3048
932,330 Turnpike Rd Westborough,MA,01581-2813
933,1490 County Road 220 Orange Park,FL,32003-7927
934,61121 Airport Rd Slidell,LA,70460-6838
935,2640 Enterprise Dr Opelika,AL,36801
936,14500 W Colfax Ave Unit B1 Lakewood,CO,80401-3257
937,3810 Bloomington St Colorado Springs,CO,80922-3203
938,10451 Fairway Dr Roseville,CA,95678-1987
939,12000 Retail Dr Wake Forest,NC,27587-7353
940,594 River Hwy Mooresville,NC,28117-8840
941,3909 E 42Nd St Odessa,TX,79762-5939
942,4500 Macdonald Ave Richmond,CA,94805-2307
943,40 Catherwood Rd Ithaca,NY,14850-1056
944,4250 Rusty Rd St Louis,MO,63128-1973
945,1600 N Cedar Crest Blvd Allentown,PA,18104-2318
946,1004 Andrews Run Hendersonville,TN,37075-1232
947,16901 Miramar Pkwy Miramar,FL,33027-4528
948,7311 Jefferson Blvd Louisville,KY,40219-6178
949,8532 Davis Blvd North Richland Hills,TX,76182-8300
950,4255 Hampton Ave St Louis,MO,63109-2120
951,423 Donald Lynch Blvd Marlborough,MA,01752-4709
952,5959 Long Prairie Rd Flower Mound,TX,75028-2224
953,4750 Millenia Plaza Way Orlando,FL,32839-2434
954,2660 E Hwy 50 Clermont,FL,34711-6034
955,100 Quality Dr Hooksett,NH,03106-2651
956,428 Balltown Rd Schenectady,NY,12304-2245
957,151 Tyler Rd N Red Wing,MN,55066-1865
958,4522 Fredricksburg Rd Balcones Heights,TX,78201-6521
959,4155 S Grand Canyon Dr Las Vegas,NV,89147-7123
960,"715 Blue River Hwy, Po Box 26870 Silverthorne",CO,80498-9224
961,280 Spreckels Ave Manteca,CA,95336-6005
962,8101 Cosumnes River Rd Sacramento,CA,95823-5415
963,7 Stony Hill Road Bethel,CT,06801-1030
964,1300 Long Grove Dr Mount Pleasant,SC,29464-9462
965,3601 N Barr St Muncie,IN,47303-1246
966,5401 Bosque Blvd Waco,TX,76710-4442
967,600 Amherst St Nashua,NH,03063-1002
968,6600 Richmond Hwy Alexandria,VA,22306-6601
969,7644 Voice Of America Center Dr West Chester,OH,45069-2794
970,6128 Broadway St Galveston,TX,77551-1030
971,1801 Highway 287 N Mansfield,TX,76063-7533
972,3808 Twin Creek Dr Bellevue,NE,68123-4163
973,1106 E North Ave Belton,MO,64012-5104
974,3400 Green Mountcrossing Dr Shiloh,IL,62269-7277
975,2365 Us Hwy 93 N Kalispell,MT,59901-2558
976,1737 Reisterstown Rd Pikesville,MD,21208-2907
977,5621 N I H 35 Austin,TX,78723-2431
978,20255 W 154Th St Olathe,KS,66062-7055
979,21 Broad Street Stamford,CT,06901-2309
980,9040 Colerain Ave Cincinnati,OH,45251-2402
981,3660 Marketplace Blvd East Point,GA,30344-5738
982,800 New Los Angeles Ave Moorpark,CA,93021-3585
983,2615 Tuscanny St Corona,CA,92881-4631
984,200 North Market Place Drive Centerville,UT,84014-1752
985,7025 South Park Centre Drive Salt Lake City,UT,84121-6619
986,10130 South State St. Sandy,UT,84070-4118
987,1135 West Riverdale Rd Riverdale,UT,84405-3722
988,175 West Center St. Orem,UT,84057-4607
989,815 West 2000 North Layton,UT,84041-1632
990,15345 W. 119Th St. Olathe,KS,66062-1074
991,12200 Blue Valley Pkwy. Overland Park,KS,66213-2639
992,15700 Shawnee Mission Pkwy Shawnee,KS,66217-9321
993,325 North Alafaya Trail Orlando,FL,32828-7012
994,1135 Woodstock Road Roswell,GA,30075-2231
995,3630 State Road 26 East Lafayette,IN,47905-4807
996,3201 Preston Road Frisco,TX,75034-9446
997,2200 Dallas Parkway Plano,TX,75093-4300
998,8000 Denton Highway Watauga,TX,76148-2464
999,1400 Precinct Line Road Hurst,TX,76053-3828
1000,2135 Southeast Delaware Avenueankeny,IA,50021-4592
1001,1030 Blairs Ferry Road Ne Cedar Rapids,IA,52402-1220
1002,400 Marshall Road Superior,CO,80027-8623
1003,5700 Overton Ridge Boulevard Fort Worth,TX,76132-3220
1004,3400 Edgewood Road Sw Cedar Rapids,IA,52404-7214
1005,4616 Highway 280 Birmingham,AL,35242-5028
1006,1654 Gadsden Highway Trussville,AL,35235-3104
1007,3649 South Hastings Way Eau Claire,WI,54701-8182
1008,16731 Coit Road Dallas,TX,75248-1750
1009,9390 W Cross Dr Littleton,CO,80123-2202
1010,17810 West Center Omaha,NE,68130-2308
1011,7730 West Commercial Boulevardlauderhill,FL,33351-4301
1012,140 Woodstock Square Avenue Woodstock,GA,30189-6500
1013,10711 East 71St Street South Tulsa,OK,74133-2522
1014,3601 32Nd Avenue South Grand Forks,ND,58201-5911
1015,6419 Skillman Street Dallas,TX,75231-7109
1016,11311 Bandera Road San Antonio,TX,78250-6812
1017,16300 Southwest Freeway Sugar Land,TX,77479-2371
1018,1901 13Th Avenue East Tuscaloosa,AL,35404-4785
1019,10209 East Us Highway 36 Avon,IL,46123-7985
1020,4850 East Southport Avenue Indianapolis,IN,46237-3321
1021,2155 Town Center Blvd Orlando,FL,32837-6801
1022,11148 Plum Drive Urbandale,IA,50322-6328
1023,1501 East San Marnan Drive Waterloo,IA,50702-4300
1024,8830 Albemarle Rd Charlotte,NC,28227-2616
1025,8651 Brier Creek Pkwy Raleigh,NC,27617-7325
1026,1771 Dunlawton Ave Port Orange,FL,32127-4757
1027,625 3Rd Ave Ext Rensselaer,NY,12144-5618
1028,10900 Lakeline Mall Blvd Austin,TX,78717-5933
1029,300 W Kingsbridge Rd Bronx,NY,10463-7388
1030,9833 N Alpine Rd Machesney Park,IL,61115-1681
1031,5775 Sunnybrook Dr Sioux City,IA,51106-4247
1032,750 S Randall Rd Algonquin,IL,60102-5915
1033,3265 Berlin Turnpike Newington,CT,06111-5101
1034,227 Highland Ave Salem,MA,01970-1830
1035,14070 Cedar Rd University Heights,OH,44118-3216
1036,4247 S Mooney Blvd Visalia,CA,93277-9146
1037,4301 E Virginia Ave Glendale,CO,80246-1510
1038,115 River Hills Rd Asheville,NC,28805-2550
1039,50 Spring Valley Market Pl Spring Valley,NY,10977-5213
1040,Boulevard Plaza-11000 Roosevelt Blvd Ste 3 Philadelphia,PA,19116-3961
1041,102 Richmond Ranch Rd Texarkana,TX,75503-1081
1042,3702 Ranch Rd 620 S Bee Cave,TX,78738-6304
1043,4400 Centerplace Dr Greeley,CO,80634-3756
1044,608 W Main St American Fork,UT,84003-9762
1045,910 Eastlake Pkwy Chula Vista,CA,91914-3558
1046,2295 N Imperial Ave El Centro,CA,92243-1335
1047,1150 Old Country Rd Riverhead,NY,11901-2073
1048,5769 Lone Tree Way Antioch,CA,94531-8587
1049,2747 Gulf To Bay Blvd Clearwater,FL,33759-3945
1050,800 Commons Pl Manhattan,KS,66503-3001
1051,30 Kingsland Rd Clifton,NJ,07014-1904
1052,4955 Us Hwy 9 Howell,NJ,07731-3750
1053,1040 Timber Dr E. Garner,NC,27529-6913
1054,2576 Berryhill Rd Montgomery,AL,36117-3586
1055,7900 Old Wake Forest Rd Raleigh,NC,27616-3319
1056,14391 Chantilly Crossing Ln Chantilly,VA,20151-2118
1057,2800 Meadowbrook Mall Bridgeport,WV,26330-9795
1058,7250 Rivers Ave North Charleston,SC,29406-4625
1059,"578 Aviation Rd, Suite 1S Queensbury",NY,12804-1803
1060,11990 Business Park Blvd N Champlin,MN,55316-2005
1061,1500 109Th Ave Ne Blaine,MN,55449-4670
1062,14333 Hwy 13 Savage,MN,55378-2153
1063,1931 Campus Ave Upland,CA,91784-1667
1064,"70 Worcester Providence Turnpike, Ste 100 Millbury",MA,01527-2652
1065,739 N Highway 67 Cedar Hill,TX,75104-2142
1066,1801 W Bay Area Blvd Webster,TX,77598-3403
1067,3425 W Frye Rd Chandler,AZ,85226-5008
1068,367 Russell St Hadley,MA,01035-9456
1069,1201 W 136Th St Kansas City,MO,64145-1647
1070,8282 Golden Link Blvd. Northfield,OH,44067-2067
1071,8101 W 151St Overland Park,KS,66223-2113
1072,2755 Canyon Springs Pkwy Riverside,CA,92507-0932
1073,475 N Germantown Pkwy Cordova,TN,38018-6209
1074,"100 Commerce Blvd, Ste 103 Wilkes-Barre",TOWNSHIPPA,18702-6832
1075,3424 College Ave San Diego,CA,92115-7134
1076,25925 Sw Heather Pl Wilsonville,OR,97070-5785
1077,"1300 E. 86Th St., Suite 35 Indianapolis",IN,46240-1990
1078,139 Flatbush Ave. Brooklyn,NY,11217-1403
1079,3730 Belt Line Rd Addison,TX,75001-4301
1080,6705 Camino Arroyo Gilroy,CA,95020-7075
1081,3227 Se Military Dr San Antonio,TX,78223-3876
1082,6331 Roosevelt Blvd. Jacksonville,FL,32244-3303
1083,5700 Bou Ave Rockville,MD,20852-1663
1084,60 Longview Dr Bangor,ME,04401-3629
1085,2001 South Rd. Poughkeepsie,NY,12601-5978
1086,1090 Stafford Market Place Stafford,VA,22556-4523
1087,312 Connor Dr Charlottesville,VA,22911-5605
1088,4005 Highway 98 N. Lakeland,FL,33809-3815
1089,8315 N Rockwell Ave Oklahoma City,OK,73132-4220
1090,4160 Town Center Rd Sherman,TX,75092-2567
1091,10424 Trinity Pkwy Stockton,CA,95219-7225
1092,9615 E Old Spanish Trl Tucson,AZ,85748-7540
1093,381 Mount Hope Ave. Rockaway,NJ,07866-1645
1094,7101 Tonnelle Ave. North Bergen,NJ,07047-4507
1095,100 Willow Park Ctr Farmingdale,NY,11735-1009
1096,78935 Us Hwy 111 La Quinta,CA,92253-2072
1097,21365 Sw Baler Way Sherwood,OR,97140-8989
1098,27320 W Lugonia Ave Redlands,CA,92374-2041
1099,694 Fairview Rd Simpsonville,SC,29680-6708
1100,403 Constant Friendship Blvd Abingdon,MD,21009-2566
1101,4037 Durham Chapel Hill Rd Durham,NC,27707-2516
1102,13301 Whitney Rd. Gainesville,VA,20155-2983
1103,1200 Edwards Ferry Rd. Leesburg,VA,20176-3318
1104,2251 York Crossing Dr York,PA,17408-4753
1105,69320 Highway 21 Covington,LA,70433-7220
1106,3100 Hwy 365 Ste 90 Port Aurthur,TX,77642-7796
1107,2966 E 3Rd St Bloomington,IN,47401-5424
1108,4433 S Pulaski Rd Chicago,IL,60632-4010
1109,4085 State Highway 28 Sheboygan Falls,WI,53085-2848
1110,1111 Brook Forest Ave Shorewood,IL,60431-8845
1111,7601 Kingery Hwy Willowbrook,IL,60527-5538
1112,8801 N.E. Hazel Dell Ave. Vancouver,WA,98665-8145
1113,7100 Santa Monica Blvd West Hollywood,CA,90046-5802
1114,2003 Broadway Mall Hicksville,NY,11801-2719
1115,100 14Th St. Jersey City,NJ,07310-1202
1116,500 East Sandford Blvd. Mount Vernon,NY,10550-4784
1117,4050 N. Harlem Ave. Norridge,IL,60706-1202
1118,1154 S. Clark Street Chicago,IL,60605-2159
1119,"3500 East West Highway, Ste 1200Hyattsville",MD,20782-5003
1120,501 Elsinger Blvd. Conway,AR,72032-4717
1121,4191 The Circle At North Hill Street Raleigh,NC,27609-5712
1122,5115 Leesburg Pike Falls Church,VA,22041-3207
1123,25901 Highway 290 Cypress,TX,77429-1099
1124,1501 Miller Park Way West Milwaukee,WI,53214-3654
1125,530 Randall Rd. South Elgin,IL,60177-3315
1126,3101 Donnell Drive District Heights,MD,20747-3204
1127,7 Allstate Rd Dorchester,MA,02125-1663
1128,5405 Mill Civic Parkway West Des Moines,IA,50266-5303
1129,1400 E. Ireland Rd. South Bend,IN,46614-3452
1130,28201 Diehl Rd. Warrenville,IL,60555-3934
1131,14302 Fm 2920 Rd. Tomball,TX,77377-5504
1132,2140 E. Baseline Phoenix,AZ,85042-6910
1133,140 N. 12Th Avenue Hanford,CA,93230-5971
1134,325 New Byhalia Rd. Collierville,TN,38017-3705
1135,23710 Westheimer Pkwy. Katy,TX,77494-3605
1136,14065 Abercorn Street Savannah,GA,31419-1964
1137,1865 N. National Rd. Columbus,IN,47201-5194
1138,3100 W. Route 60 Mundelein,IL,60060-4267
1139,8005 Calumet Ave. Munster,IN,46321-1217
1140,919 Highway D Osage Beach,MO,65065-3169
1141,675 Troy Schnectady Road Latham,NY,12110-2505
1142,2 Universal Drive N. North Haven,CT,06473-3117
1143,4 Centerton Road Mount Laurel,NJ,08054-6102
1144,4795 W. Irlo Bronson Memorial Hwy. Kissimmee,FL,34746-5332
1145,"3000 E Highland Dr , Suite A Jonesboro",AR,72401-6357
1146,170 Promenade Blvd. Flowood,MS,39232-8017
1147,13740 Beach Blvd Jacksonville,FL,32224-1208
1148,200 N.W. John Jones Drive Burleson,TX,76028-5615
1149,6090-A Garners Ferry Road Columbia,SC,29209-0600
1150,6525 W. Diversey Avenue Chicago,IL,60707-2312
1151,8989 S Howell Ave Oak Creek,WI,53154-3803
1152,1057 Eastshore Hwy. Albany,CA,94710-1011
1153,879 Blossom Hill Road San Jose,CA,95123-1213
1154,10445 Reed Street Westminster,CO,80021-6063
1155,5000 Hadley Center Dr South Plainfield,NJ,07080-1140
1156,91 Taunton St Plainville,MA,02762-1237
1157,7107 Forest Hill Ave Richmond,VA,23225-1501
1158,1201 Beaver Creek Commons Driveapex,NC,27502-3922
1159,6119 Stellhorn Road Fort Wayne,IN,46815-5357
1160,8455 N. Wickham Road Viera,FL,32940-6607
1161,10155 Okeechobee Blvd. West Palm Beach,FL,33411-1404
1162,1441 W. 17Th Street Santa Ana,CA,92706-3301
1163,6025 Wade Hampton Blvd. Taylors,SC,29687-5334
1164,6717 Ritchie Hwy. Glen Burnie,MD,21061-2318
1165,3414 8Th Street S.W. Altoona,IA,50009-1024
1166,4341 Feedwire Road Dayton,OH,45440-3970
1167,500 N Congress Ave Lake Park,FL,33403-3802
1168,36 Furlong Dr Revere,MA,02151-4006
1169,7575 Maple Street Wichita,KS,67209-2013
1170,10800 E. 21St Street N. Wichita,KS,67206-3542
1171,2727 Maize Road Wichita,KS,67205-7311
1172,3369 Princeton Road Hamilton,OH,45011-5389
1173,2201 S. Commons Federal Way,WA,98003-6023
1174,2975 Horseblock Rd Medford,NY,11763-2526
1175,5001 University Towne Center Drmorgantown,WV,26501-2267
1176,1001 S Sutton Rd Streamwood,IL,60107-2332
1177,355 W Mound Rd Decatur,IL,62526-1965
1178,1272 Town & Country Crossing Drchesterfield,MO,63017-0605
1179,11220 Fm 2222 Austin,TX,78730-1001
1180,195A N Bedford Rd Mount Kisco,NY,10549-1104
1181,25 Boston Post Rd Orange,CT,06477-3203
1182,120 Hawley Ln Trumbull,CT,06611-5347
1183,9400 192Nd Ave E Bonney Lake,WA,98391-8564
1184,15272 Summit Ave Fontana,CA,92336-5489
1185,5110 S Power Rd Mesa,AZ,85212-4201
1186,3931 S Gilbert Rd Gilbert,AZ,85296-7004
1187,12471 Limonite Ave Mira Loma,CA,91752-2457
1188,1316 N Highway 77 Waxahachie,TX,75165-5116
1189,3064 Columbia Ave Franklin,TN,37064-7424
1190,1275 Caroline St Ne Atlanta,GA,30307-2705
1191,86 Orchard Hill Park Dr Leominster,MA,01453-7020
1192,1201 W P Ball Blvd Sanford,FL,32771-7204
1193,2900 Little Road Trinity,FL,34655-4420
1194,7235 Bell Creek Rd Mechanicsville,VA,23111-3503
1195,4211 Trueman Blvd Hilliard,OH,43026-2480
1196,1330 Martin Blvd Middle River,MD,21220-4104
1197,10025 E Highland Rd Howell,MI,48843-1879
1198,3955 E Broad St Whitehall,OH,43213-1130
1199,3700 Bradfordville Rd Tallahassee,FL,32309-1943
1200,4567 River City Dr Jacksonville,FL,32246-7411
1201,300 Meyerland Plaza Mall Houston,TX,77096-1611
1202,7400 S Gartrell Rd Aurora,CO,80016-4236
1203,"5201 N Belt Hwy, Suite H St Joseph",MO,64506-1297
1204,55 Graceland Blvd Columbus,OH,43214-7508
1205,8223 State Highway 151 San Antonio,TX,78245-2104
1206,1601 Kingdale Ave Redondo Beach,CA,90278-3928
1207,122 E Interstate 20 Weatherford,TX,76087-8556
1208,"1021 W University, #B3 Georgetown",TX,78628-5332
1209,780 Old Hickory Blvd Brentwood,TN,37027-4527
1210,1750 Story Rd San Jose,CA,95122-1921
1211,2900 Veterans Rd W Staten Island,NY,10309-2502
1212,10401 Martin Luther King Jr Hwy Bowie,MD,20720-4201
1213,6604 Lake Worth Blvd Lake Worth,TX,76135-3004
1214,220 S River Rd Bedford,NH,03110-6819
1215,6636 N 73Rd Plaza Omaha,NE,68122-1803
1216,17 Mckenna Rd Arden,NC,28704-9201
1217,5120 28Th Street Se Grand Rapids,MI,49512-2049
1218,1925 Market Place Dr Caledonia,MI,49316-8511
1219,24646 Brookpark Rd North Olmsted,OH,44070-3482
1220,4310 Fortuna Center Plaza Dumfries,VA,22025-1538
1221,695 W Herndon Ave Clovis,CA,93612-0104
1222,15614 Whittwood Ln Whittier,CA,90603-2324
1223,8999 Balboa Blvd Northridge,CA,91325-2608
1224,5071 Kipling St Wheat Ridge,CO,80033-2251
1225,5800 S University Dr Davie,FL,33328-6102
1226,10001 Commons St Lone Tree,CO,80124-5547
1227,128 Bailey Farm Rd Monroe,NY,10950-4949
1228,2000 Bunker Lake Blvd Nw Andover,MN,55304-3900
1229,"20700 S Avalon Blvd, Suite 750 Carson",CA,90746-3724
1230,4223 Washington Rd Evans,GA,30809-3069
1231,2370 E Lincoln Hwy New Lenox,IL,60451-9533
1232,110 Meadow Ln Glenwood Springs,CO,81601-9516
1233,19105 Golden Valley Rd Santa Clarita,CA,91387-1428
1234,6100 Paseo Del Norte N.E. Albuquerque,NM,87113-1512
1235,3770 N Goldenrod Rd Winter Park,FL,32792-8832
1236,3100 Fairlane Dr Allen Park,MI,48101-2870
1237,101 N Cattlemen Rd Sarasota,FL,34243-4700
1238,7300 191St Street Tinley Park,IL,60487-9361
1239,100 Perimeter Center Pl N.E. Atlanta,GA,30346-1204
1240,1475 University Dr Burlington,NC,27215-8768
1241,1050 Ridge Rd Webster,NY,14580-2908
1242,1544 N Dale Mabry Hwy Tampa,FL,33607-2551
1243,5901 Douglas Ave Des Moines,IA,50322-3303
1244,301 Carroll St Ft Worth,TX,76107-1956
1245,11501 W 97Th St Overland Park,KS,66214-2289
1246,1980 Lincoln Way E Massillon,OH,44646-6965
1247,1191 Boston Post Rd Milford,CT,06460-2763
1248,1750 Robert St S West St Paul,MN,55118-3919
1249,9885 Wicker Ave St John,IN,46373-9413
1250,9882 Adams Ave Huntington Beach,CA,92646
1251,7930 Northfield Blvd Denver,CO,80238-3527
1252,5579 Highway 153 Hixson,TN,37343-3748
1253,"6143 Us Hwy 98, Suite 80 Hattiesburg",MS,39402-8533
1254,2625 Peachtree Pkwy Suwanee,GA,30024-1048
1255,5405 Washington Pike Knoxville,TN,37918-7000
1256,716 N Us Hwy 441 The Villages,FL,32159-3194
1257,1000 Gulf Center Dr Ft Myers,FL,33913-ND
1258,7305 S.E. 29Th St Midwest City,OK,73110-6122
1259,17450 Us Hwy 441 Mount Dora,FL,32757-6748
1260,2415 Tarpon Bay Blvd Naples,FL,34119-8764
1261,7150 Us 19 N Pinellas Park,FL,33781-ND
1262,5900 State Rd 7 Lake Worth,FL,33449-5404
1263,6801 Fm 1960 Rd W Houston,TX,77069-3803
1264,10201 Hagen Ranch Rd Boynton Beach,FL,33437-3758
1265,1125 Veterans Pkwy Clarksville,IN,47129-2371
1266,8210 Renaissance Pkwy Durham,NC,27713-6688
1267,4144 Buckeye Pkwy Grove City,OH,43123-8175
1268,1995 E Market St Harrisonburg,VA,22801-3433
1269,2385 Covered Bridge Dr Lancaster,PA,17602-1133
1270,620 George Washington Hwy Lincoln,RI,02865-4216
1271,2901 W Hwy 74 Monroe,NC,28110-8435
1272,2725 Castor Ave Philadelphia,PA,19134-ND
1273,50 Rte 17 K Newburgh,NY,12550-3918
1274,288 Mt Nebo Pointe Dr Pittsburgh,PA,15237-1317
1275,1940 W 33Rd St Chicago,IL,60608-6107
1276,2112 W Peterson Ave Chicago,IL,60659-4277
1277,9841 Northlake Center Pkwy Charlotte,NC,28216-8930
1278,800 Broadview Village Sq Broadview,IL,60155-4887
1279,7530 Orangethorpe Ave Buena Park,CA,90621-3429
1280,1450 S Yuma Palms Pkwy Yuma,AZ,85365-1707
1281,1235 Point Mallard Pkwy Se Decatur,AL,35601-6531
1282,853 Harbor Blvd Destin,FL,32541-2709
1283,8100 E Broad St Reynoldsburg,OH,43068-8019
1284,4120 W 95Th St Oak Lawn,IL,60453
1285,533 Coleman Ave San Jose,CA,95110-2047
1286,2001 Millerville Rd Baton Rouge,LA,70816-1408
1287,9870 Rea Rd Charlotte,NC,28277-6655
1288,3352 Cobb Pkwy Nw Acworth,GA,30101-8304
1289,3599 W Hillsboro Blvd Deerfield Beach,FL,33442-9404
1290,2580 Shearn Houston,TX,77007
1291,9010 N 121St East Ave Owasso,OK,74055-5373
1292,2425 Claribel Rd Riverbank,CA,95367-9456
1293,1200 Branson Hills Pkwy Branson,MO,65616-9943
1294,226 Westminster Dr Carlisle,PA,17013-3117
1295,87 Wagner Rd Monaca,PA,15061-2421
1296,1515 County Road B W Roseville,MN,55113-6005
1297,160 N Research Pl Central Islip,NY,11722-4458
1298,7955 Highway N Dardenne Prairie,MO,63368-7382
1299,4004 Rte 130 N Delran,NJ,08075-2414
1300,3255 Owen Rd Fenton,MI,48430-1755
1301,6321 Mckee Rd Fitchburg,WI,53719-5017
1302,1628 Highwoods Blvd Greensboro,NC,27410-2048
1303,1750 W 37Th St Hialeah,FL,33012-4687
1304,6450 Ne Keizer Station Blvd Keizer,OR,97303-1695
1305,1000 Shoppes At Midway Dr Knightdale,NC,27545-7313
1306,1910 Bob Bullock Loop Laredo,TX,78043-9733
1307,20877 Hall Rd Macomb,MI,48044-4526
1308,8931 Rte 30 North Huntingdon,PA,15642-2791
1309,3601 N Freeway Blvd Sacramento,CA,95834-2902
1310,1040 Dale Mabry Hwy Lutz,FL,33548-3004
1311,1183 Williams Reserve Blvd Wadsworth,OH,44281-9314
1312,46 Ash Brook Rd Keene,NH,03431-5918
1313,1401 Johnson Ferry Rd Marietta,GA,30062-6495
1314,2800 Sutton Rd Hoffman Estates,IL,60192-3717
1315,11525 S Parkway Plaza Dr South Jordan,UT,84095-8018
1316,4000 Monument Rd Philadelphia,PA,19131-1608
1317,7200 Dodge St Omaha,NE,68114-3673
1318,"401 S Mt Juliet Rd, Ste 600 Mt Juliet",TN,37122-6309
1319,655 Cheshire Rd Lanesborough,MA,01237-9501
1320,"900 Spectrum Center Dr, Irvine",CA,92618-4958
1321,1209 Peachtree Pkwy N Peachtree City,GA,30269-1743
1322,125 Topsham Fair Mall Rd Topsham,ME,04086-1741
1323,1824 E Ridge Pike Royersford,PA,19468-2819
1324,12830 Walker Branch Dr Charlotte,NC,28273-8850
1325,60 Shining Willow Way La Plata,MD,20646-4224
1326,1090 S Main St Kernersville,NC,27284-7440
1327,7900 32Nd St N Oakdale,MN,55128-4054
1328,10302 156Th St E Puyallup,WA,98374-9321
1329,375 18Th St Atlanta,GA,30363
1330,9785 Jefferson Davis Hwy Fredericksburg,VA,22407-9406
1331,8605 Westheimer Dr Houston,TX,77063-4201
1332,4040 N Oracle Rd Tucson,AZ,85705-2700
1333,2235 Springfield Ave Vauxhall,NJ,07088-1100
1334,8900 State Hwy 121 Mc Kinney,TX,75070-2917
1335,6700 Topanga Canyon Blvd Canoga Park,CA,91303-2624
1336,12701 Fm 1960 Rd W Houston,TX,77065-4014
1337,1801 S Loop 288 Denton,TX,76205-4801
1338,4400 N State Road 7 Coral Springs,FL,33073-3353
1339,2370 S Azusa Ave West Covina,CA,91792-1510
1340,9830 W Lower Buckeye Rd Tolleson,AZ,85353-9424
1341,7779 S Jordan Landing Blvd West Jordan,UT,84084
1342,2300 Park Ave Tustin,CA,92782-2702
1343,301 E Morrison Rd Brownsville,TX,78526
1344,400 Oxford Exchange Blvd Oxford,AL,36203
1345,3820 Gulf Shores Pkwy Gulf Shores,AL,36542-2819
1346,463737 State Rd 200 Yulee,FL,32097-8652
1347,300 Chase Ave Waterbury,CT,06704-2246
1348,1144 State Rte 303 Streetsboro,OH,44241-5266
1349,930 County Rd 64 Elmira,NY,14903-9704
1350,4020 Milan Rd Sandusky,OH,44870-5892
1351,18855 N Market Place Dr Aurora,OH,44202
1352,25601 Jeronimo Rd Mission Viejo,CA,92691-2794
1353,4100 Blue Diamond Rd Las Vegas,NV,89139-7717
1354,3150 Business Park Dr Vista,CA,92081-8520
1355,430 Mariner Way Biddeford,ME,04005-9440
1356,479 State Rd North Dartmouth,MA,02747-4309
1357,3401 Raleigh Rd Pkwy W Wilson,NC,27896
1358,6150 Bayfield Pkwy Concord,NC,28027
1359,2100 N 2Nd St Millville,NJ,08332-1304
1360,2539 Piedmont Rd Ne Atlanta,GA,30324-3006
1361,600 Hatton Rd Glen Mills,PA,19342-3317
1362,385 Centre Ave Abington,MA,02351-2209
1363,2195 Hwy 20 Se Conyers,GA,30013-2028
1364,25 S Gateway Dr Fredericksburg,VA,22406-1228
1365,"1800 E Rio Salado Pkwy., Ste 120 Tempe",AZ,85281-2266
1366,1800 Orchard Gateway Blvd North Aurora,IL,60542
1367,2400 S Telegraph Rd Bloomfield Hills,MI,48302-0255
1368,747 Grand Ave Diamond Bar,CA,91765-8400
1369,1447 E 7Th St Monticello,MN,55362
1370,487 Cross Keys Rd Sicklerville,NJ,08081
1371,11 Andrews Rd Somersworth,NH,03878-1042
1372,2171 Prairie Center Pkwy Brighton,CO,80601
1373,120 Matthew Dr Uniontown,PA,15401-8418
1374,19661 Hesperian Blvd Hayward,CA,94541
1375,4600 High Pointe Blvd Harrisburg,PA,17111-2447
1376,17502 Lacantera Pkwy San Antonio,TX,78257-8202
1377,3401 N Miami Ave Miami,FL,33127
1378,8900 Hwy 7 St Louis Park,MN,55426-3919
1379,6064 Brownfield Rd Lubbock,TX,79407-3726
1380,4920 Transit Rd Depew,NY,14043-4625
1381,16818 Twin Lakes Ave Marysville,WA,98271-4724
1382,15300 Grove Circle N Osseo,MN,55369-4469
1383,600 S 7Th St Bismarck,ND,58504
1384,18287 Collier Ave Lake Elsinore,CA,92530-2755
1385,5601 Nw 183Rd St Miami Gardens,FL,33055-2305
1386,14451 Orchard Pkwy Westminster,CO,80023-9174
1387,2600 S 108Th St West Allis,WI,53227-1926
1388,755 53Rd Ave Ne Fridley,MN,55421-1240
1389,4801 Mc Knight Rd Pittsburgh,PA,15237-3423
1390,"6416 Carlisle Pike, Ste 1900 Mechanicsburg",PA,17050-2384
1391,233 Carmichael Way Chesapeake,VA,23322
1392,7377 Alcoa Rd Bryant,AR,72022-6204
1393,23912 Commercial Dr Rosenberg,TX,77471-6204
1394,16300 N Marketplace Blvd Nampa,ID,83687
1395,30333 Southfield Rd Southfield,MI,48076-1352
1396,15555 Starfish St Panama City Beach,FL,32413-2457
1397,650 N Congress Ave Boynton Beach,FL,33426-3445
1398,500 Medley Centre Pkwy Irondequoit,NY,14622-2466
1399,1598 Flatbush Ave Brooklyn,NY,11210-3036
1400,1075 Kennedy Rd Windsor,CT,06095-1308
1401,950 Groveland Ave Lincoln,CA,95648
1402,1874 Joe Battle Blvd El Paso,TX,79936-0962
1403,3801 Coldwater Rd Fort Wayne,IN,46805-1198
1404,551 S Hover Rd Longmont,CO,80501-7920
1405,11150 S Twenty Mile Rd Parker,CO,80134
1406,1400 24Th Ave Nw Norman,OK,73069-6385
1407,9670 Prominent Pt Colorado Springs,CO,80924-5000
1408,10900 Stadium Pkwy Kansas City,KS,66111-8100
1409,300 Clydesdale Trl Medina,MN,55340-4538
1410,3600 Nolana Ave Mc Allen,TX,78504-4594
1411,1985 Sheridan Blvd Edgewater,CO,80214-1325
1412,3100 W 117Th St Cleveland,OH,44111-1747
1413,24890 N Lake Pleasant Pkwy Peoria,AZ,85383-1348
1414,3531 Steelyard Dr Cleveland,OH,44109-2387
1415,1300 University Ave W St Paul,MN,55104-4185
1416,29451 Plymouth Rd Livonia,MI,48150-2112
1417,300 Cabela Dr Triadelphia,WV,26059
1418,3060 Plaza Bonita Rd National City,CA,91950-8004
1419,9525 Crosshill Blvd Jacksonville,FL,32222
1420,4701 Lakeview Pkwy Rowlett,TX,75088-4037
1421,10150 Bloomingdale Ave Riverview,FL,33578-3612
1422,16806 N 7Th St Phoenix,AZ,85022-6698
1423,2427 E U.S. Expwy 83 Mission,TX,78572
1424,3155 Silver Creek Rd San Jose,CA,95121-1730
1425,22832 Us Hwy 281 N San Antonio,TX,78258-7430
1426,6814 Charlotte Pike Nashville,TN,37209
1427,913 Norland Ave Chambersburg,PA,17201-4213
1428,5270 S State Hwy 360 Grand Prairie,TX,75052-8307
1429,"900 Metropolitan Ave, Ste 2 Charlotte",NC,28204-3262
1430,4200 E 4Th St Ontario,CA,91764-5250
1431,610 N West End Blvd Quakertown,PA,18951-4100
1432,94 State Rte 23 Riverdale,NJ,07457-1208
1433,10720 Sw Village Center Dr Port St Lucie,FL,34987-2188
1434,20 W Main St Ansonia,CT,06401-1812
1435,15341 Mantunus Dr Culpeper,VA,22701
1436,9777 76Th St Pleasant Prairie,WI,53158-1990
1437,1061 Cochrane Rd Morgan Hill,CA,95037
1438,21800 Towne Center Dr Watertown,NY,13601-5898
1439,2310 Metropolitan Pkwy Sterling Heights,MI,48310-4209
1440,1851 Vernaci Dr Washington,MO,63090-6174
1441,4196 Us Hwy 1 Monmouth Junction,NJ,08852-1904
1442,1 Hawes Way Stoughton,MA,02072-1162
1443,"3100 14Th St Nw, Ste 201 Washington",DC,20010-2444
1444,20288 Us Hwy 18 Apple Valley,CA,92307-2937
1445,3650 Riverpoint Pkwy Sheridan,CO,80110-3312
1446,550 Grandview Crossing Dr Gibsonia,PA,15044-7105
1447,4647 Promenade Way Matteson,IL,60443-2981
1448,3343 Daniels Rd Winter Garden,FL,34787
1449,9600 Westview Dr Coral Springs,FL,33067
1450,20900 Westgate Fairview Park,OH,44126-1320
1451,41 Robert Dr Easton,MA,02375-1352
1452,2005 Town Center Plz West Sacramento,CA,95691-4957
1453,"3055 Columbia Blvd, Ste 101 Titusville",FL,32780-7865
1454,4400 Town Center Blvd El Dorado Hills,CA,95762-7130
1455,1911 Town Centre Blvd Annapolis,MD,21401-3020
1456,45130 Columbia Pl Sterling,VA,20166-2500
1457,2735 Beene Blvd Bossier City,LA,71111-5491
1458,2754 Legends Pkwy Prattville,AL,36066-7748
1459,1621 S Alameda St Compton,CA,90220-4973
1460,250 S Colonial Dr Alabaster,AL,35007-4657
1461,5119 Sunset Blvd Lexington,SC,29072-9155
1462,"3550 S General Bruce Dr., Ste A-100Temple",TX,76504-5133
1463,4727 Hwy 90 Pace,FL,32571-1403
1464,2700 W 120Th St Hawthorne,CA,90250-3388
1465,2161 Monterey Hwy San Jose,CA,95125-1057
1466,"3092 N Eastman Rd, Ste 100 Longview",TX,75605-5093
1467,4001 Phoenix Ave Fort Smith,AR,72903-6099
1468,67 Pleasant Valley St Methuen,MA,01844-7202
1469,9500 S Ih 35 Ste G Austin,TX,78748-1753
1470,11627 W Hillsborough Ave Tampa,FL,33635-9736
1471,1215 N Landing Way Renton,WA,98057-5521
1472,"2421 Cranberry Hwy, Ste 110 Wareham",MA,02571-5022
1473,349 S Weber Rd Romeoville,IL,604465061
1474,811 Town Center Dr Waynesboro,VA,22980-9262
1475,8061 Brewerton Rd Cicero,NY,13039-8061
1476,200 Marquis Pkwy Williamsburg,VA,23185-5371
1477,10 Crooked Run Plaza Front Royal,VA,22630-7004
1478,6445 Richfield Pkwy Richfield,MN,55423-6400
1479,200 Glynn Isle Brunswick,GA,31525-2929
1480,4220 N 5Th St Hwy Temple,PA,19560-1738
1481,8201 S 40Th St Lincoln,NE,68516-3005
1482,200 Westminster Mall Westminster,CA,92683-4984
1483,1922 E Main St Torrington,CT,06790-3101
1484,133 General Stilwell Dr Marina,CA,93933-6242
1485,2195 Glendale Galleria Glendale,CA,91210
1486,16600 Highlands Center Blvd Bristol,VA,24202-4301
1487,27100 Eucalyptus Ave Moreno Valley,CA,92555-4522
1488,28539 Marlboro Ave Easton,MD,21601
1489,1200 Baltimore Pike Springfield,PA,19064-2701
1490,7000 York Ave S Edina,MN,55435-4285
1491,2941 Queensgate Dr Richland,WA,99352-9101
1492,43 Crossing Way Augusta,ME,04330-6184
1493,1890 Ne Pine Island Rd Cape Coral,FL,33909-1733
1494,8040 Mediterranean Dr Estero,FL,33928-8304
1495,950 E 33Rd St Signal Hill,CA,90755-5114
1496,1801 Gulf Fwy Dickenson,TX,77539-3207
1497,4611 Maine Ave Se Rochester,MN,55904-6929
1498,9669 Mentor Ave Mentor,OH,44060-4528
1499,9900 Sowder Village Sq Manassas,VA,20109-5464
1500,3657 W Genesee St Syracuse,NY,13219-2003
1501,35 Computer Dr Haverhill,MA,01832-1236
1502,16959 Evans Plaza Omaha,NE,68116-2388
1503,5057 Harvey St Muskegon,MI,49444-9795
1504,651 W Sepulveda Blvd Carson,CA,90745-6314
1505,11133 Balboa Blvd Granada Hills,CA,91344-4204
1506,5601 Belleville Crossing St Belleville,IL,62226-3104
1507,1907 E Victory Dr Savannah,GA,31404-3714
1508,"2626 E Stone Dr, Ste 90 Kingsport",TN,37660-5848
1509,5610 Roswell Rd Sandy Springs,GA,30342-1102
1510,39739 Lbj Fwy Dallas,TX,75237-3560
1511,2025 N Central Expwy Mckinney,TX,75070-2911
1512,9001 Staples Mill Rd Richmond,VA,23228-2022
1513,4885 Eldorado Pkwy Frisco,TX,75034-8662
1514,1801 E Parks Hwy Wasilla,AK,99654-7350
1515,810 County Rd 42 W Burnsville,MN,55337-4492
1516,10404 N 43Rd Ave Glendale,AZ,85302-2019
1517,"1101 C-Bar Ranch Trl, Lot #2 Cedar Park",TX,78613
1518,3530 Wolverine Dr Montrose,CO,81401-4952
1519,11840 S Marshfield Ave Chicago,IL,60643-4902
1520,1883 Wentzville Pkwy Wentzville,MO,63385-3896
1521,762 Arlington Rdg Akron,OH,44312-5269
1522,16858 Golden Valley Pkwy Lathrop,CA,95330-8535
1523,660 N Edwards Blvd Lake Geneva,WI,53147-4595
1524,2195 E Prosperity Ave Tulare,CA,93274-7754
1525,38019 47Th St E Palmdale,CA,93552-3103
1526,8000 Oak Point Rd Amherst,OH,44001-9654
1527,5715 N 19Th Ave Phoenix,AZ,85015-2433
1528,3489 Lowery Pkwy Fultondale,AL,35068-1677
1529,32858 Fm 2978 Rd Magnolia,TX,77354-6073
1530,7437 S Olympia Ave W Tulsa,OK,74132-1838
1531,1970 Hilliard Rome Rd Hilliard,OH,43026-7566
1532,1405 W Pacheco Blvd Los Banos,CA,93635-8506
1533,803 Industrial Blvd Smyrna,TN,37167-6865
1534,5065 Main St Trumbull,CT,06611-4204
1535,1033 Crossings Blvd Spring Hill,TN,37174-2755
1536,"15880 San Carlos Blvd, Ste 101 Ft Myers",FL,33908-3378
1537,5100 E Hwy 100 Palm Coast,FL,32164-2365
1538,21398 S Ellsworth Loop Rd Queen Creek,AZ,85242-5379
1539,5000 Grandview Pkwy Davenport,FL,33837-2300
1540,4570 Frontage Rd Nw Cleveland,TN,37312-2905
1541,3699 Hwy 95 Bullhead City,AZ,86442-9119
1542,9350 Dynasty Dr Ft Myers,FL,33905-5574
1543,3200 Rolling Oaks Blvd Kissimmee,FL,24747-3052
1544,"1200 N Muldoon Rd, Ste F Anchorage",AK,99504-6103
1545,"150 W 100Th Ave, Ste A Anchorage",AK,99515-2673
1546,4466 N Broadway St Chicago,IL,60640-5660
1547,"201 E Central Texas Expy, Ste 300Harker Heights",TX,76548-2747
1548,4889 Promenade Pkwy Bessemer,AL,35022-7305
1549,120 W Grant St Orlando,FL,32806-3932
1550,3225 Louisiana Ave Lafayette,LA,70501-1406
1551,1652 N Beecher Rd Yorkville,IL,60560-5602
1552,191 Market St Winchester,VA,22603-4750
1553,"517 E 117Th St, Ste 201 New York",NY,10035-4410
1554,900 Bergen Town Ctr Paramus,NJ,07652-5005
1555,4300 Veterans Memorial Dr Batavia,NY,14020-1258
1556,"12500 ""K"" Plaza Omaha",NE,68137-2207
1557,675 Woodbury Glassboro Rd Sewell,NJ,08080-3733
1558,2661 Freeport Rd Pittsburgh,PA,15238-1441
1559,1000 Commerce Ave Atwater,CA,95301-5213
1560,5865 Spout Springs Rd Flowery Branch,GA,30542-3448
1561,7800 S Lovers Lane Rd Franklin,WI,53132-2290
1562,6931 Fm 1960 Rd E Atascocita,TX,77346-2705
1563,15560 Pilot Knob Rd Apple Valley,MN,55142-7286
1564,"6101 N Keystone Ave, Ste 200 Indianapolis",IN,46220-2488
1565,209 Stafford Park Blvd Manahawkin,NJ,08050-2734
1566,3201 Tioga Pkwy Baltimore,MD,21215-7987
1567,15922 Crain Hwy Se Brandywine,MD,20613-8000
1568,6350 Weddington Rd Wesley Chapel,NC,28104-7925
1569,2233 Upton Dr Virginia Beach,VA,23451-1186
1570,1000 W Imperial Hwy La Habra,CA,90631-6901
1571,245 S Mills Rd Ventura,CA,93003-3435
1572,912 Airport Center Dr Allentown,PA,18109-9384
1573,995 S Cotton Ln Goodyear,AZ,85338-4604
1574,2936 Council Tree Ave Ft Collins,CO,80525-6300
1575,350 W Lake Mead Pkwy Henderson,NV,89015-7088
1576,449Commerce Dr Woodbury,MN,55121-4872
1577,155 Holt Garrison Pkwy Danville,VA,24540-4017
1578,2185 Bronze Star Dr Woodland,CA,95776-5406
1579,10107 Research Blvd Austin,TX,78759-5803
1580,4380 Lawehana St Honolulu,HI,96818-3129
1581,"4450 Kapolei Pkwy, Ste 100 Kapolei",HI,96707-1878
1582,74-5455 Makala Blvd Kailua-Kona,HI,96740-2727
1583,4701 N Illinois St Fairview Heights,IL,62208-3416
1584,47330 Michigan Ave Canton,MI,48188-2310
1585,7400 Bustleton Ave Philadelphia,PA,19152-4312
1586,2700 Eldridge Pkwy Houston,TX,77082-6870
1587,1363 W Henderson Ave Porterville,CA,93257-1456
1588,101 S Euclid St Anaheim,CA,92802-1011
1589,1150 E Hillside Dr Broken Arrow,OK,74012-2385
1590,9040 N Skyview Ave Kansas City,MO,64154-8501
1591,6750 Cherry Ave Long Beach,CA,90805-1717
1592,751 Alta Mere Dr Ft Worth,TX,76116-1526
1593,5355 W Loop 1604 N San Antonio,TX,78253-5300
1594,1760 Palm Beach Lakes Blvd West Palm Beach,FL,33401-2082
1595,3061 Wildflower Dr Bryan,TX,77802-3060
1596,135 Creekside Way New Braunfels,TX,78130-6248
1597,"400 Bald Hill Rd, Ste 200 Warwick",RI,02886-6101
1598,13055 Hwy 9 N Milton,GA,30004-5137
1599,2177 Killingly Commons Dayville,CT,06241-2188
1600,195 River Rd Lisbon,CT,06351-3253
1601,600 Executive Blvd Southington,CT,06489-6008
1602,4521 S Laburnam Ave Richmond,VA,23231-2431
1603,170 S Lycoming Mall Rd Muncy,PA,17756-8152
1604,700 Barnes Dr San Marcos,TX,78666-6187
1605,501 Market Place Blvd Selinsgrove,PA,17870-2407
1606,1102 S Thomas Rd Fort Wayne,IN,46804-1144
1607,5150 Goodman Rd Olive Branch,MS,38654-7903
1608,2950 S Blue Angel Pkwy Pensacola,FL,32506-6905
1609,68 Us Hwy 46 W Hackettstown,NJ,07840-4978
1610,2024 North Rock Rd Derby,KS,67037-3752
1611,875 E Main St Waconia,MN,55387-1081
1612,2437 Taylor Park Dr Reynoldsburg,OH,43068-8036
1613,40-24 College Point Blvd Ste F600Flushing,NY,11354-5112
1614,7014 Fm 78 San Antonio,TX,78244-1758
1615,3804 Metro Dr Council Bluffs,IA,51501-7732
1616,4601 2Nd St Davis,CA,95618-9446
1617,15800 87Th St Ne Otsego,MN,55330-6546
1618,1415 Eglin St Rapid City,SD,57703-9504
1619,15700 E Briarwood Cir Aurora,CO,80016-1558
1620,"66 Smithfield Blvd, Ste 49 Plattsburgh",NY,12901-2151
1621,1700 Garth Brooks Blvd Yukon,OK,73099-6387
1622,100 Amsterdam Commons Amsterdam,NY,12010-7565
1623,51 Tierra Rejada Rd Simi Valley,CA,93065-2902
1624,10881 Olson Dr Rancho Cordova,CA,95670-5646
1625,5680 Balboa Ave San Diego,CA,92111-2702
1626,746 Nw Loop 410 San Antonio,TX,78216-5609
1627,12795 Main St Hesperia,CA,92345-9110
1628,3308 N Dinuba Blvd Visalia,CA,93291-8718
1629,1701 N Gaffey St San Pedro,CA,90731-1274
1630,30340 Haun Rd Menifee,CA,92584-6806
1631,1550 E Lincoln Way Sparks,NV,89434-8989
1632,4174 Westport Rd St Matthews,KY,40207-2784
1633,5959 Poplar Ave Memphis,TN,38119-3938
1634,700 Exterior St Bronx,NY,10451-2022
1635,2022 Cumming Hwy Canton,GA,30114-8071
1636,201 Perimeter Dr Midlothian,VA,23113-7314
1637,181 Plain St Lowell,MA,01852-5132
1638,855 E Birch St Brea,CA,92821-5769
1639,160 Pavilion Pkwy Newport,KY,41071-2884
1640,3867 Promenade Pkwy D'Iberville,MS,39540-5363
1641,400 Corwin Nixon Blvd South Lebanon,OH,45065-1196
1642,6150 Glenway Ave Cincinnati,OH,45211-6319
1643,3101 Aerial Way Spring Hill,FL,34604-0629
1644,130 S Mannheim Rd Hillside,IL,60162-1821
1645,660 S Grand Ave Sun Prairie,WI,53590-9832
1646,6507 4Th Ave Sacramento,CA,95817-2611
1647,"916 Loganville Hwy, Ste 400 Bethlehem",GA,30620-2145
1648,8503 S Sam Houston Pkwy E Houston,TX,77075-4857
1649,"18700 Limestone Commercial Dr, Ste 100 Pflugerville",TX,78660-6545
1650,180 Eagleview Blvd Exton,PA,19341-3012
1651,7090 N 5Th St North Las Vegas,NV,89084-1333
1652,2404 Promenade Blvd Rogers,AR,72758-9080
1653,27818 Clinton Keith Rd Murrieta,CA,92562-8554
1654,5001 Holt Ave Hampton,VA,23666-2282
1655,5561 Grove Blvd Birmingham,AL,35226-4600
1656,"150 E Stacy Rd, Ste 2400 Allen",TX,75002-8731
1657,7841 Amana Trail Inver Grove Heights,MN,55077-2609
1658,4760 State Hwy 121 Lewisville,TX,75056-2913
1659,9401 Ne Cascades Pkwy Portland,OR,97220-6824
1660,2901 Ming Ave Bakersfield,CA,93304-4144
1661,1040 Ne Coronado Blue Springs,MO,64014-2971
1662,214 Viking Plaza Dr Cedar Falls,IA,50613-6936
1663,2450 Shoppers Ln Philadelphia,PA,19150
1664,3181 Chili Ave Rochester,NY,14624-5409
1665,4599 Perkiomen Ave Reading,PA,19606-3201
1666,"1450 Greenland Rd, Ste ! Greenland",NH,03840-2438
1667,2030 Hammond Square Dr Hammond,LA,70403-6156
1668,1167 Washington St Hanover,MA,02339-1643
1669,259 Interstate 45 S Huntsville,TX,77340-4903
1670,1401 W Esplanade Ave Ste 200 Kenner,LA,70065-2845
1671,3835 Dryland Way Easton,PA,18045-8208
1672,455 Carnegie Blvd Malvern,PA,19355-8599
1673,436 Retail Commons Pkwy Martinsburg,WV,25403-6183
1674,1021 S Highline Pl Sioux Falls,SD,57110-1000
1675,10019 S Memorial Dr Tulsa,OK,74133-6103
1676,28800 Dequindre Rd Warren,MI,48092-2466
1677,960 Lititz Pike Lititz,PA,17543
1678,1250 W Sunset Dr Waukesha,WI,53189-8423
1679,"4305 Norfolk Pkwy, Ste 102 West Melbourne",FL,32904-8605
1680,100 Upland Square Dr Pottstown,PA,19464-1575
1681,3440 W Fm 544 Wylie,TX,75098-9408
1682,9099 Plainfield Rd Blue Ash,OH,45236
1683,2555 Sycamore Rd De Kalb,IL,60115-2051
1684,425 Cox Rd Gastonia,NC,28054
1685,31 Wilson Ave Hanover,PA,17331-5207
1686,695 S Green Valley Pkwy Henderson,NV,89052-0404
1687,6371 N Decatur Blvd Las Vegas,NV,89130-8001
1688,605 Boston Post Rd E Marlborough,MA,01752-3702
1689,1629 N Town East Blvd Mesquite,TX,75150-4105
1690,95 Holger Way San Jose,CA,95134-1377
1691,298 W Mckinley Ave Sunnyvale,CA,94086-6193
1692,3900 N 124Th St Wauwatosa,WI,53222-2105
1693,160 West Dekalb Pike King Of Prussia,PA,19406
1694,401 Kenilworth Drive Petaluma,CA,94952
1695,5104 Commons Dr Rocklin,CA,95677
1696,5630 Cottle Rd San Jose,CA,95123
1697,579 Gar Hwy Ste 5 Swansea,MA,02777-4587
1698,749 N Krocks Rd Allentown,PA,18106
1699,5518 W High Market Dr West Valley City,UT,84120-1306
1700,1200 N. Larrabee Street Chicago,IL,60610
1701,43950 Pacific Commons Blvd Fremont,CA,94538-3803
1702,809 N Azusa Ave Azusa,CA,91702-2510
1703,2384 Brandermill Blvd Gambrills,MD,21054
1704,"6000 Sepulveda Blvd, Ste 2250 Culver City",CA,90230-6423
1705,1110 S 300 W Salt Lake City,UT,84101-3053
1706,221 University Ave Westwood,MA,02090
1707,100 Hookele St Kahului,HI,96732
1708,391 E Makaala St Hilo,HI,96720-5146
1709,250 Granite St Braintree,MA,02184
1710,345 Hahani St Kailua,HI,96734
1711,11000 Stockdale Hwy Bakersfield,CA,93311-3635
1712,1265 Sgt Jon Stiles Dr Highlands Ranch,CO,80129-2265
1713,460 S Vance St Lakewood,CO,80226-3305
1714,3001 Market Ctr Dr Morrisville,NC,27560
1715,5188 Kyle Center Dr Kyle,TX,78640
1716,720 Sw 19Th St Moore,OK,73160-2941
1717,"12975 Shelbyville Rd, Ste 100 Middletown",KY,40243-2425
1718,210 Ballardvale St Wilmington,MA,01887
1719,990 Avenida Vista Hermosa San Clemente,CA,92673
1720,420 S University Ave Little Rock,AR,72205-5246
1721,2030 Nw 82Nd St Lawton,OK,73505
1722,140 Sayebrook Pkwy Myrtle Beach,SC,29588-6834
1723,6655 North Riverside Dr. Fresno,CA,93722
1724,3777 S Arizona Ave Chandler,AZ,85248
1725,2873 Richmond Ave Staten Island,NY,10314
1726,8917 Tehama Ridge Pkwy Fort Worth,TX,76177
1727,6231 Penn Ave Pittsburgh,PA,15206
1728,11990 Los Osos Valley Rd San Luis Obispo,CA,93405-6861
1729,2850 N Oxnard Blvd Oxnard,CA,93036-5443
1730,800 Christiana Mall Newark,DE,19702
1731,750 Hilldale Way Madison,WI,53705-2644
1732,Store 789 Mission Street San Francisco,CA,94103-3132
1733,1555 40Th St Emeryville,CA,94608-3515
1734,2675 Geary Blvd San Francisco,CA,94118
1735,4576 Virginia Beach Blvd Virginia Beach,VA,23462-3004
1736,2800 Dublin Blvd Dublin,CA,94568
1737,125 Shoreline Pkwy San Rofael,CA,94901
1738,Store 10861 Weyburn Ave - #B100 Los Angeles,CA,90024-2957
1739,Store 8480 Beverly Blvd Ste 1A Los Angeles,CA,90048-3414
1740,735 S Figueroa St Los Angeles,CA,90017-xxxx
1741,1555 N Tomahawk Island Dr Portland,OR,97217-8296
1742,12725 W Bluemound Rd Brookfield,WI,53005-8032
1743,1101 W Jackson Blvd Chicago,IL,60607-2905
1744,7129 O' Kelly Chapel Road Cary West,NC,27519
1745,100 Grand Hill Place Holly Springs,NC,27540
1746,Store 1401 Second Avenue Seattle,WA,98101-2007
1747,201 S Hills Vlg Pittsburgh,PA,15241-1408
1748,"2905 District Ave S, Ste 400 Fairfax",VA,22031-2278
1749,Store 939 Sw Morrison Portland,OR,97205
1750,1825 41St Ave Capitola,CA,95010-2504
1751,531 Brookwood Village Homewood,AL,35209-4501
1752,Store 1 S State St Chicago,IL,60603-2800
1753,280 E Via Rancho Pkwy Escondido,CA,92025-8005
1754,1223 Austin Hwy Alamo Heights,TX,78209-4854
1755,950 Coddingtown Center Santa Rosa,CA,95401
1756,204 Saratoga Road Glenville,NY,12302-4509
1757,30740 Russell Ranch Rd West Lake Village,CA,91362
1758,815 E Hutchinson River Pkwy Bronx,NY,10465
1759,2120 Louisiana Blvd Ne Albuquerque,NM,87110-5402
1760,1900 Town Center Boulevard Knoxville South,TN,37922-6669
1761,8207 Highway 72 W Madison,AL,35758-9571
1762,3130 44Th Street Sw Grandville,MI,49418-2567
1763,7777 E Hampden Ave Denver,CO,80231
1764,1341 Boylston St Boston,MA,02215
1765,480 W. Washington St East Peoria,IL,61611-2445
1766,2700 Fifth Street Alameda,CA,94501
1767,2004 El Camino Real Santa Clara,CA,95050
1768,701 Rio Rancho Road Ponoma,CA,91766
1769,8801 Queens Boulevard Elmhurst,NY,11373
1770,7800 Sw 104Th St. Miami,FL,33156
1771,124 E Jericho Tpke Huntington Station,NY,11746
1772,3559 Boston Street Baltimore,MD,21224
1773,5750 Sunrise Hwy Sayville,NY,11782
1774,10101 W Flagler St Miami,FL,33174
1775,445 Gold St Brooklyn,NY,60615
1776,10560 Sawmill Pkwy Powell,OH,43065
1777,101 Grand Ave North Brunswick,NJ,08902
1778,17170 Camino Del Sur San Diego,CA,92127
1779,4915 S Regal St Spokane,WA,99223
1780,975 Rockland Rd Lake Bluff,IL,60044
1781,6635 N Grand Pkwy W Spring,TX,77389
1782,1589 Fruitville Pike Lancaster,PA,17601
1783,10241 W Grand Pkwy S Richmond,TX,77407
1784,"1450 Ala Moana Blvd, Ste 2401 Honolulu",HI,96814
1785,443 College Blvd Oceanside,CA,92057
1786,6401 18Th Ave Brooklyn,NY,11204
