store_id,address,city,state,zip_code,phone_number
1,1261 E Putnam Ave,Riverside,CT,06878,(203) 637-0188
2,261 S Ridge St,Rye Brook,NY,10573,(914) 937-2233
3,1201 High Ridge Rd,Stamford,CT,06905,(203) 321-0429
4,1201 High Ridge Rd,Stamford,CT,06905,(203) 321-0429
5,1261 E Putnam Ave,Riverside,CT,06878,(203) 637-0188
6,160 W Putnam Ave,Greenwich,CT,06830,(203) 622-2944
7,160 W Putnam Ave,Greenwich,CT,06830,(203) 622-2944
8,1201 High Ridge Rd,Stamford,CT,06905,(203) 321-0429
9,261 S Ridge St,Rye Brook,NY,10573,(914) 937-2233
10,288 Elm St,New Canaan,CT,06840,(203) 966-0017
11,1261 E Putnam Ave,Riverside,CT,06878,(203) 637-0188
12,160 W Putnam Ave,Greenwich,CT,06830,(203) 622-2944
13,1 University Plaza,Newark,DE,19702,(302) 738-9509
14,100 College Square,Newark,DE,19711,(302) 286-0425
15,100 Suburban Dr,Newark,DE,19711,(302) 453-2330
16,4720 Limestone Rd,Wilmington,DE,19808,(302) 998-4465
17,4365 Robert Kirkwood Hwy,Wilmington,DE,19808,(302) 636-1140
18,1308 Centerville Rd,Wilmington,DE,19808,(302) 994-3660
19,236 E Glenwood Ave,Smyrna,DE,19977,(302) 653-9600
20,146 Fox Hunt Dr,Bear,DE,19701,(302) 836-9380
21,101 Big Elk Mall,Elkton,MD,21921,(410) 398-4925
22,1 University Plaza,Newark,DE,19702,(302) 738-9509
23,100 College Square,Newark,DE,19711,(302) 286-0425
24,100 Suburban Dr,Newark,DE,19711,(302) 453-2330
25,315 Ocean St,Cape May,NJ,08204,(609) 884-7217
26,3845 Bayshore Rd,North Cape May,NJ,08204,(609) 884-1203
27,9507 Coastal Hwy,Ocean City,MD,21842,(410) 723-7004
28,460 E Main St,Middletown,DE,19709,(302) 449-1870
29,146 Fox Hunt Dr,Bear,DE,19701,(302) 836-9380
30,101 Big Elk Mall,Elkton,MD,21921,(410) 398-4925
31,1308 Centerville Rd,Wilmington,DE,19808,(302) 994-3660
32,1401 N Dupont St,Wilmington,DE,19806,(302) 658-0575
33,1812 Marsh Rd,Wilmington,DE,19810,(302) 529-8520
34,1901 Concord Pike,Wilmington,DE,19803,(302) 654-1803
35,2098 Naamans Rd,Wilmington,DE,19810,(302) 475-4618
36,4365 Robert Kirkwood Hwy,Wilmington,DE,19808,(302) 636-1140
37,4720 Limestone Rd,Wilmington,DE,19808,(302) 998-4465
38,711 Washington Ave,Chestertown,MD,21620,(410) 778-5641
39,210 W Marlboro Ave,Easton,MD,21601,(410) 822-7073
40,236 E Glenwood Ave,Smyrna,DE,19977,(302) 653-9600
41,611 Railroad Ave,Centreville,MD,21617,(443) 262-9150
42,460 E Main St,Middletown,DE,19709,(302) 449-1870
43,236 E Glenwood Ave,Smyrna,DE,19977,(302) 653-9600
44,611 Railroad Ave,Centreville,MD,21617,(443) 262-9150
45,711 Washington Ave,Chestertown,MD,21620,(410) 778-5641
46,751 S Salisbury Blvd,Salisbury,MD,21801,(410) 742-1343
47,100 Suburban Dr,Newark,DE,19711,(302) 453-2330
48,146 Fox Hunt Dr,Bear,DE,19701,(302) 836-9380
49,100 College Square,Newark,DE,19711,(302) 286-0425
50,18578 Coastal Hwy Unit 13,Rehoboth Beach,DE,19971,(302) 644-1255
51,751 S Salisbury Blvd,Salisbury,MD,21801,(410) 742-1343
52,315 Ocean St,Cape May,NJ,08204,(609) 884-7217
53,9507 Coastal Hwy,Ocean City,MD,21842,(410) 723-7004
54,18578 Coastal Hwy Unit 13,Rehoboth Beach,DE,19971,(302) 644-1255
55,210 W Marlboro Ave,Easton,MD,21601,(410) 822-7073
56,136 Lake St,Midland Park,NJ,07432,(201) 493-7050
57,125 Franklin Turnpike,Mahwah,NJ,07430,(201) 529-9775
58,75 Mayhill St,Saddle Brook,NJ,07663,(201) 712-1130
59,400 W Cuthbert Blvd,Westmont,NJ,08108,(856) 858-2226
60,40 Ellis St,Haddonfield,NJ,08033,(856) 429-0177
61,501 E Evesham Rd,Runnemede,NJ,08078,(856) 939-5403
62,609 E Bay Ave,Manahawkin,NJ,08050,(609) 597-4009
63,9600 Long Beach Blvd,Long Beach Township,NJ,08008,(609) 492-0510
64,425 US Hwy 9,Tuckerton,NJ,08087,(609) 296-9303
65,690 Millbrook Ave,Randolph,NJ,07869,(973) 895-2699
66,455 Route 23 N,Sussex,NJ,07461,(973) 702-4020
67,5774 Berkshire Valley Rd,Oak Ridge,NJ,07438,(973) 697-3005
68,123 E Main St,Denville,NJ,07834,(973) 586-2215
69,329 Speedwell Ave,Morris Plains,NJ,07950,(973) 984-9445
70,5774 Berkshire Valley Rd,Oak Ridge,NJ,07438,(973) 697-3005
71,4400 S Broad St,Trenton,NJ,08620,(609) 888-9898
72,6800 New Falls Rd,Levittown,PA,19057,(215) 946-1840
73,953 Route 33,Trenton,NJ,08690,(609) 890-2551
74,5100 Wellington Ave,Ventnor City,NJ,08406,(609) 823-0020
75,212 New Rd,Somers Point,NJ,08244,(609) 653-6853
76,800 West Ave,Ocean City,NJ,08226,(609) 814-9780
77,531 High St,Mount Holly,NJ,08060,(609) 702-1776
78,260 Dunns Mills Rd,Bordentown,NJ,08505,(609) 298-2014
79,175 Route 70,Medford,NJ,08055,(609) 953-0006
80,3845 Bayshore Rd,North Cape May,NJ,08204,(609) 884-1203
81,5300 Park Blvd,Wildwood,NJ,08260,(609) 522-7165
82,2400 Delaware Ave,North Wildwood,NJ,08260,(609) 846-9010
83,11 Court House South Dennis Rd,Cape May Court House,NJ,08210,(609) 463-9106
84,15 Avalon Blvd,Cape May Court House,NJ,08210,(609) 463-1995
85,801 Kenilworth Blvd,Kenilworth,NJ,07033,(908) 259-0725
86,1260 Springfield Ave,New Providence,NJ,07974,(908) 286-1725
87,125 Bound Brook Rd,Middlesex,NJ,08846,(732) 968-9136
88,415 Egg Harbor Rd,Sewell,NJ,08080,(856) 256-8852
89,515 Berlin-Cross Keys Rd,Sicklerville,NJ,08081,(856) 728-3674
90,631 Mantua Pike,Woodbury,NJ,08096,(856) 848-0224
91,550 Myrtle Ave,Boonton,NJ,07005,(973) 402-4333
92,329 Speedwell Ave,Morris Plains,NJ,07950,(973) 984-9445
93,690 Millbrook Ave,Randolph,NJ,07869,(973) 895-2699
94,19-21 Ave At Port Imperial,West New York,NJ,07093,(201) 553-1030
95,2160 Lemoine Ave,Fort Lee,NJ,07024,(201) 944-1145
96,614 Clinton St,Hoboken,NJ,07030,(201) 795-5005
97,507 Prospect Ave,Little Silver,NJ,07739,(732) 345-9910
98,616 Newman Springs Rd,Lincroft,NJ,07738,(732) 936-0668
99,3500 Route 9,Old Bridge,NJ,08857,(732) 607-9275
100,481 River Rd,Edgewater,NJ,07020,(201) 840-8006
101,19-21 Ave At Port Imperial,West New York,NJ,07093,(201) 553-1030
102,660 McLean Ave,Yonkers,NY,10704,(914) 376-8755
103,616 Newman Springs Rd,Lincroft,NJ,07738,(732) 936-0668
104,3500 Route 9,Old Bridge,NJ,08857,(732) 607-9275
105,2007 Route 35,Wall Township,NJ,07719,(732) 282-1630
106,400 W Cuthbert Blvd,Westmont,NJ,08108,(856) 858-2226
107,100 E Black Horse Pike,Audubon,NJ,08106,(856) 547-3938
108,501 E Evesham Rd,Runnemede,NJ,08078,(856) 939-5403
109,125 18th St,Jersey City,NJ,07310,(201) 418-0580
110,19-21 Ave At Port Imperial,West New York,NJ,07093,(201) 553-1030
111,321 Route 440,Jersey City,NJ,07305,(201) 946-2525
112,125 18th St,Jersey City,NJ,07310,(201) 418-0580
113,321 Route 440,Jersey City,NJ,07305,(201) 946-2525
114,1060 Raritan Rd,Clark,NJ,07066,(732) 340-0056
115,1260 Springfield Ave,New Providence,NJ,07974,(908) 286-1725
116,321 Route 440,Jersey City,NJ,07305,(201) 946-2525
117,507 Prospect Ave,Little Silver,NJ,07739,(732) 345-9910
118,576 River Rd,Fair Haven,NJ,07704,(732) 530-7481
119,3500 Route 9,Old Bridge,NJ,08857,(732) 607-9275
120,576 River Rd,Fair Haven,NJ,07704,(732) 530-7481
121,616 Newman Springs Rd,Lincroft,NJ,07738,(732) 936-0668
122,2007 Route 35,Wall Township,NJ,07719,(732) 282-1630
123,609 E Bay Ave,Manahawkin,NJ,08050,(609) 597-4009
124,425 US Hwy 9,Tuckerton,NJ,08087,(609) 296-9303
125,912 W Bay Ave,Barnegat,NJ,08005,(609) 607-5909
126,45 De Mercurio Dr,Allendale,NJ,07401,(201) 934-3350
127,136 Lake St,Midland Park,NJ,07432,(201) 493-7050
128,75 Mayhill St,Saddle Brook,NJ,07663,(201) 712-1130
129,912 W Bay Ave,Barnegat,NJ,08005,(609) 607-5909
130,9600 Long Beach Blvd,Long Beach Township,NJ,08008,(609) 492-0510
131,425 US Hwy 9,Tuckerton,NJ,08087,(609) 296-9303
132,2007 Route 35,Wall Township,NJ,07719,(732) 282-1630
133,5 Ortley Plaza,Seaside Heights,NJ,08751,(732) 830-0880
134,3241 US Hwy 9,Freehold,NJ,07728,(732) 863-6501
135,300 S Lenola Rd,Maple Shade,NJ,08052,(856) 778-2028
136,41 W Main St,Maple Shade,NJ,08052,(856) 779-9891
137,212 New Rd,Somers Point,NJ,08244,(609) 653-6853
138,5100 Wellington Ave,Ventnor City,NJ,08406,(609) 823-0020
139,800 West Ave,Ocean City,NJ,08226,(609) 814-9780
140,531 High St,Mount Holly,NJ,08060,(609) 702-1776
141,300 S Lenola Rd,Maple Shade,NJ,08052,(856) 778-2028
142,700 Haddonfield-Berlin Rd,Voorhees,NJ,08043,(856) 782-1122
143,177 Washington Valley Rd,Warren,NJ,07059,(732) 764-3800
144,1060 Raritan Rd,Clark,NJ,07066,(732) 340-0056
145,1260 Springfield Ave,New Providence,NJ,07974,(908) 286-1725
146,45 De Mercurio Dr,Allendale,NJ,07401,(201) 934-3350
147,75 Mayhill St,Saddle Brook,NJ,07663,(201) 712-1130
148,125 Franklin Turnpike,Mahwah,NJ,07430,(201) 529-9775
149,3500 Route 9,Old Bridge,NJ,08857,(732) 607-9275
150,125 Bound Brook Rd,Middlesex,NJ,08846,(732) 968-9136
151,177 Washington Valley Rd,Warren,NJ,07059,(732) 764-3800
152,75 Mayhill St,Saddle Brook,NJ,07663,(201) 712-1130
153,321 Route 440,Jersey City,NJ,07305,(201) 946-2525
154,136 Lake St,Midland Park,NJ,07432,(201) 493-7050
155,123 E Main St,Denville,NJ,07834,(973) 586-2215
156,690 Millbrook Ave,Randolph,NJ,07869,(973) 895-2699
157,550 Myrtle Ave,Boonton,NJ,07005,(973) 402-4333
158,23 Levitt Pkwy,Willingboro,NJ,08046,(609) 871-0670
159,175 Route 70,Medford,NJ,08055,(609) 953-0006
160,260 Dunns Mills Rd,Bordentown,NJ,08505,(609) 298-2014
161,801 Kenilworth Blvd,Kenilworth,NJ,07033,(908) 259-0725
162,1060 Raritan Rd,Clark,NJ,07066,(732) 340-0056
163,177 Washington Valley Rd,Warren,NJ,07059,(732) 764-3800
164,315 Ocean St,Cape May,NJ,08204,(609) 884-7217
165,5300 Park Blvd,Wildwood,NJ,08260,(609) 522-7165
166,2400 Delaware Ave,North Wildwood,NJ,08260,(609) 846-9010
167,5300 Park Blvd,Wildwood,NJ,08260,(609) 522-7165
168,11 Court House South Dennis Rd,Cape May Court House,NJ,08210,(609) 463-9106
169,3845 Bayshore Rd,North Cape May,NJ,08204,(609) 884-1203
170,123 E Main St,Denville,NJ,07834,(973) 586-2215
171,550 Myrtle Ave,Boonton,NJ,07005,(973) 402-4333
172,530 Rt 515 Unit 1,Vernon,NJ,07462,(973) 764-5350
173,3428 Simpson Ave,Ocean City,NJ,08226,(609) 525-2160
174,800 West Ave,Ocean City,NJ,08226,(609) 814-9780
175,6212 Landis Ave,Sea Isle City,NJ,08243,(609) 263-1510
176,3428 Simpson Ave,Ocean City,NJ,08226,(609) 525-2160
177,15 Avalon Blvd,Cape May Court House,NJ,08210,(609) 463-1995
178,300 Ryders Ln,Milltown,NJ,08850,(732) 254-7900
179,616 Newman Springs Rd,Lincroft,NJ,07738,(732) 936-0668
180,3241 US Hwy 9,Freehold,NJ,07728,(732) 863-6501
181,1401 N Dupont St,Wilmington,DE,19806,(302) 658-0575
182,1308 Centerville Rd,Wilmington,DE,19808,(302) 994-3660
183,1901 Concord Pike,Wilmington,DE,19803,(302) 654-1803
184,329 Speedwell Ave,Morris Plains,NJ,07950,(973) 984-9445
185,123 E Main St,Denville,NJ,07834,(973) 586-2215
186,550 Myrtle Ave,Boonton,NJ,07005,(973) 402-4333
187,100 E Black Horse Pike,Audubon,NJ,08106,(856) 547-3938
188,40 Ellis St,Haddonfield,NJ,08033,(856) 429-0177
189,400 W Cuthbert Blvd,Westmont,NJ,08108,(856) 858-2226
190,136 Lake St,Midland Park,NJ,07432,(201) 493-7050
191,2160 Lemoine Ave,Fort Lee,NJ,07024,(201) 944-1145
192,510 Valley Rd,Montclair,NJ,07043,(973) 746-0058
193,15 Avalon Blvd,Cape May Court House,NJ,08210,(609) 463-1995
194,2087 Shore Rd,Ocean View,NJ,08230,(609) 624-9004
195,11 Court House South Dennis Rd,Cape May Court House,NJ,08210,(609) 463-9106
196,176 E Main St,Manasquan,NJ,08736,(732) 223-9622
197,2007 Route 35,Wall Township,NJ,07719,(732) 282-1630
198,912 W Bay Ave,Barnegat,NJ,08005,(609) 607-5909
199,515 Berlin-Cross Keys Rd,Sicklerville,NJ,08081,(856) 728-3674
200,20 S Delsea Dr,Clayton,NJ,08312,(856) 881-9884
201,501 E Evesham Rd,Runnemede,NJ,08078,(856) 939-5403
202,415 Egg Harbor Rd,Sewell,NJ,08080,(856) 256-8852
203,700 Haddonfield-Berlin Rd,Voorhees,NJ,08043,(856) 782-1122
204,501 E Evesham Rd,Runnemede,NJ,08078,(856) 939-5403
205,800 West Ave,Ocean City,NJ,08226,(609) 814-9780
206,3428 Simpson Ave,Ocean City,NJ,08226,(609) 525-2160
207,5100 Wellington Ave,Ventnor City,NJ,08406,(609) 823-0020
208,530 Rt 515 Unit 1,Vernon,NJ,07462,(973) 764-5350
209,5774 Berkshire Valley Rd,Oak Ridge,NJ,07438,(973) 697-3005
210,123 E Main St,Denville,NJ,07834,(973) 586-2215
211,857 Route 45,Woodstown,NJ,08098,(856) 769-8000
212,643 Conchester Pike,Boothwyn,PA,19061,(610) 859-0001
213,1812 Marsh Rd,Wilmington,DE,19810,(302) 529-8520
214,4400 S Broad St,Trenton,NJ,08620,(609) 888-9898
215,953 Route 33,Trenton,NJ,08690,(609) 890-2551
216,9600 Long Beach Blvd,Long Beach Township,NJ,08008,(609) 492-0510
217,609 E Bay Ave,Manahawkin,NJ,08050,(609) 597-4009
218,912 W Bay Ave,Barnegat,NJ,08005,(609) 607-5909
219,4236 Harbor Beach Blvd,Brigantine,NJ,08203,(609) 264-0041
220,212 New Rd,Somers Point,NJ,08244,(609) 653-6853
221,800 West Ave,Ocean City,NJ,08226,(609) 814-9780
222,455 Route 23 N,Sussex,NJ,07461,(973) 702-4020
223,5774 Berkshire Valley Rd,Oak Ridge,NJ,07438,(973) 697-3005
224,125 Franklin Turnpike,Mahwah,NJ,07430,(201) 529-9775
225,20 S Delsea Dr,Clayton,NJ,08312,(856) 881-9884
226,515 Berlin-Cross Keys Rd,Sicklerville,NJ,08081,(856) 728-3674
227,4454 Black Horse Pike,Mays Landing,NJ,08330,(609) 625-4710
228,501 E Evesham Rd,Runnemede,NJ,08078,(856) 939-5403
229,40 Ellis St,Haddonfield,NJ,08033,(856) 429-0177
230,400 W Cuthbert Blvd,Westmont,NJ,08108,(856) 858-2226
231,176 E Main St,Manasquan,NJ,08736,(732) 223-9622
232,3241 US Hwy 9,Freehold,NJ,07728,(732) 863-6501
233,616 Newman Springs Rd,Lincroft,NJ,07738,(732) 936-0668
234,125 Bound Brook Rd,Middlesex,NJ,08846,(732) 968-9136
235,1260 Springfield Ave,New Providence,NJ,07974,(908) 286-1725
236,1060 Raritan Rd,Clark,NJ,07066,(732) 340-0056
237,481 River Rd,Edgewater,NJ,07020,(201) 840-8006
238,614 Clinton St,Hoboken,NJ,07030,(201) 795-5005
239,125 18th St,Jersey City,NJ,07310,(201) 418-0580
240,40 Ellis St,Haddonfield,NJ,08033,(856) 429-0177
241,100 E Black Horse Pike,Audubon,NJ,08106,(856) 547-3938
242,501 E Evesham Rd,Runnemede,NJ,08078,(856) 939-5403
243,2400 Delaware Ave,North Wildwood,NJ,08260,(609) 846-9010
244,3845 Bayshore Rd,North Cape May,NJ,08204,(609) 884-1203
245,315 Ocean St,Cape May,NJ,08204,(609) 884-7217
246,1336 Bristol Pike Suite 100,Bensalem,PA,19020,(215) 638-8190
247,3200-09 Red Lion Rd,Philadelphia,PA,19114,(215) 637-4620
248,2301 Bristol Rd,Bensalem,PA,19020,(215) 757-9995
249,501 E Evesham Rd,Runnemede,NJ,08078,(856) 939-5403
250,100 E Black Horse Pike,Audubon,NJ,08106,(856) 547-3938
251,1901 Johnston St,Philadelphia,PA,19145,(215) 336-4441
252,1619 Center Square Rd,Swedesboro,NJ,08085,(856) 467-8936
253,251 N Broadway,Pennsville,NJ,08070,(856) 678-4213
254,20 S Delsea Dr,Clayton,NJ,08312,(856) 881-9884
255,3101 Route 22,Patterson,NY,12563,(845) 878-2044
256,100 Route 22,Goldens Bridge,NY,10526,(914) 232-7610
257,272 US Route 6,Mahopac,NY,10541,(845) 621-5110
258,610 Columbus Ave,Thornwood,NY,10594,(914) 747-0455
259,100 Triangle Center,Yorktown Heights,NY,10598,(914) 455-3810
260,103 Knollwood Rd,White Plains,NY,10607,(914) 682-1711
261,23 Quaker Ridge Rd,New Rochelle,NY,10804,(914) 636-2133
262,660 McLean Ave,Yonkers,NY,10704,(914) 376-8755
263,103 Knollwood Rd,White Plains,NY,10607,(914) 682-1711
264,100 Triangle Center,Yorktown Heights,NY,10598,(914) 455-3810
265,272 US Route 6,Mahopac,NY,10541,(845) 621-5110
266,1366 E Main St,Shrub Oak,NY,10588,(914) 528-3620
267,13 North Ave,Pleasant Valley,NY,12569,(845) 635-4420
268,3101 Route 22,Patterson,NY,12563,(845) 878-2044
269,272 US Route 6,Mahopac,NY,10541,(845) 621-5110
270,1366 E Main St,Shrub Oak,NY,10588,(914) 528-3620
271,100 Triangle Center,Yorktown Heights,NY,10598,(914) 455-3810
272,100 Route 22,Goldens Bridge,NY,10526,(914) 232-7610
273,1366 E Main St,Shrub Oak,NY,10588,(914) 528-3620
274,100 Triangle Center,Yorktown Heights,NY,10598,(914) 455-3810
275,272 US Route 6,Mahopac,NY,10541,(845) 621-5110
276,12 Cedar St,Bronxville,NY,10708,(914) 793-1001
277,660 McLean Ave,Yonkers,NY,10704,(914) 376-8755
278,103 Knollwood Rd,White Plains,NY,10607,(914) 682-1711
279,1511 NY Route 22,Brewster,NY,10509,(845) 940-0575
280,829 Route 82,Hopewell Junction,NY,12533,(845) 227-0581
281,272 US Route 6,Mahopac,NY,10541,(845) 621-5110
282,829 Route 82,Hopewell Junction,NY,12533,(845) 227-0581
283,3101 Route 22,Patterson,NY,12563,(845) 878-2044
284,1511 NY Route 22,Brewster,NY,10509,(845) 940-0575
285,160 W Putnam Ave,Greenwich,CT,06830,(203) 622-2944
286,1261 E Putnam Ave,Riverside,CT,06878,(203) 637-0188
287,23 Quaker Ridge Rd,New Rochelle,NY,10804,(914) 636-2133
288,3071 E Main St,Mohegan Lake,NY,10547,(914) 526-6688
289,272 US Route 6,Mahopac,NY,10541,(845) 621-5110
290,100 Triangle Center,Yorktown Heights,NY,10598,(914) 455-3810
291,1886 Pleasantville Rd,Briarcliff Manor,NY,10510,(914) 945-7225
292,103 Knollwood Rd,White Plains,NY,10607,(914) 682-1711
293,261 S Ridge St,Rye Brook,NY,10573,(914) 937-2233
294,610 Columbus Ave,Thornwood,NY,10594,(914) 747-0455
295,23 Quaker Ridge Rd,New Rochelle,NY,10804,(914) 636-2133
296,12 Cedar St,Bronxville,NY,10708,(914) 793-1001
297,12 Cedar St,Bronxville,NY,10708,(914) 793-1001
298,23 Quaker Ridge Rd,New Rochelle,NY,10804,(914) 636-2133
299,2160 Lemoine Ave,Fort Lee,NJ,07024,(201) 944-1145
300,1366 E Main St,Shrub Oak,NY,10588,(914) 528-3620
301,3071 E Main St,Mohegan Lake,NY,10547,(914) 526-6688
302,272 US Route 6,Mahopac,NY,10541,(845) 621-5110
303,128 Lantana Dr,Hockessin,DE,19707,(302) 234-9000
304,4720 Limestone Rd,Wilmington,DE,19808,(302) 998-4465
305,4365 Robert Kirkwood Hwy,Wilmington,DE,19808,(302) 636-1140
306,829 Montgomery Ave,Narberth,PA,19072,(610) 668-1738
307,5927-59 Ridge Ave,Philadelphia,PA,19128,(215) 487-7180
308,4001 Walnut St,Philadelphia,PA,19104,(445) 888-3634
309,1336 Bristol Pike Suite 100,Bensalem,PA,19020,(215) 638-8190
310,2301 Bristol Rd,Bensalem,PA,19020,(215) 757-9995
311,2098 Naamans Rd,Wilmington,DE,19810,(302) 475-4618
312,1812 Marsh Rd,Wilmington,DE,19810,(302) 529-8520
313,101 Byers Dr,Glen Mills,PA,19342,(610) 459-2759
314,3590 W Chester Pike,Newtown Square,PA,19073,(610) 353-8018
315,1305 W Chester Pike,Havertown,PA,19083,(610) 446-1191
316,601 W Lancaster Ave,Bryn Mawr,PA,19010,(610) 525-1950
317,567 N Sproul Rd,Broomall,PA,19008,(610) 325-2880
318,829 Montgomery Ave,Narberth,PA,19072,(610) 668-1738
319,1305 W Chester Pike,Havertown,PA,19083,(610) 446-1191
320,3951 Lincoln Hwy,Downingtown,PA,19335,(610) 873-8315
321,907 Paoli Pike,West Chester,PA,19380,(610) 431-4726
322,785 Starr St,Phoenixville,PA,19460,(610) 933-6299
323,503 S MacDade Blvd,Holmes,PA,19043,(610) 586-0557
324,815 Lansdowne Ave,Upper Darby,PA,19082,(610) 789-0898
325,124 Morton Ave,Folsom,PA,19033,(610) 237-3800
326,400 Simpson Dr,Chester Springs,PA,19425,(610) 458-7004
327,907 Paoli Pike,West Chester,PA,19380,(610) 431-4726
328,851 Gap Newport Pike,Avondale,PA,19311,(610) 268-3898
329,200 Blair Mill Rd,Horsham,PA,19044,(215) 956-1600
330,800 2nd St Pike,Richboro,PA,18954,(215) 354-4424
331,48 West Rd,Newtown,PA,18940,(215) 504-9585
332,1640 Bethlehem Pike,Flourtown,PA,19031,(215) 836-2560
333,323 Old York Rd,Jenkintown,PA,19046,(215) 886-2911
334,7700 Crittenden St,Philadelphia,PA,19118,(215) 248-6490
335,920 Red Lion Rd,Philadelphia,PA,19115,(215) 676-5601
336,2301 Bristol Rd,Bensalem,PA,19020,(215) 757-9995
337,800 2nd St Pike,Richboro,PA,18954,(215) 354-4424
338,7700 Crittenden St,Philadelphia,PA,19118,(215) 248-6490
339,1825 Limekiln Pike,Dresher,PA,19025,(215) 643-3992
340,701 Cathedral Rd Suit 34,Philadelphia,PA,19128,(215) 483-7766
341,503 S MacDade Blvd,Holmes,PA,19043,(610) 586-0557
342,5300 Baltimore Pike,Clifton Heights,PA,19018,(610) 284-6800
343,527 E Baltimore Pike,Media,PA,19063,(610) 565-5072
344,2098 Naamans Rd,Wilmington,DE,19810,(302) 475-4618
345,643 Conchester Pike,Boothwyn,PA,19061,(610) 859-0001
346,1812 Marsh Rd,Wilmington,DE,19810,(302) 529-8520
347,815 Lansdowne Ave,Upper Darby,PA,19082,(610) 789-0898
348,567 N Sproul Rd,Broomall,PA,19008,(610) 325-2880
349,601 W Lancaster Ave,Bryn Mawr,PA,19010,(610) 525-1950
350,124 Morton Ave,Folsom,PA,19033,(610) 237-3800
351,5300 Baltimore Pike,Clifton Heights,PA,19018,(610) 284-6800
352,527 E Baltimore Pike,Media,PA,19063,(610) 565-5072
353,1825 Limekiln Pike,Dresher,PA,19025,(215) 643-3992
354,800 2nd St Pike,Richboro,PA,18954,(215) 354-4424
355,323 Old York Rd,Jenkintown,PA,19046,(215) 886-2911
356,1825 Limekiln Pike,Dresher,PA,19025,(215) 643-3992
357,6640 Oxford Ave,Philadelphia,PA,19111,(215) 725-9310
358,7700 Crittenden St,Philadelphia,PA,19118,(215) 248-6490
359,2301 Bristol Rd,Bensalem,PA,19020,(215) 757-9995
360,260 Dunns Mills Rd,Bordentown,NJ,08505,(609) 298-2014
361,23 Levitt Pkwy,Willingboro,NJ,08046,(609) 871-0670
362,1095 W Baltimore Pike,Media,PA,19063,(610) 891-0407
363,527 E Baltimore Pike,Media,PA,19063,(610) 565-5072
364,121 E City Ave,Bala Cynwyd,PA,19004,(610) 667-7021
365,5927-59 Ridge Ave,Philadelphia,PA,19128,(215) 487-7180
366,601 W Lancaster Ave,Bryn Mawr,PA,19010,(610) 525-1950
367,800 2nd St Pike,Richboro,PA,18954,(215) 354-4424
368,105 E Street Rd,Feasterville Trevose,PA,19053,(215) 942-4891
369,2301 Bristol Rd,Bensalem,PA,19020,(215) 757-9995
370,567 N Sproul Rd,Broomall,PA,19008,(610) 325-2880
371,1305 W Chester Pike,Havertown,PA,19083,(610) 446-1191
372,700 W Lancaster Ave,Wayne,PA,19087,(610) 341-6073
373,785 Starr St,Phoenixville,PA,19460,(610) 933-6299
374,700 W Lancaster Ave,Wayne,PA,19087,(610) 341-6073
375,39 Leopard Rd,Paoli,PA,19301,(610) 240-0101
376,700 W Lancaster Ave,Wayne,PA,19087,(610) 341-6073
377,3590 W Chester Pike,Newtown Square,PA,19073,(610) 353-8018
378,785 Starr St,Phoenixville,PA,19460,(610) 933-6299
379,1001 South St,Philadelphia,PA,19147,(215) 238-1108
380,1400 E Passyunk Ave,Philadelphia,PA,19147,(215) 467-2221
381,180 W Girard Ave,Philadelphia,PA,19123,(215) 574-2922
382,1901 Johnston St,Philadelphia,PA,19145,(215) 336-4441
383,2101-41 Cottman Ave,Philadelphia,PA,19149,(215) 728-1010
384,29 Snyder Ave,Philadelphia,PA,19148,(215) 271-5603
385,309 S 5th St,Philadelphia,PA,19106,(215) 413-9725
386,3200-09 Red Lion Rd,Philadelphia,PA,19114,(215) 637-4620
387,4001 Walnut St,Philadelphia,PA,19104,(445) 888-3634
388,5927-59 Ridge Ave,Philadelphia,PA,19128,(215) 487-7180
389,6601 Roosevelt Blvd,Philadelphia,PA,19149,(215) 338-4700
390,6640 Oxford Ave,Philadelphia,PA,19111,(215) 725-9310
391,701 Cathedral Rd Suit 34,Philadelphia,PA,19128,(215) 483-7766
392,7010 Germantown Ave,Philadelphia,PA,19119,(215) 247-1160
393,7700 Crittenden St,Philadelphia,PA,19118,(215) 248-6490
394,8200 Roosevelt Blvd,Philadelphia,PA,19152,(215) 338-8077
395,920 Red Lion Rd,Philadelphia,PA,19115,(215) 676-5601
396,39 Leopard Rd,Paoli,PA,19301,(610) 240-0101
397,2761 W Ridge Pike,Norristown,PA,19403,(610) 630-0890
398,700 W Lancaster Ave,Wayne,PA,19087,(610) 341-6073
399,48 West Rd,Newtown,PA,18940,(215) 504-9585
400,105 E Street Rd,Feasterville Trevose,PA,19053,(215) 942-4891
401,200 Blair Mill Rd,Horsham,PA,19044,(215) 956-1600
402,1305 W Chester Pike,Havertown,PA,19083,(610) 446-1191
403,5300 Baltimore Pike,Clifton Heights,PA,19018,(610) 284-6800
404,829 Montgomery Ave,Narberth,PA,19072,(610) 668-1738
405,39 Leopard Rd,Paoli,PA,19301,(610) 240-0101
406,3590 W Chester Pike,Newtown Square,PA,19073,(610) 353-8018
407,567 N Sproul Rd,Broomall,PA,19008,(610) 325-2880
408,101 Byers Dr,Glen Mills,PA,19342,(610) 459-2759
409,39 Leopard Rd,Paoli,PA,19301,(610) 240-0101
410,3951 Lincoln Hwy,Downingtown,PA,19335,(610) 873-8315
