store_id,address,city,state,zip_code,phone_number
1,2935 E Riggs Rd,Chandler,AZ,85249,(480) 802-1970
2,3145 S Alma School Rd,Chandler,AZ,85248,(480) 899-7102
3,4060 W Ray Rd,Chandler,AZ,85226,(480) 491-1026
4,861 E Warner Rd,Gilbert,AZ,85296,(480) 558-0105
5,5040 W Cactus Rd,Glendale,AZ,85304,(602) 843-1871
6,1980 Mcculloch Blvd,Lake Havasu City,AZ,86403,(928) 854-5300
7,12970 W Indian School Rd,Litchfield Park,AZ,85340,(623) 535-7991
8,1951 W Baseline Rd,Mesa,AZ,85202,(480) 456-4373
9,2727 N Power Rd,Mesa,AZ,85215,(480) 396-9282
10,325 S Power Rd,Mesa,AZ,85206,(480) 924-9001
11,441 N Val Vista Dr,Mesa,AZ,85213,(480) 830-5132
12,9243 E Baseline Rd,Mesa,AZ,85209,(480) 986-3060
13,8240 W Deer Valley Rd,Peoria,AZ,85382,(623) 572-5744
14,8950 W Bell Rd,Peoria,AZ,85382,(623) 876-8103
15,18411 N Cave Creek Rd,Phoenix,AZ,85032,(602) 494-7388
16,21001 N Tatum Blvd Suite 76,Phoenix,AZ,85050,(480) 342-8231
17,3130 W Carefree Hwy,Phoenix,AZ,85086,(623) 582-4985
18,8035 N 19th Ave,Phoenix,AZ,85021,(602) 678-0895
19,11475 E Via Linda,Scottsdale,AZ,85259,(480) 767-0819
20,2785 N Scottsdale Rd,Scottsdale,AZ,85257,(480) 947-6977
21,6965 N Hayden Rd,Scottsdale,AZ,85250,(480) 991-9707
22,14551 W Grand Ave,Surprise,AZ,85374,(623) 546-8038
23,1350 N Silverbell Rd,Tucson,AZ,85745,(520) 623-7449
24,2854 N Campbell Ave,Tucson,AZ,85719,(520) 321-1212
25,5085 N La Canada Dr,Tucson,AZ,85704,(520) 696-0325
26,6600 E Grant Rd,Tucson,AZ,85715,(520) 885-6109
27,7300 N La Cholla Blvd,Tucson,AZ,85741,(520) 575-0993
28,9595 E Broadway,Tucson,AZ,85748,(520) 751-7699
29,2378 W 24th St,Yuma,AZ,85364,(928) 343-2330
30,252 W 32nd St,Yuma,AZ,85364,(928) 726-9500
31,2400 W Commonwealth Ave,Alhambra,CA,91803,(626) 293-7100
32,2955 Alpine Blvd,Alpine,CA,91901,(619) 445-0231
33,810 S State College Blvd,Anaheim,CA,92806,(714) 533-4790
34,20261 Hwy 18,Apple Valley,CA,92307,(760) 242-3660
35,298 E Live Oak Ave,Arcadia,CA,91006,(626) 446-1416
36,13045 Rosedale Hwy,Bakersfield,CA,93314,(661) 587-0153
37,1520 Brundage Ln,Bakersfield,CA,93304,(661) 328-0818
38,2691 Mt Vernon Ave,Bakersfield,CA,93306,(661) 872-3511
39,3500 Panama Ln,Bakersfield,CA,93313,(661) 827-0394
40,6045 Coffee Rd,Bakersfield,CA,93308,(661) 587-2870
41,7900 White Ln,Bakersfield,CA,93309,(661) 836-9691
42,8200 E Stockdale Hwy,Bakersfield,CA,93311,(661) 833-6071
43,300 S Highland Springs Ave #7,Banning,CA,92220,(951) 769-1779
44,840 E Hobson Way,Blythe,CA,92225,(760) 922-4099
45,2500 E Imperial Hwy,Brea,CA,92821,(714) 671-1180
46,222 E Hwy 246,Buellton,CA,93427,(805) 693-1069
47,8880 Valley View St,Buena Park,CA,90620,(714) 236-8200
48,26521 Agoura Rd,Calabasas,CA,91302,(818) 880-9080
49,1018 Casitas Pass Rd,Carpinteria,CA,93013,(805) 684-4815
50,110 E Carson St,Carson,CA,90745,(310) 835-6402
51,200 E Sepulveda Blvd,Carson,CA,90745,(310) 513-1900
52,12013 Central Ave,Chino,CA,91710,(909) 464-1594
53,15970 Los Serranos Country Club Dr,Chino Hills,CA,91709,(909) 606-8184
54,3255 Grand Ave,Chino Hills,CA,91709,(909) 590-3660
55,720 3rd Ave,Chula Vista,CA,91910,(619) 498-5160
56,1260 E Ontario Ave,Corona,CA,92881,(951) 734-8451
57,260 W Foothill Pkwy,Corona,CA,92882,(951) 340-1425
58,7070 Archibald Ave,Corona,CA,92880,(951) 279-0333
59,33601 Del Obispo St,Dana Point,CA,92629,(949) 496-7900
60,1235 S Diamond Bar Blvd,Diamond Bar,CA,91765,(909) 861-6207
61,7676 Firestone Blvd,Downey,CA,90241,(562) 869-9670
62,1608 Broadway St,El Cajon,CA,92021,(619) 579-3127
63,2899 Jamacha Rd,El Cajon,CA,92019,(619) 660-9717
64,1509 E Valley Pkwy,Escondido,CA,92027,(760) 735-5131
65,1570 W Valley Pkwy,Escondido,CA,92029,(760) 738-1669
66,1133 S Mission Rd,Fallbrook,CA,92028,(760) 723-8177
67,16061 Brookhurst St,Fountain Valley,CA,92708,(714) 531-0417
68,18579 Brookhurst,Fountain Valley,CA,92708,(714) 963-7503
69,1930 N Placentia Ave,Fullerton,CA,92831,(714) 792-2880
70,2291 W Malvern Ave,Fullerton,CA,92833,(714) 992-6099
71,1735 W Artesia Blvd,Gardena,CA,90248,(310) 380-4620
72,133 W Route 66,Glendora,CA,91740,(626) 963-5358
73,5801 Calle Real,Goleta,CA,93117,(805) 964-2318
74,7127 Hollister Ave #27,Goleta,CA,93117,(805) 968-3558
75,7201 Boulder Ave,Highland,CA,92346,(909) 425-9100
76,16600 Bolsa Chica St,Huntington Beach,CA,92649,(714) 846-9431
77,19640 Beach Blvd,Huntington Beach,CA,92648,(714) 964-7979
78,7201 Yorktown Ave,Huntington Beach,CA,92648,(714) 536-6449
79,14201 Jeffrey Rd,Irvine,CA,92620,(949) 733-0698
80,3825 Alton Pkwy,Irvine,CA,92606,(949) 476-1922
81,3931 Irvine Blvd,Irvine,CA,92602,(714) 734-5655
82,4541 Campus Dr,Irvine,CA,92612,(949) 854-8282
83,6601 Quail Hill Pkwy,Irvine,CA,92603,(949) 509-6109
84,1800 W Whittier Blvd,La Habra,CA,90631,(562) 697-6442
85,8920 Fletcher Pkwy,La Mesa,CA,91942,(619) 667-4343
86,15200 Rosecrans Ave,La Mirada,CA,90638,(714) 521-2310
87,27702 Crown Valley Pkwy Suite B,Ladera Ranch,CA,92694,(949) 364-2040
88,29941 Alicia Pkwy,Laguna Niguel,CA,92677,(949) 495-1891
89,30241 Golden Lantern,Laguna Niguel,CA,92677,(949) 363-0456
90,30901 Riverside Dr,Lake Elsinore,CA,92530,(951) 245-4461
91,24251 Muirlands Blvd,Lake Forest,CA,92630,(949) 581-1642
92,9560 Winter Gardens Blvd,Lakeside,CA,92040,(619) 561-5521
93,5015 Del Amo Blvd,Lakewood,CA,90712,(562) 634-0405
94,43543 20th St W,Lancaster,CA,93534,(661) 940-4747
95,7090 Broadway,Lemon Grove,CA,91945,(619) 463-4418
96,1500 N H St,Lompoc,CA,93436,(805) 736-3948
97,101 E Willow St,Long Beach,CA,90806,(562) 988-8785
98,2035 Hillhurst Ave,Los Angeles,CA,90027,(323) 660-0687
99,3901 Crenshaw Blvd,Los Angeles,CA,90008,(323) 295-1919
100,23072 Alicia Pkwy,Mission Viejo,CA,92692,(949) 583-7337
101,2469 Via Campo St,Montebello,CA,90640,(323) 888-2250
102,730 Quintana Rd,Morro Bay,CA,93442,(805) 772-0670
103,28047 Scott Rd,Murrieta,CA,92563,(951) 246-1586
104,39140 Winchester Rd,Murrieta,CA,92563,(951) 600-4461
105,41000 California Oaks Rd,Murrieta,CA,92562,(951) 600-1027
106,541 S Reino Rd,Newbury Park,CA,91320,(805) 499-7795
107,9022 Balboa Blvd,Northridge,CA,91325,(818) 894-6415
108,3450 Marron Rd,Oceanside,CA,92056,(760) 729-3468
109,3925 Mission Ave,Oceanside,CA,92058,(760) 433-8107
110,4150 Oceanside Blvd,Oceanside,CA,92056,(760) 940-8282
111,4550 E Chapman Ave,Orange,CA,92869,(714) 771-3139
112,8440 E Chapman Ave,Orange,CA,92869,(714) 771-6996
113,940 N Tustin Ave,Orange,CA,92867,(714) 633-2570
114,1120 E Clark Ave,Orcutt,CA,93455,(805) 934-4472
115,42095 Washington St,Palm Desert,CA,92211,(760) 360-6322
116,74590 Hwy 111,Palm Desert,CA,92260,(760) 346-2566
117,1751 N Sunrise Way #1,Palm Springs,CA,92262,(760) 864-1141
118,38727 Tierra Subida Ave,Palmdale,CA,93551,(661) 274-9557
119,189 Niblick Rd,Paso Robles,CA,93446,(805) 237-1626
120,1459 Main St,Ramona,CA,92065,(760) 789-0023
121,11358 Kenyon Way,Rancho Cucamonga,CA,91701,(909) 941-7166
122,8850 Foothill Blvd,Rancho Cucamonga,CA,91730,(909) 484-7237
123,40101 Monterey Ave,Rancho Mirage,CA,92270,(760) 674-4769
124,450 E Cypress Ave,Redlands,CA,92373,(909) 792-1114
125,19307 Saticoy St,Reseda,CA,91335,(818) 772-0010
126,1301 N Norma St,Ridgecrest,CA,93555,(760) 446-2544
127,927 S China Lake Blvd,Ridgecrest,CA,93555,(760) 384-4015
128,2975 Van Buren Blvd,Riverside,CA,92503,(951) 689-2252
129,8938 Trautwein Rd,Riverside,CA,92508,(951) 656-6603
130,2547 Rosamond,Rosamond,CA,93560,(661) 256-0756
131,804 Avenida Pico,San Clemente,CA,92673,(949) 492-1755
132,989 Avendia Pico,San Clemente,CA,92673,(949) 369-5466
133,12475 Rancho Bernardo Rd,San Diego,CA,92128,(858) 385-9223
134,655 14th St,San Diego,CA,92101,(619) 237-1247
135,8650 Lake Murray Blvd,San Diego,CA,92119,(619) 697-8896
136,220 E Bonita Ave,San Dimas,CA,91773,(909) 599-8836
137,151 Woodland Pkwy,San Marcos,CA,92069,(760) 736-8880
138,1571 San Elijo Rd S,San Marcos,CA,92078,(760) 798-1058
139,1929 W San Marcos Blvd,San Marcos,CA,92078,(760) 598-7272
140,28090 S Western Ave,San Pedro,CA,90732,(310) 831-1323
141,2000 E 17th St,Santa Ana,CA,92705,(714) 541-9100
142,2320 S Broadway,Santa Maria,CA,93454,(805) 346-2077
143,27631 W Bouquet Canyon Rd,Saugus,CA,91350,(661) 296-9655
144,1268 Madera Rd,Simi Valley,CA,93065,(805) 520-9306
145,543 Sweetwater Rd,Spring Valley,CA,91977,(619) 461-5700
146,9831 Campo Rd,Spring Valley,CA,91977,(619) 462-6290
147,1044 W Kern St,Taft,CA,93268,(661) 765-4944
148,775 S Tucker Rd,Tehachapi,CA,93561,(661) 823-7090
149,30530 Rancho California Rd,Temecula,CA,92591,(951) 694-0244
150,31960 Temecula Pkwy,Temecula,CA,92592,(951) 303-1133
151,6240 Foothill Blvd,Tujunga,CA,91042,(818) 248-2745
152,13270 Newport Ave,Tustin,CA,92780,(714) 544-8525
153,1910 N Campus Ave,Upland,CA,91784,(909) 946-4447
154,23850 Copperhill Dr,Valencia,CA,91354,(661) 775-0163
155,1301 E Vista Way,Vista,CA,92084,(760) 806-2785
156,1601 S Melrose Dr,Vista,CA,92081,(760) 598-0142
157,6755 Westminster Blvd,Westminster,CA,92683,(714) 898-3668
158,23893 Clinton Keith Rd,Wildomar,CA,92595,(951) 600-4607
159,311 W College Dr,Durango,CO,81301,(970) 382-2224
160,1601 Hwy 50 W,Pueblo,CO,81008,(719) 543-5671
161,1901 S 25th E,Ammon,ID,83406,(208) 524-8100
162,10500 W Overland Rd,Boise,ID,83709,(208) 377-0932
163,10565 W Lake Hazel Rd,Boise,ID,83709,(208) 319-0880
164,10700 W Ustick Rd,Boise,ID,83713,(208) 322-7744
165,1219 S Broadway Ave,Boise,ID,83706,(208) 336-5278
166,1520 N Cole Rd,Boise,ID,83704,(208) 375-2542
167,1650 W State St,Boise,ID,83702,(208) 342-5651
168,1653 S Vista Ave,Boise,ID,83705,(208) 331-1953
169,3614 W State St,Boise,ID,83703,(208) 426-9614
170,4700 N Eagle Rd,Boise,ID,83713,(208) 939-5145
171,5100 W Overland Rd,Boise,ID,83705,(208) 336-1372
172,6560 S Federal Way,Boise,ID,83716,(208) 429-1084
173,7100 W State St,Boise,ID,83714,(208) 342-2756
174,909 E Parkcenter Blvd,Boise,ID,83706,(208) 345-3180
175,2500 Blaine St,Caldwell,ID,83605,(208) 454-1271
176,415 Cleveland Blvd,Caldwell,ID,83605,(208) 459-3411
177,220 Ironwood Dr,Coeur d'Alene,ID,83814,(208) 664-9101
178,250 S Eagle Rd,Eagle,ID,83616,(208) 939-9850
179,640 Hwy 16,Emmett,ID,83617,(208) 365-4420
180,911 N Main St,Hailey,ID,83333,(208) 788-6709
181,161 W Prairie Ave,Hayden,ID,83835,(208) 772-7473
182,20 E Wyoming Ave,Homedale,ID,83628,(208) 337-4679
183,1705 W Broadway St,Idaho Falls,ID,83402,(208) 522-3392
184,590 E 17th St,Idaho Falls,ID,83404,(208) 523-0950
185,700 E Avalon St,Kuna,ID,83634,(208) 922-9834
186,1024 21st St,Lewiston,ID,83501,(208) 743-1561
187,132 E Lake St,McCall,ID,83638,(208) 634-8166
188,20 E Fairview Ave,Meridian,ID,83642,(208) 888-4792
189,3301 W Cherry Ln,Meridian,ID,83642,(208) 884-5471
190,3499 E Fairview Ave,Meridian,ID,83642,(208) 605-3752
191,528 N Main St,Mountain Home,ID,83647,(208) 587-5460
192,2400 12th Ave Rd,Nampa,ID,83686,(208) 465-6597
193,715 12th Ave S,Nampa,ID,83651,(208) 466-2481
194,405 S Main St,Payette,ID,83661,(208) 642-9075
195,330 E Benton St,Pocatello,ID,83201,(208) 233-0455
196,490 N 2nd E,Rexburg,ID,83440,(208) 356-0555
197,1221 Addison Ave E,Twin Falls,ID,83301,(208) 733-3573
198,2265 S MacArthur Dr,Alexandria,LA,71301,(318) 487-9395
199,15128 Airline Hwy,Baton Rouge,LA,70817,(225) 751-2808
200,15232 George O'Neal Rd,Baton Rouge,LA,70817,(225) 753-0700
201,2950 College Dr,Baton Rouge,LA,70808,(225) 924-6084
202,4857 Government St,Baton Rouge,LA,70806,(225) 216-7226
203,7515 Perkins Rd,Baton Rouge,LA,70808,(225) 769-6100
204,9650 Airline Hwy,Baton Rouge,LA,70815,(225) 926-9304
205,9960 Bluebonnet Blvd,Baton Rouge,LA,70810,(225) 768-7775
206,1210 Albertson Pkwy,Broussard,LA,70518,(337) 839-1717
207,1801 W Thomas St,Hammond,LA,70401,(985) 542-9720
208,2678 Johnston St,Lafayette,LA,70503,(337) 233-2940
209,2863 Ambassador Caffery,Lafayette,LA,70506,(337) 406-8887
210,4400 Ambassador Caffery,Lafayette,LA,70508,(337) 984-4587
211,2750 Country Club Rd,Lake Charles,LA,70605,(337) 480-0424
212,4060 Ryan St S,Lake Charles,LA,70605,(337) 478-8995
213,105 E Southfield Rd,Shreveport,LA,71105,(318) 869-1646
214,1300 E Park Ave,Anaconda,MT,59711,(406) 563-5238
215,6999 Jackrabbit Ln,Belgrade,MT,59714,(406) 388-0901
216,1212 Grand Ave,Billings,MT,59102,(406) 245-4118
217,2334 Central Ave,Billings,MT,59102,(406) 656-8160
218,3137 Grand Ave,Billings,MT,59102,(406) 652-8370
219,511 Central Ave,Billings,MT,59102,(406) 245-0115
220,611 N 27th St,Billings,MT,59101,(406) 248-7474
221,670 Main St,Billings,MT,59105,(406) 245-8792
222,200 S 23rd Ave,Bozeman,MT,59718,(406) 586-4785
223,501 W Main St,Cut Bank,MT,59427,(406) 873-5035
224,54181 US Hwy 2,Glasgow,MT,59230,(406) 228-8252
225,307 N Harmon St,Glendive,MT,59330,(406) 365-3324
226,1414 3rd St NW,Great Falls,MT,59404,(406) 761-6800
227,2250 10th Ave S,Great Falls,MT,59405,(406) 727-3700
228,1313 N 1st St,Hamilton,MT,59840,(406) 363-4555
229,117 Main St S,Harlem,MT,59526,(406) 353-2225
230,3151 N Montana Ave,Helena,MT,59602,(406) 443-8557
231,600 Fee St,Helena,MT,59601,(406) 442-1052
232,900 W Idaho St,Kalispell,MT,59901,(406) 257-7127
233,117 W Janeaux St,Lewistown,MT,59457,(406) 538-5454
234,2120 W Park St,Livingston,MT,59047,(406) 222-1177
235,30 S 3rd St E,Malta,MT,59538,(406) 654-2041
236,519 S Haynes Ave,Miles City,MT,59301,(406) 232-2580
237,1003 E Broadway St,Missoula,MT,59802,(406) 549-2351
238,2205 Oxford St,Missoula,MT,59801,(406) 549-5105
239,2230 N Reserve St,Missoula,MT,59808,(406) 728-1116
240,3800 Russell St,Missoula,MT,59801,(406) 549-1547
241,130 5th Ave N,Shelby,MT,59474,(406) 434-5581
242,415 Blaine St,Wolf Point,MT,59201,(406) 653-1700
243,1008 Nevada Hwy,Boulder City,NV,89005,(702) 293-7611
244,2582 Idaho St,Elko,NV,89801,(775) 738-8016
245,190 N Boulder Hwy,Henderson,NV,89015,(702) 565-3068
246,201 S Stephanie St,Henderson,NV,89012,(702) 269-1502
247,2910 Bicentennial Pkwy,Henderson,NV,89044,(702) 567-1023
248,575 College Dr,Henderson,NV,89015,(702) 568-0115
249,1001 S Rainbow Blvd,Las Vegas,NV,89145,(702) 877-3338
250,10140 W Flamingo Rd,Las Vegas,NV,89147,(702) 562-1745
251,10250 W Charleston Blvd,Las Vegas,NV,89135,(702) 838-4322
252,11720 W Charleston Blvd,Las Vegas,NV,89135,(702) 363-1153
253,1300 E Flamingo Rd,Las Vegas,NV,89119,(702) 733-2947
254,1650 N Buffalo Dr,Las Vegas,NV,89128,(702) 562-6079
255,1760 E Charleston Blvd,Las Vegas,NV,89104,(702) 366-1550
256,1940 Village Center Circle,Las Vegas,NV,89134,(702) 341-0308
257,2550 S Fort Apache Rd,Las Vegas,NV,89117,(702) 242-1138
258,2835 S Nellis Blvd,Las Vegas,NV,89121,(702) 457-1491
259,2885 E Desert Inn Rd,Las Vegas,NV,89121,(702) 792-7156
260,4055 S Durango Dr,Las Vegas,NV,89147,(702) 869-1474
261,4800 Blue Diamond Rd,Las Vegas,NV,89139,(702) 260-0318
262,4850 W Craig Rd,Las Vegas,NV,89130,(702) 515-1455
263,5500 Boulder Hwy,Las Vegas,NV,89122,(702) 435-6777
264,5881 E Charleston Blvd,Las Vegas,NV,89142,(702) 457-1400
265,5975 W Tropicana Ave,Las Vegas,NV,89103,(702) 889-2000
266,6730 N Hualapai Way,Las Vegas,NV,89149,(702) 670-4942
267,6885 E Lake Mead Blvd,Las Vegas,NV,89156,(702) 453-0845
268,7075 W Ann Rd,Las Vegas,NV,89130,(702) 839-2727
269,7151 W Craig Rd,Las Vegas,NV,89129,(702) 839-9034
270,7271 S Eastern Ave,Las Vegas,NV,89119,(702) 269-7166
271,7350 S Rainbow Blvd,Las Vegas,NV,89139,(702) 739-1033
272,7975 Blue Diamond Rd,Las Vegas,NV,89178,(702) 614-4221
273,8350 W Cheyenne Ave,Las Vegas,NV,89129,(702) 395-2700
274,8410 Farm Rd,Las Vegas,NV,89131,(702) 658-2030
275,9725 S Maryland Pkwy,Las Vegas,NV,89183,(702) 616-1946
276,3010 W Ann Rd,North Las Vegas,NV,89031,(702) 656-3103
277,200 S Hwy 160,Pahrump,NV,89048,(775) 751-0160
278,4909 E Main St,Farmington,NM,87402,(505) 325-1486
279,1702 E 66th Ave,Gallup,NM,87301,(505) 722-4457
280,1285 S El Paseo Rd,Las Cruces,NM,88001,(575) 523-5538
281,2501 N Main St,Las Cruces,NM,88001,(575) 524-1980
282,2551 E Lohman Ave,Las Cruces,NM,88011,(575) 521-9837
283,1956 Hwy 180 E,Silver City,NM,88061,(575) 388-1909
284,6055 SW 185th Ave,Aloha,OR,97078,(503) 642-7059
285,2301 Ashland St,Ashland,OR,97520,(541) 482-6320
286,1120 Campbell St,Baker City,OR,97814,(541) 524-0412
287,1800 NE 3rd St,Bend,OR,97701,(541) 382-3661
288,61155 S Hwy 97,Bend,OR,97702,(541) 382-3600
289,1360 Plaza Blvd,Central Point,OR,97502,(541) 665-3761
290,1675 W 18th Ave,Eugene,OR,97402,(541) 485-7027
291,3075 Hilyard St,Eugene,OR,97405,(541) 687-1742
292,311 Coburg Rd,Eugene,OR,97401,(541) 342-7635
293,4740 Royal Ave,Eugene,OR,97402,(541) 688-6497
294,55 Division Ave,Eugene,OR,97404,(541) 689-3960
295,1690 Allen Creek Rd,Grants Pass,OR,97527,(541) 471-2148
296,7500 SW Baseline Rd,Hillsboro,OR,97123,(503) 591-7557
297,888 NE 25th Ave,Hillsboro,OR,97124,(503) 681-8927
298,5500 S 6th St,Klamath Falls,OR,97603,(541) 882-7239
299,16199 Boones Ferry Rd,Lake Oswego,OR,97035,(503) 635-3429
300,615 SW Keck Dr,McMinnville,OR,97128,(503) 474-1087
301,113 Ross Ln,Medford,OR,97501,(541) 858-5937
302,910 N Phoenix Rd,Medford,OR,97504,(541) 770-7050
303,1410 Westpark Plaza,Ontario,OR,97914,(541) 889-9123
304,19007 S Beavercreek Rd,Oregon City,OR,97045,(503) 657-3248
305,18425 NW West Union Rd,Portland,OR,97229,(503) 533-5998
306,451 NE 181st St,Portland,OR,97230,(503) 666-3801
307,5415 SW Beaverton Hwy,Portland,OR,97221,(503) 246-1713
308,5850 NE Prescott,Portland,OR,97218,(503) 284-5083
309,3013 NW Stewart Pkwy,Roseburg,OR,97471,(541) 957-9224
310,2000 Marcola Rd,Springfield,OR,97477,(541) 746-8850
311,5755 S Main St,Springfield,OR,97478,(541) 746-1653
312,14300 SW Barrows Rd,Tigard,OR,97223,(503) 590-0543
313,25691 SE Stark,Troutdale,OR,97060,(503) 667-1722
314,301 SW Plaza Shopping Center,Arlington,TX,76016,(817) 478-4291
315,5950 S Cooper St,Arlington,TX,76017,(817) 557-0185
316,6220 US Hwy 287,Arlington,TX,76001,(817) 478-8901
317,480 Northwest Pkwy,Azle,TX,76020,(817) 270-1116
318,1300 Airport Freeway,Bedford,TX,76022,(817) 354-0622
319,833 NE Alsbury Blvd,Burleson,TX,76028,(817) 447-9106
320,2150 N Josey Ln,Carrollton,TX,75006,(972) 446-8226
321,427 E FM 1382,Cedar Hill,TX,75104,(972) 291-9863
322,210 W Katherine P Raines,Cleburne,TX,76033,(817) 641-2002
323,4000 Glade Rd,Colleyville,TX,76034,(817) 354-0505
324,4351 FM 2181,Corinth,TX,76210,(940) 321-4540
325,320 Casa Linda Plaza,Dallas,TX,75218,(214) 319-7919
326,4625 Frankford Rd,Dallas,TX,75287,(972) 732-6291
327,200 W Crawford St,Denison,TX,75020,(903) 463-6076
328,2321 W University Dr,Denton,TX,76201,(940) 383-2391
329,10765 Kenworthy,El Paso,TX,79924,(915) 821-2006
330,11320 Montwood Dr,El Paso,TX,79936,(915) 855-9761
331,2200 Yarbrough Dr,El Paso,TX,79925,(915) 591-9477
332,3100 Mesa St,El Paso,TX,79902,(915) 351-1002
333,5200 Montana Ave,El Paso,TX,79903,(915) 778-8996
334,5630 N Desert Blvd,El Paso,TX,79912,(915) 845-5069
335,7022 N Mesa St,El Paso,TX,79912,(915) 584-9460
336,1155 N Main St,Euless,TX,76039,(817) 354-9195
337,3525 Sycamore School Rd,Fort Worth,TX,76133,(817) 346-6497
338,3563 Alton Rd,Fort Worth,TX,76109,(817) 548-1415
339,4400 Western Center Blvd,Fort Worth,TX,76137,(817) 232-2180
340,6700 W Freeway,Fort Worth,TX,76116,(817) 377-8074
341,7400 Oakmont Blvd,Fort Worth,TX,76132,(817) 423-9556
342,850 E Loop 820,Fort Worth,TX,76112,(817) 451-0306
343,9300 Clifford St,Fort Worth,TX,76108,(817) 246-3366
344,5710 Broadway Blvd,Garland,TX,75043,(972) 240-7339
345,215 N Carrier Pkwy,Grand Prairie,TX,75050,(972) 642-6555
346,6308 Lake Worth Blvd,Lake Worth,TX,76135,(817) 237-8124
347,3603 McCann Rd,Longview,TX,75605,(903) 663-2082
348,3001 S Central Expy,McKinney,TX,75070,(972) 548-1003
349,1500 S Beltline Rd,Mesquite,TX,75149,(972) 285-0226
350,2828 Motley Dr,Mesquite,TX,75150,(972) 270-2406
351,2165 E Buckingham Dr,Richardson,TX,75081,(972) 680-1711
352,1201 N Saginaw Blvd,Saginaw,TX,76179,(817) 232-2777
353,100 E Taylor St,Sherman,TX,75092,(903) 868-9686
354,4415 W 7th St,Texarkana,TX,75501,(903) 831-7226
355,6249 Rufe Snow Dr,Watauga,TX,76148,(817) 428-0541
356,225 E Spring St,Weatherford,TX,76086,(817) 594-9390
357,745 N Dixie Dr,Saint George,UT,84770,(435) 688-7156
358,915 Redcliffs Dr,Washington,UT,84780,(435) 628-0424
359,4010 A St,Auburn,WA,98002,(253) 939-1850
360,2108 W Main St,Battle Ground,WA,98604,(360) 687-4130
361,400 Bridge St,Clarkston,WA,99403,(509) 758-5523
362,520 128th St SW,Everett,WA,98204,(425) 347-3681
363,11330 NW 51st Ave,Gig Harbor,WA,98332,(253) 853-4750
364,5204 W Clearwater Ave,Kennewick,WA,99336,(509) 783-1457
365,8196 NE Hwy 104,Kingston,WA,98346,(360) 297-1800
366,17171 Bothell Way NE,Lake Forest Park,WA,98155,(206) 363-5397
367,301 Marysville Mall #60,Marysville,WA,98270,(360) 659-5841
368,3322 132nd St SE,Mill Creek,WA,98012,(425) 338-0775
369,3520 Pacific Ave SE,Olympia,WA,98501,(360) 459-9340
370,1330 N 20th Ave,Pasco,WA,99301,(509) 547-8858
371,1434 Olney Ave SE,Port Orchard,WA,98366,(360) 895-2292
372,370 SW Sedgwick Rd,Port Orchard,WA,98367,(360) 876-2085
373,11012 Canyon Rd E,Puyallup,WA,98373,(253) 537-3770
374,3925 236th Ave NE,Redmond,WA,98053,(425) 836-8112
375,4621 NE Sunset Blvd,Renton,WA,98059,(425) 271-2564
376,690 Gage Blvd,Richland,WA,99352,(509) 627-4714
377,2550 32nd Ave W,Seattle,WA,98199,(206) 283-9434
378,17520 SR 9 SE,Snohomish,WA,98296,(360) 668-1132
379,13606 E 32nd Ave,Spokane,WA,99216,(509) 892-2112
380,3010 E 57th Ave,Spokane,WA,99223,(509) 443-6403
381,6520 N Nevada,Spokane,WA,99208,(509) 489-1250
382,8851 E Trent Ave,Spokane,WA,99212,(509) 924-9014
383,9001 N Indian Trail Rd,Spokane,WA,99208,(509) 465-8110
384,104 Military Rd,Tacoma,WA,98444,(253) 538-1688
385,8611 Steilacoom Blvd SW,Tacoma,WA,98498,(253) 582-5844
386,705 Trosper Rd SW,Tumwater,WA,98512,(360) 705-3569
387,14300 NE 20th Ave,Vancouver,WA,98686,(360) 576-4066
388,450 N Wilbur Ave,Walla Walla,WA,99362,(509) 529-1710
389,1128 N Miller St,Wenatchee,WA,98801,(509) 663-8547
390,1076 CY Ave,Casper,WY,82604,(307) 266-0136
391,2625 E 2nd St,Casper,WY,82609,(307) 237-9361
392,3355 E Pershing Blvd,Cheyenne,WY,82001,(307) 635-1151
393,5800 Yellowstone Rd,Cheyenne,WY,82009,(307) 637-8171
394,1825 17th St,Cody,WY,82414,(307) 527-7007
395,2610 S Douglas Hwy,Gillette,WY,82718,(307) 686-7352
396,105 Buffalo Way,Jackson,WY,83001,(307) 733-5950
397,1323 Dewar Dr,Rock Springs,WY,82901,(307) 362-8386
398,1865 Coffeen Ave,Sheridan,WY,82801,(307) 672-8909
