address,city,state,zip_code,phone_number
300 E Baltimore Ave,Lansdowne,PA,19050,(610) 623-9223
950 Baltimore Pike,Springfield,PA,19064,(610) 604-1570
721 W Sproul Rd,Springfield,PA,19064,(610) 328-0029
116 Township Line Rd,Havertown,PA,19083,(610) 449-1161
3015 West Emmaus Ave,Allentown,PA,18103,(610) 791-9644
3070 Tilghman St,Allentown,PA,18104,(610) 776-1531
4930 Edgmont Ave,Brookhaven,PA,19015,(610) 876-6445
4855 West Chester Pike,Newtown Square,PA,19073,(610) 325-2478
2670 Egypt Rd,Norristown,PA,19403,(610) 631-8130
310 S Henderson Rd,King Of Prussia,PA,19406,(610) 265-1870
1760 Dekalb Pike,Blue Bell,PA,19422,(610) 239-7804
700 Nutt Rd,Phoenixville,PA,19460,(610) 917-9086
300 Lincoln Avenue,East Stroudsburg,PA,18301,(570) 476-2908
837 Male Rd,Wind Gap,PA,18091,(610) 863-8635
859 Nazareth Pike,Nazareth,PA,18064,(610) 759-7213
301 Town Center Blvd,Easton,PA,18040,(610) 559-8770
4001 New Falls Rd,Levittown,PA,19056,(215) 949-1408
176 W. Street Road,Feasterville,PA,19053,(215) 396-3393
2550 Grant Ave,Philadelphia,PA,19114,(215) 464-8280
168 N Flowers Mill Rd,Langhorne,PA,19047,(215) 741-3360
1000 Scott Town Plaza,Bloomsburg,PA,17815,(570) 389-9004
70 S Locust St,Hazleton,PA,18201,(570) 459-5613
502 Church St,Danville,PA,17821,(570) 271-0470
1544 Route 61 Hwy S,Pottsville,PA,17901,(570) 385-4273
2174 West Union Blvd,Bethlehem,PA,18018,(610) 691-4304
2918 Easton Ave,Bethlehem,PA,18017,(610) 866-3355
3926 Linden St,Bethlehem,PA,18020,(610) 882-0585
50 Briar Creek Plz,Berwick,PA,18603,(570) 802-0595
330 Marketplace Blvd,Selinsgrove,PA,17870,(570) 743-0106
2450 Chemical Rd,Plymouth Meeting,PA,19462,(610) 941-5448
10 East Ridge Pike,Conshohocken,PA,19428,(610) 940-2231
1121 Bethlehem Pike,Spring House,PA,19477,(215) 283-4585
3400 Concord Rd,Aston,PA,19014,(610) 497-5375
539 North Oak Ave,Aldan,PA,19018,(610) 623-5313
50 E Wynnewood Rd,Wynnewood,PA,19096,(610) 642-5206
200 S Dorcas St,Lewistown,PA,17044,(717) 242-2371
2121 South Atherton,State College,PA,16801,(814) 861-2578
255 Northland Ctr,State College,PA,16803,(814) 237-1828
7673 Lake Raystown,Huntingdon,PA,16652,(814) 643-2794
5301 Simpson Ferry Rd,Mechanicsburg,PA,17055,(717) 766-6550
255 Cumberland Pwky,Mechanicsburg,PA,17055,(717) 591-0979
130 Old York Rd,New Cumberland,PA,17070,(717) 774-4936
4510 Marketplace Way,Enola,PA,17025,(717) 909-7012
255S Spring Garden St,Carlisle,PA,17013,(717) 249-2323
950 Walnut Bottom Road,Carlisle,PA,17015,(717) 601-3676
200 Town Ctr,New Britain,PA,18901,(215) 345-0334
1201 Knapp Rd,North Wales,PA,19454,(215) 661-1025
1540 Cowpath Rd,Hatfield,PA,19440,(215) 361-4190
1661 South Easton Road,Warrington,PA,18976,(215) 918-1220
925 Norland Ave,Chambersburg,PA,17201,(717) 267-0440
993 Wayne Ave,Chambersburg,PA,17201,(717) 263-4000
1750 Quentin Road,Lebanon,PA,17042,(717) 270-9955
835 Bowman Street,Lebanon,PA,17046,(717) 272-5584
1250 Cocoa Ave,Hershey,PA,17033,(717) 312-0725
277 Hershey Rd,Hummelstown,PA,17036,(717) 256-0050
550 Centerville Rd,Lancaster,PA,17601,(717) 898-3011
789 E Main St,Mount Joy,PA,17552,(717) 653-0396
1360 Columbia Ave,Lancaster,PA,17603,(717) 291-9678
1605 Lititz Pike,Lancaster,PA,17601,(717) 299-0391
1874 Bethlehem Pike,Flourtown,PA,19031,(215) 836-4300
1880 Leithsville Rd,Hellertown,PA,18055,(610) 838-7700
1465 W Broad St,Quakertown,PA,18951,(215) 538-3399
901 S West End Blvd,Quakertown,PA,18951,(215) 536-5065
2651 MacArthur Commons,Whitehall,PA,18052,(484) 245-0080
300 S Best Ave,Walnutport,PA,18088,(610) 760-6184
224 Hardwood Drive,Lewisburg,PA,17837,(570) 524-9868
1600 Nay Aug Ave,Scranton,PA,18509,(570) 343-5997
65 Route 611,Bartonsville,PA,18321,(570) 421-1797
6560 Carlisle Pike,Mechanicsburg,PA,17055,(717) 796-6555
3301 Trindle Rd,Camp Hill,PA,17011,(717) 724-1166
1255 Carlisle Rd,York,PA,17404,(717) 718-1884
205 Glen Dr,Manchester,PA,17345,(717) 266-8560
2415 East Market St,York,PA,17402,(717) 755-0991
275 Pauline Dr,York,PA,17402,(717) 741-5332
5858 Easton Rd,Plumsteadville,PA,18949,(215) 766-8665
4275 County Line Rd,Chalfont,PA,18914,(215) 997-2883
801 S 25th St,Easton,PA,18045,(484) 546-0084
450 East Main St,Middletown,PA,17057,(717) 948-1607
2300 Linglestown Rd,Harrisburg,PA,17110,(717) 545-0489
10 Newport Rd,Leola,PA,17540,(717) 656-9983
1008 Lititz Pike,Lititz,PA,17543,(717) 625-0303
235 N Reservoir St,Lancaster,PA,17602,(800) 573-2763
141 E Swedesford Rd,Exton,PA,19341,(610) 594-0847
168 Eagleview Blvd,Exton,PA,19341,(610) 363-0799
833 W Trenton Ave,Morrisville,PA,19067,(215) 295-8032
700 Stony Hill Rd,Yardley,PA,19067,(215) 493-3540
466 Second Street Pike,Southampton,PA,18966,(215) 357-5324
2721 Street Rd,Bensalem,PA,19020,(215) 604-9924
315 York Rd,Willow Grove,PA,19090,(215) 784-1960
2350 Susquehanna Rd,Roslyn,PA,19001,(215) 881-2100
1925 Norristown Rd,Maple Glen,PA,19002,(215) 643-4567
455 Eisenhower Dr,Hanover,PA,17331,(717) 632-2882
801 Baltimore St,Hanover,PA,17331,(717) 632-6673
397 Baltimore Rd,Shippensburg,PA,17257,(717) 532-7515
2130 Palomino Rd,Dover,PA,17315,(717) 292-3702
180 Upland Square Dr,Stowe,PA,19464,(610) 705-0000
86 Glocker Way,Pottstown,PA,19465,(610) 705-3352
1824 Ridge Pike,Royersford,PA,19468,(610) 831-5450
967 S Township Line Rd,Royersford,PA,19468,(610) 792-9950
12 Newport Plaza,Newport,PA,17074,(717) 567-3950
5005 Jonestown Road,Harrisburg,PA,17109,(717) 545-3752
760 Pennsylvania 113,Souderton,PA,18964,(215) 703-0580
136 Kline Vlg,Harrisburg,PA,17104,(717) 909-7306
4211 Union Deposit Rd,Harrisburg,PA,17111,(717) 920-0437
6301 Grayson Road,Harrisburg,PA,17111,(717) 561-1285
611 Main St,Harleysville,PA,19438,(215) 513-0400
2180 West Chester Pike,Broomall,PA,19008,(610) 355-7717
1241 Blakeslee Blvd,Lehighton,PA,18235,(570) 386-4146
216 E Fairmont St,Coopersburg,PA,18036,(610) 282-4200
720 West Street Rd,Warminster,PA,18974,(215) 674-4607
325 West Freedom Ave,Burnham,PA,17009,(717) 248-3963
4320 5th Street Hwy,Temple,PA,19560,(610) 939-2640
7150 Hamilton Blvd,Trexlertown,PA,18087,(610) 391-0152
4655 Perkiomen Ave,Reading,PA,19606,(610) 406-9640
173 Holly Rd,Gilbertsville,PA,19525,(610) 473-3200
350 Scarlet Rd,Kennett Square,PA,19348,(610) 444-8160
830 E Baltimore Pike,Kennett Square,PA,19348,(610) 444-7020
550 E Lancaster Ave,Saint Davids,PA,19087,(610) 989-0781
106 Willow Valley Square,Lancaster,PA,17602,(717) 464-2181
3 Doublewoods Rd,Langhorne,PA,19047,(215) 968-0676
3401 Chestnut Street,Philadelphia,PA,19104,(445) 888-3022
202 Chestnut St,Coplay,PA,18037,(610) 262-7581
850 East Main St,Ephrata,PA,17522,(717) 733-6334
471 Oxford Valley Rd,Fairless Hills,PA,19030,(215) 949-8941
1969 East 3rd St,Williamsport,PA,17701,(570) 329-2002
1375 Boot Rd,West Chester,PA,19380,(610) 344-3050
314 Horsham Rd,Horsham,PA,19044,(215) 682-7422
3985 Columbia Avenue,Columbia,PA,17512,(717) 285-4380
1278 S Market St,Elizabethtown,PA,17022,(717) 367-1943
4357 West Swamp Rd,Doylestown,PA,18901,(267) 885-0920
3777 Peters Mtn,Halifax,PA,17032,(717) 896-8703
10000 Shannondell Drive,Audubon,PA,19403,(610) 728-5600
1004 N 2nd street,Philadelphia,PA,19123,(215) 923-3919
2303 Bainbridge St,Philadelphia,PA,19146,(215) 875-8305
225 Lancaster Ave,Malvern,PA,19355,(610) 296-5551
1153 N 5th St,Perkasie,PA,18944,(215) 257-1131
2104 Van Reed Rd,West Lawn,PA,19609,(610) 670-4713
15100 Kutztown Road,KUTZTOWN,PA,19530,(610) 683-3689
100 Towns Edge Drive,Quarryville,PA,17566,(717) 786-7301
35 Friendly Drive,Quarryville,PA,17566,(717) 284-4147
2641 Shillington Rd,Reading,PA,19609,(610) 678-3286
600 E Lancaster Ave,Reading,PA,19607,(610) 775-5015
737 Huntingdon Pike,Huntingdon Valley,PA,19006,(215) 379-6900
1550 Main St,Dickson Cty,PA,18447,(570) 307-1320
3175 Cape Horn Rd,Red Lion,PA,17356,(717) 246-7137
698 Downingtown Pike,West Chester,PA,19380,(610) 430-7150
1393 Dilworthtown Xing,West Chester,PA,19382,(610) 431-2351
3477 Lincoln Hwy,Thorndale,PA,19372,(610) 383-5460
