address,city,state,zip_code,phone_number
1631 Kalorama Rd Nw Suite 100, Washington, Dc, 20009,
1201 First St Ne, Washington, Dc, 20002,
1350 Potomac Ave Se, Washington, Dc, 20003,
401 M Street Se, Washington, Dc, 20003,
26370 Bay Farm Rd, Millsboro, De, 19966,
31221 Americana Pkwy, Selbyville, De, 19975,
5518 S. Fletcher Ave, Fernandina Beach, Fl, 32034,
4800 First Coast Highway, Fernandina Beach, Fl, 32034,
600 Sea Island Rd Suite 23, St. Simons, Ga, 31522,
3779 Boston St, Baltimore, Md, 21224,
1801 Whetstone Way, Baltimore, Md, 21230,
4805 Battery Ln., Bethesda, Md, 20814,
15501 Annapolis Rd, Bowie, Md, 20715,
44900 St. Andrews Church Rd., California, Md, 20619,
22700 Sweetshrub Dr, Clarksburg, Md, 20871,
8620 Guilford Rd, Columbia, Md, 21046,
10125 Ward Road, Dunkirk, Md, 20754,
28528 Marlboro Ave, Easton, Md, 21601,
11075 Resort Rd, Ellicott City, Md, 21042,
8184 Westside Blvd, Fulton, Md, 20759,
323 Copley Place, Gaithersburg, Md, 20878,
14101 Darnestown Rd, Germantown, Md, 20874,
14702 Baltimore Ave, Laurel, Md, 20707,
11845 Old Georgetown Rd, North Bethesda, Md, 20852,
18169 Towncenter Dr, Olney, Md, 20832,
12525 Park Potomac Ave, Potomac, Md, 20854,
143 Ritchie Highway N., Severna Park, Md, 21146,
11109 Us 15-501 Hwy, Aberdeen, Nc, 28315,
817 N First St, Albemarle, Nc, 28001,
750 West Williams St, Apex, Nc, 27502,
940 Us Highway 64 W, Apex, Nc, 27523,
136 Merrimon Ave, Asheville, Nc, 28801,
905 South Point Rd., Belmont, Nc, 28012,
240 Shadowline Dr, Boone, Nc, 28607,
2727 S. Church St, Burlington, Nc, 27215,
310 N Greensboro St, Carrboro, Nc, 27510,
400 Mill Creek Rd, Carthage, Nc, 28327,
10140 Green Level Church Rd, Cary, Nc, 27519,
2080 Kildaire Farm Rd, Cary, Nc, 27518,
270 Grande Heights Drive, Cary, Nc, 27513,
1273 Nw Maynard Rd, Cary, Nc, 27513,
7145 O'Kelly Chapel Rd, Cary, Nc, 27519,
3430 Ten Ten Rd, Cary, Nc, 27518,
98 Cornerstone Dr, Cary, Nc, 27519,
1151 Tryon Village Dr, Cary, Nc, 27518,
885 Walnut St, Cary, Nc, 27511,
1800 Martin Luther King Jr Blvd, Chapel Hill, Nc, 27514,
88 Chatham Downs Dr, Chapel Hill, Nc, 27517,
116 West Barbee Chapel Rd, Chapel Hill, Nc, 27517,
2110 S Estes Dr, Chapel Hill, Nc, 27514,
3333 Pineville-Matthews Rd, Charlotte, Nc, 28226,
15007 John J. Delaney Dr, Charlotte, Nc, 28277,
4821 Berewick Town Center, Charlotte, Nc, 28278,
9641 Brookdale Drive, Charlotte, Nc, 28215,
1704 Central Ave, Charlotte, Nc, 28205,
2720 West Mallard Creek Church Rd, Charlotte, Nc, 28262,
7823 Colony Road, Charlotte, Nc, 28226,
112 S Sharon Amity, Charlotte, Nc, 28211,
1227 East Blvd, Charlotte, Nc, 28203,
5706 Wyalong Dr, Charlotte, Nc, 28227,
6701 Morrison Blvd, Charlotte, Nc, 28211,
1015 Providence Rd, Charlotte, Nc, 28207,
4100 Carmel Rd, Charlotte, Nc, 28226,
4101 Park Rd, Charlotte, Nc, 28209,
5030 Park Rd., Charlotte, Nc, 28209,
10616 Providence Rd, Charlotte, Nc, 28277,
8538 Park Rd, Charlotte, Nc, 28210,
11135 Golf Links Dr, Charlotte, Nc, 28277,
4701 Smith Farm Road, Charlotte, Nc, 28216,
1621 N Sardis Rd, Charlotte, Nc, 28270,
2717 South Blvd., Charlotte, Nc, 28209,
8445 Davis Lake Pkwy, Charlotte, Nc, 28269,
13000 South Tryon St, Charlotte, Nc, 28278,
7852 Rea Rd, Charlotte, Nc, 28277,
16625 Lancaster Hwy, Charlotte, Nc, 28277,
9720 Rea Rd, Charlotte, Nc, 28277,
5810 Highland Shoppes Dr, Charlotte, Nc, 28269,
8600 University City Blvd, Charlotte, Nc, 28213,
325 W 6Th St, Charlotte, Nc, 28202,
67 Crossroads Way, Clayton, Nc, 27527,
4150 Clemmons Rd, Clemmons, Nc, 27012,
9900 Poplar Tent Rd Suite 124, Concord, Nc, 28027,
358 George W. Liles Pkwy Nw, Concord, Nc, 28027,
1245 Concord Parkway North Suite 1, Concord, Nc, 28025,
21720 Catawba Avenue, Cornelius, Nc, 28031,
19815 North Cove Rd, Cornelius, Nc, 28031,
601 Currituck Clubhouse Dr, Corolla, Nc, 27927,
431 Peninsula Dr, Davidson, Nc, 28036,
601 Griffith St, Davidson, Nc, 28036,
11124 Renaissance Dr, Davidson, Nc, 28036,
149 Cross Center Drive, Denver, Nc, 28037,
1817 Martin Luther King Jr Pkwy, Durham, Nc, 27707,
3457 Hillsborough Road, Durham, Nc, 27705,
2107 Hillsborough Rd, Durham, Nc, 27705,
1125 W Nc Highway 54 Suite 310, Durham, Nc, 27707,
1802 North Pointe Drive, Durham, Nc, 27705,
5116 N. Roxboro Street, Durham, Nc, 27704,
202 Nc Hwy 54, Durham, Nc, 27713,
1501 Horton Rd, Durham, Nc, 27705,
2800 Raeford Rd, Fayetteville, Nc, 28303,
3050 Traemoor Village Dr, Fayetteville, Nc, 28306,
1371 E. Broad Street, Fuquay-Varina, Nc, 27526,
8101 Fayetteville Rd, Fuquay Varina, Nc, 27526,
3350 Robinwood Rd, Gastonia, Nc, 28054,
2120 Wayne Memorial Dr, Goldsboro, Nc, 27534,
5710-W West Gate City Boulevard, Greensboro, Nc, 27407,
1605 New Garden Rd, Greensboro, Nc, 27410,
701 Francis King Street, Greensboro, Nc, 27410,
2639 Lawndale Dr, Greensboro, Nc, 27408,
401 Pisgah Church Rd, Greensboro, Nc, 27455,
4010 Battleground Ave, Greensboro, Nc, 27410,
3330 W Friendly Ave, Greensboro, Nc, 27410,
2120 E Fire Tower Rd, Greenville, Nc, 27858,
3040 Evans St, Greenville, Nc, 27834,
203 Alston Blvd, Hampstead, Nc, 28443,
12190 University City Blvd, Harrisburg, Nc, 28075,
636 Spartanburg Hwy, Hendersonville, Nc, 28792,
265 Eastchester Dr Suite 121, High Point, Nc, 27262,
1589 Skeet Club Rd Suite 140, High Point, Nc, 27265,
324 Village Walk Dr, Holly Springs, Nc, 27540,
5277 Sunset Lake Rd, Holly Springs, Nc, 27540,
9759 Sam Furr Rd, Huntersville, Nc, 28078,
7715 Regency Lake Dr, Huntersville, Nc, 28078,
9925 Rose Commons Dr, Huntersville, Nc, 28078,
6610 Old Monroe Rd, Indian Trail, Nc, 28079,
971 S Main St, Kernersville, Nc, 27284,
2012 South Croatan Hwy, Kill Devil Hills, Nc, 27948,
5400 North Croatan Hwy #A, Kitty Hawk, Nc, 27949,
2021 Old Regent Way, Leland, Nc, 28451,
1351 Chestnut Ln, Matthews, Nc, 28104,
15080-P Idlewild Rd, Matthews, Nc, 28104,
1811 Matthews Township Pkwy, Matthews, Nc, 28105,
3100 Weddington Rd, Matthews, Nc, 28105,
7800 Stevens Mill Rd, Matthews, Nc, 28104,
7036 Brighton Park Dr, Mint Hill, Nc, 28227,
134-H Town Center Drive, Mooresville, Nc, 28117,
118 Argus Ln, Mooresville, Nc, 28117,
5000 Us Hwy 70 Suite 100, Morehead City, Nc, 28557,
4093 Davis Dr, Morrisville, Nc, 27560,
2032 Waterscape Way, New Bern, Nc, 28562,
3565 Ml King Jr. Blvd, New Bern, Nc, 28562,
305 Ivey Ln, Pinehurst, Nc, 28374,
500 Oberlin Road, Raleigh, Nc, 27605,
9600 Falls Of Neuse Rd, Raleigh, Nc, 27615,
2603 Glenwood Ave Suite 101, Raleigh, Nc, 27608,
13210 Strickland Rd, Raleigh, Nc, 27613,
120-100 St. Albans Dr, Raleigh, Nc, 27609,
6024 Falls Of The Neuse Rd, Raleigh, Nc, 27609,
3201-123 Edwards Mill Rd, Raleigh, Nc, 27612,
5563 Western Blvd, Raleigh, Nc, 27606,
7400 Creedmoor Rd, Raleigh, Nc, 27615,
4221 Corners Parkway, Raleigh, Nc, 27617,
2051 W Millbrook Rd, Raleigh, Nc, 27612,
8345 Creedmoor Road, Raleigh, Nc, 27613,
14520 John Rex Blvd, Raleigh, Nc, 27614,
3679 Sunset Ave, Rocky Mount, Nc, 27804,
850 Jake Alexander Blvd W, Salisbury, Nc, 28144,
1432 Brogden Woods Dr, Wake Forest, Nc, 27587,
13686 Capital Blvd, Wake Forest, Nc, 27587,
3638 Rogers Road, Wake Forest, Nc, 27587,
8157 Kensington Dr, Waxhaw, Nc, 28173,
13639 Providence Rd, Weddington, Nc, 28104,
5920 Weddington-Monroe Rd, Wesley Chapel, Nc, 28104,
5920 Carolina Beach Rd, Wilmington, Nc, 28412,
820 S College Rd, Wilmington, Nc, 28403,
3501 Oleander Drive #18, Wilmington, Nc, 28403,
2800 S College Rd, Wilmington, Nc, 28412,
1940 Eastwood Rd, Wilmington, Nc, 28403,
6805 Parker Farm Rd, Wilmington, Nc, 28405,
8260 Market St, Wilmington, Nc, 28411,
3401 Raleigh Road Pkwy W Suite 10A, Wilson, Nc, 27896,
2281 Cloverdale Ave, Winston-Salem, Nc, 27103,
150 Grant Hill Lane, Winston-Salem, Nc, 27104,
2835 Reynolda Rd, Winston-Salem, Nc, 27106,
5365 Robinhood Village Dr, Winston-Salem, Nc, 27106,
420-22 S Stratford Rd, Winston-Salem, Nc, 27103,
1955 N Peacehaven Rd, Winston-Salem, Nc, 27106,
3865 West Ashley Circle, Charleston, Sc, 29414,
290 E Bay St, Charleston, Sc, 29401,
1985 Folly Rd, Charleston, Sc, 29412,
1005 Harborview Rd, Charleston, Sc, 29412,
1739 Maybank Highway, Charleston, Sc, 29412,
675 Folly Rd, Charleston, Sc, 29412,
975 Savannah Hwy Suite 135, Charleston, Sc, 29407,
1812 Sam Rittenberg Blvd., Charleston, Sc, 29407,
1930 W Palmetto St, Florence, Sc, 29501,
500 Mercantile Place, Fort Mill, Sc, 29715,
867 Stockbridge Dr, Fort Mill, Sc, 29708,
1750 Highway 160 W, Fort Mill, Sc, 29708,
1720 Augusta St., Greenville, Sc, 29605,
100 Wade Hampton Blvd., Greenville, Sc, 29609,
301 Main St, Hilton Head, Sc, 29926,
33 Office Park Rd Suite 100, Hilton Head, Sc, 29928,
6271 Carolina Commons Dr, Indian Land, Sc, 29707,
1513 Palm Blvd, Isle Of Palms, Sc, 29451,
515 Freshfields Dr, Johns Island, Sc, 29455,
620 Long Point Rd., Mount Pleasant, Sc, 29464,
2035 Hwy 41, Mount Pleasant, Sc, 29466,
2195 Tea Planter Ln, Mount Pleasant, Sc, 29466,
920 Houston Northcutt Blvd, Mount Pleasant, Sc, 29464,
1220 Ben Sawyer Blvd Suite C, Mt Pleasant, Sc, 29464,
1981 Riviera Dr, Mt Pleasant, Sc, 29464,
2750 Celanese Rd, Rock Hill, Sc, 29730,
680 Bacons Bridge Rd, Summerville, Sc, 29485,
9500 Dorchester Rd, Summerville, Sc, 29485,
42015 Village Center Plaza #110, Aldie, Va, 20105,
735 N. Saint Asaph St, Alexandria, Va, 22314,
4641 Duke St, Alexandria, Va, 22304,
954 South George Mason, Arlington, Va, 22204,
600 North Glebe Rd, Arlington, Va, 22203,
2425 N. Harrison St, Arlington, Va, 22207,
900 Army Navy Dr, Arlington, Va, 22202,
3600 S Glebe Rd, Arlington, Va, 22202,
4250 Campbell Ave, Arlington, Va, 22206,
20070 Ashbrook Commons Plaza Suite 151, Ashburn, Va, 20147,
42415 Ryan Rd, Ashburn, Va, 20148,
43300 Southern Walk Plaza Suite 130, Ashburn, Va, 20148,
42780 Creek View Plaza, Ashburn, Va, 20147,
10438 Bristow Center Dr, Bristow, Va, 20136,
25401 Eastern Marketplace Plaza Suite 150, Chantilly, Va, 20152,
975 Emmet St, Charlottesville, Va, 22903,
545 Radford Ln Building A, Charlottesville, Va, 22903,
159 Community St, Charlottesville, Va, 22911,
1216 Greenbrier Parkway, Chesapeake, Va, 23320,
237 Hanbury Rd East, Chesapeake, Va, 23322,
1400 Kempsville Road, Chesapeake, Va, 23320,
3905 Fair Ridge Dr, Fairfax, Va, 22033,
6351 Columbia Pike, Falls Church, Va, 22041,
301 West Broad, Falls Church, Va, 22046,
13901 Heathcote Blvd, Gainesville, Va, 20155,
227 Fox Hill Road, Hampton, Va, 23669,
12960 Highland Crossing Dr, Herndon, Va, 20171,
19350 Winmeade Dr, Leesburg, Va, 20176,
10060 Market Circle, Manassas, Va, 20110,
12745 Galveston Ct, Manassas, Va, 20112,
8200 Crestwood Heights Dr, McLean, Va, 22102,
12404 Warwick Blvd, Newport News, Va, 23606,
1320 Colonial Ave, Norfolk, Va, 23517,
179 West Ocean View Ave., Norfolk, Va, 23503,
7550 Granby St, Norfolk, Va, 23505,
3249 Tyre Neck Rd, Portsmouth, Va, 23703,
105 Purcellville Gateway Dr, Purcellville, Va, 20132,
11806 Spectrum Center, Reston, Va, 20190,
21399 Epicerie Plaza, Sterling, Va, 20164,
3575 Shoulder Hill Bridge Rd, Suffolk, Va, 23435,
2675 Avenir Place, Vienna, Va, 22180,
2800 Arctic Ave, Virginia Beach, Va, 23451,
4540 Princess Anne Rd Suite 117, Virginia Beach, Va, 23462,
2476 Nimmo Parkway, Virginia Beach, Va, 23456,
2110 N. Great Neck Square, Virginia Beach, Va, 23454,
1069 Independence Blvd., Virginia Beach, Va, 23455,
5060 Ferrell Parkway, Virginia Beach, Va, 23464,
3333 Virginia Beach Blvd Suite 101, Virginia Beach, Va, 23452,
2105 Princess Anne Rd Suite 100, Virginia Beach, Va, 23456,
2129 General Booth Blvd., Virginia Beach, Va, 23454,
530 Fletcher Dr, Warrenton, Va, 20186,
4511 John Tyler Highway, Williamsburg, Va, 23185,
6485 Centerville Rd, Williamsburg, Va, 23188,
1470 Quarterpath Rd, Williamsburg, Va, 23185,
