address,city,state,zip_code,phone_number
343 W Irving Park Rd,Wood Dale,IL,60191,(630) 773-4326
1127 S York Rd,Bensenville,IL,60106,(630) 238-0170
33 E St Charles Rd,Villa Park,IL,60181,(630) 832-0400
103 S Randall Rd,Algonquin,IL,60102,(847) 854-7020
1501 E Algonquin Rd,Algonquin,IL,60102,(847) 658-5635
3243 W 115th St,Merrionette Park,IL,60803,(708) 389-9001
4650 W 103rd St,Oak Lawn,IL,60453,(708) 636-2520
3128 W 103rd St,Chicago,IL,60655,(773) 238-4444
900 E Rollins Rd,Round Lake Beach,IL,60073,(847) 223-9201
2401 Route 12,Spring Grove,IL,60081,(815) 675-6716
1350 US Route 12,Fox Lake,IL,60020,(847) 973-9075
122 N Vail Ave,Arlington Heights,IL,60005,(847) 398-1430
1860 S Arlington Heights Rd,Arlington Heights,IL,60005,(847) 593-1730
440 E Rand Rd,Arlington Heights,IL,60004,(847) 255-8735
1157 N Eola Rd,Aurora,IL,60502,(630) 851-1669
1952 W Galena Blvd,Aurora,IL,60506,(630) 859-1212
345 S Rand Rd,Lake Zurich,IL,60047,(847) 438-2720
485 Ela Rd,Lake Zurich,IL,60047,(847) 438-7300
1485 Palatine Rd,Hoffman Estates,IL,60192,(847) 202-0586
217 Irving Park Rd,Streamwood,IL,60107,(630) 837-6015
750 Army Trail Rd,Carol Stream,IL,60188,(630) 289-3700
2501 Schaumburg Rd,Schaumburg,IL,60194,(847) 524-8960
2073 Prairie St,St Charles,IL,60174,(630) 584-7228
652 Kirk Rd,St Charles,IL,60174,(630) 587-0847
153 Schiller St,Elmhurst,IL,60126,(630) 530-8790
140 W Lake St,Addison,IL,60101,(630) 543-0521
10203 W Grand Ave,Franklin Park,IL,60131,(847) 455-7711
2103 N Veterans Pkwy,Bloomington,IL,61704,(309) 664-1320
2203 E Oakland Ave,Bloomington,IL,61701,(309) 663-4012
1227 Naper Blvd,Naperville,IL,60540,(630) 961-9050
2855 W 95th St,Naperville,IL,60564,(630) 904-5119
1759 W Ogden Ave,Naperville,IL,60540,(630) 637-0490
446 S Washington Ave,Kankakee,IL,60901,(815) 935-2040
2021 E Laraway Rd,New Lenox,IL,60451,(815) 463-4950
21164 S La Grange Rd,Frankfort,IL,60423,(815) 464-5352
423 E Dundee Rd,Palatine,IL,60074,(847) 991-4545
333 E Euclid Ave,Mount Prospect,IL,60056,(847) 394-9390
9424 S Pulaski Rd,Oak Lawn,IL,60453,(708) 423-0535
8801 S Ridgeland Ave,Oak Lawn,IL,60453,(708) 599-4500
125 E Stearns Rd,Bartlett,IL,60103,(630) 540-0856
2164 Bloomingdale Rd,Glendale Heights,IL,60139,(630) 893-2770
2031 N Main St,Wheaton,IL,60187,(630) 682-0220
800 NW Hwy 14,Fox River Grove,IL,60021,(847) 516-4315
6140 Northwest Hwy,Crystal Lake,IL,60014,(815) 356-8628
102 W Division St,Chicago,IL,60610,(312) 397-1130
11730 S Marshfield Ave,Chicago,IL,60643,(773) 568-8157
1220 S Ashland Ave,Chicago,IL,60608,(312) 733-0153
1224 S Wabash Ave,Chicago,IL,60605,(312) 663-0580
1340 S Canal St,Chicago,IL,60607,(312) 666-5495
1341 N Paulina St,Chicago,IL,60622,(773) 342-3410
1655 E 95th St,Chicago,IL,60617,(773) 731-9086
1763 W Howard St,Chicago,IL,60626,(773) 274-1287
2520 N Narragansett Ave,Chicago,IL,60639,(773) 637-1631
2550 N Clybourn Ave,Chicago,IL,60614,(773) 348-6426
2940 N Ashland Ave,Chicago,IL,60657,(773) 871-8242
3400 N Western Ave,Chicago,IL,60618,(773) 327-1204
3531 N Broadway St,Chicago,IL,60657,(773) 871-1054
3570 N Elston Ave,Chicago,IL,60618,(773) 583-9150
3630 N Southport Ave,Chicago,IL,60613,(773) 327-2330
3644 S Archer Ave,Chicago,IL,60609,(773) 523-6923
370 N Desplaines St,Chicago,IL,60661,(312) 243-2710
4042 W Foster Ave,Chicago,IL,60630,(773) 583-8080
424 W Division St,Chicago,IL,60610,(312) 642-2709
4250 N Lincoln Ave,Chicago,IL,60618,(773) 472-6171
4355 N Sheridan Rd,Chicago,IL,60613,(773) 477-7151
443 E 34th St,Chicago,IL,60616,(312) 842-0667
4660 W Irving Park Rd,Chicago,IL,60641,(773) 202-0211
4729 N Central Ave,Chicago,IL,60630,(773) 777-1142
4734 N Cumberland Ave,Chicago,IL,60656,(773) 625-2055
5320 S Pulaski Rd,Chicago,IL,60632,(773) 284-7700
5343 N Broadway,Chicago,IL,60640,(773) 784-1922
550 N State St,Chicago,IL,60654,(312) 527-2162
5516 N Clark St,Chicago,IL,60640,(773) 728-7730
6014 S Cottage Grove,Chicago,IL,60637,(773) 358-4278
6107 S Archer Ave,Chicago,IL,60638,(773) 735-0043
6430 W Irving Park Rd,Chicago,IL,60634,(773) 725-8900
7342 W Foster Ave,Chicago,IL,60656,(773) 775-6866
7530 S Stony Island Ave,Chicago,IL,60649,(773) 955-8150
87 W 87th St,Chicago,IL,60620,(773) 487-8700
9400 S Ashland Ave,Chicago,IL,60620,(773) 238-2393
4 E Ogden Ave,Westmont,IL,60559,(630) 323-9885
7329 S Cass Ave,Darien,IL,60561,(630) 960-3177
6215 Main St,Downers Grove,IL,60516,(630) 969-3105
507 E Woodlawn Ave,La Grange Park,IL,60526,(708) 354-4643
303 Holmes Ave,Clarendon Hills,IL,60514,(630) 654-3455
2128 S Mannheim Rd,Westchester,IL,60154,(708) 531-9560
696 Northwest Hwy,Cary,IL,60013,(847) 639-3599
2317 75th St,Woodridge,IL,60517,(630) 985-9380
1600 Deerfield Rd,Highland Park,IL,60035,(847) 579-0872
2775 Pfingsten Rd,Glenview,IL,60026,(847) 564-8550
2502 N Waukegan Rd,Glenview,IL,60025,(847) 486-0864
220 W Peace Rd,Sycamore,IL,60178,(815) 895-5276
800 N Main St,Elburn,IL,60119,(630) 365-4215
465 N Route 47,Sugar Grove,IL,60554,(630) 466-1493
1500 S Lee St,Des Plaines,IL,60018,(847) 296-7786
819 S Elmhurst Rd,Des Plaines,IL,60016,(847) 956-1220
1148 Ogden Ave,Downers Grove,IL,60515,(630) 963-0645
1312 John Deere Expy,Silvis,IL,61282,(309) 792-5955
2010 1st St A,Moline,IL,61265,(309) 797-0558
1307 N 2nd St,Clinton,IA,52732,(563) 243-6995
119 S Randall Rd,Batavia,IL,60510,(630) 879-6622
1040 Summit Ave,Elgin,IL,60120,(847) 622-8112
1660 Larkin Ave,Elgin,IL,60123,(847) 695-7573
1151 S Roselle Rd,Schaumburg,IL,60193,(847) 891-8388
944 S York Rd,Elmhurst,IL,60126,(630) 834-0006
1128 Chicago Ave,Evanston,IL,60202,(847) 869-7950
2485 Howard St,Evanston,IL,60202,(847) 328-9791
4222 W Elm St,McHenry,IL,60050,(815) 344-1408
150 W Main St,Barrington,IL,60010,(847) 381-4525
17930 Wolf Rd,Orland Park,IL,60467,(708) 479-1573
17117 S Harlem Ave,Tinley Park,IL,60477,(708) 532-7414
800 W North Ave,Melrose Park,IL,60160,(708) 547-7974
1177 S Main St,Lombard,IL,60148,(630) 953-1390
30 Danada Square W,Wheaton,IL,60189,(630) 668-1172
1340 Patriot Blvd,Glenview,IL,60026,(847) 657-9130
1150 W Maple Ave,Mundelein,IL,60060,(847) 970-9250
6509 W Grand Ave,Gurnee,IL,60031,(847) 855-1991
922 N Green Bay Rd,Waukegan,IL,60085,(847) 662-0042
885 E Belvidere Rd,Grayslake,IL,60030,(847) 543-8976
12803 S Harlem Ave,Palos Heights,IL,60463,(708) 671-1568
16 S Waukegan Rd,Deerfield,IL,60015,(847) 272-7420
1069 N Roselle Rd,Hoffman Estates,IL,60169,(847) 882-3210
1202 State St,Lemont,IL,60439,(630) 243-1925
9652 W 131st St,Palos Park,IL,60464,(708) 361-8880
9350 W 159th St,Orland Park,IL,60462,(708) 403-6920
17705 S Halsted St,Homewood,IL,60430,(708) 957-1810
3153 W 183rd,Homewood,IL,60430,(708) 957-3131
10090 HWY 47,Huntley,IL,60142,(847) 802-3357
13200 Village Green Dr,Huntley,IL,60142,(847) 961-5597
1401 W Jefferson St,Joliet,IL,60435,(815) 725-9880
1537 N Larkin,Joliet,IL,60435,(815) 725-4407
655 Main St NW,Bourbonnais,IL,60914,(815) 929-0560
5545 S Brainard Ave,Countryside,IL,60525,(708) 352-0120
7122 W 40th St,Stickney,IL,60402,(708) 484-8421
1300 S Milwaukee Ave,Libertyville,IL,60048,(847) 816-8200
14200 S Bell Rd,Homer Glen,IL,60491,(708) 301-0984
16625 W 159th St,Lockport,IL,60441,(815) 834-9516
1501 S Lake St,Mundelein,IL,60060,(847) 566-6161
890 N Western Ave,Lake Forest,IL,60045,(847) 735-8018
20 S Weber Rd,Romeoville,IL,60446,(815) 293-0665
599 E Roosevelt Rd,Glen Ellyn,IL,60137,(630) 858-9096
145 S Eastwood Dr,Woodstock,IL,60098,(815) 206-0499
7525 W Lake St,River Forest,IL,60305,(708) 771-0044
12001 S Pulaski Rd,Alsip,IL,60803,(708) 371-3460
199 Brookforest Ave,Shorewood,IL,60404,(815) 730-3944
1414 N Division St,Morris,IL,60450,(815) 942-2374
2480 Route 59,Plainfield,IL,60586,(815) 254-3291
107 Avenue Of The Cities,East Moline,IL,61244,(309) 751-0935
2051 Ridge Rd,Minooka,IL,60447,(815) 467-0924
127 E Ogden Ave,Naperville,IL,60563,(630) 420-1818
475 N Nelson Rd,New Lenox,IL,60451,(815) 462-0018
5667 W Touhy Ave,Niles,IL,60714,(847) 647-6880
7900 Milwaukee Ave,Niles,IL,60714,(847) 965-3925
8730 W Dempster,Niles,IL,60714,(847) 298-6352
438 W Madison St,Oak Park,IL,60302,(708) 383-7111
7036 Roosevelt Rd,Oak Park,IL,60304,(708) 524-9660
2540 US Hwy 30,Oswego,IL,60543,(630) 892-0029
3795 Orchard Rd,Oswego,IL,60543,(630) 551-1347
45 S Plum Grove Rd,Palatine,IL,60067,(847) 991-1888
9528 S Roberts Rd,Hickory Hills,IL,60457,(708) 599-5514
13460 S Rt 59,Plainfield,IL,60585,(815) 577-2605
411 N Green Bay Rd,Wilmette,IL,60091,(847) 256-7420
805 Joliet St,Dyer,IN,46311,(219) 864-0078
716 Ridge Rd,Munster,IN,46321,(219) 836-1118
966 Route 59,Antioch,IL,60002,(847) 395-7363
1320 Sycamore Rd,Dekalb,IL,60115,(815) 758-5478
5616 W 159th St,Oak Forest,IL,60452,(708) 614-6700
3124 N Lewis Ave,Waukegan,IL,60087,(847) 249-1130
1517 Sheridan Rd,Wilmette,IL,60091,(847) 256-7790
20 W Biesterfield,Elk Grove Village,IL,60007,(847) 593-1112
1156 Maple Ave,Lisle,IL,60532,(630) 964-5166
1276 N Main St,Crown Point,IN,46307,(219) 662-0080
3220 Chicago Rd,South Chicago Heights,IL,60411,(708) 755-7372
763 E 162nd St,South Holland,IL,60473,(708) 596-1960
