store_id,address,city,state,zip_code,phone_number
1,343 W Irving Park Rd,Wood Dale,IL,60191,(630) 773-4326
2,1127 S York Rd,Bensenville,IL,60106,(630) 238-0170
3,33 E St Charles Rd,Villa Park,IL,60181,(630) 832-0400
4,103 S Randall Rd,Algonquin,IL,60102,(847) 854-7020
5,1501 E Algonquin Rd,Algonquin,IL,60102,(847) 658-5635
6,3243 W 115th St,Merrionette Park,IL,60803,(708) 389-9001
7,4650 W 103rd St,Oak Lawn,IL,60453,(708) 636-2520
8,3128 W 103rd St,Chicago,IL,60655,(773) 238-4444
9,900 E Rollins Rd,Round Lake Beach,IL,60073,(847) 223-9201
10,2401 Route 12,Spring Grove,IL,60081,(815) 675-6716
11,1350 US Route 12,Fox Lake,IL,60020,(847) 973-9075
12,122 N Vail Ave,Arlington Heights,IL,60005,(847) 398-1430
13,1860 S Arlington Heights Rd,Arlington Heights,IL,60005,(847) 593-1730
14,440 E Rand Rd,Arlington Heights,IL,60004,(847) 255-8735
15,1157 N Eola Rd,Aurora,IL,60502,(630) 851-1669
16,1952 W Galena Blvd,Aurora,IL,60506,(630) 859-1212
17,345 S Rand Rd,Lake Zurich,IL,60047,(847) 438-2720
18,485 Ela Rd,Lake Zurich,IL,60047,(847) 438-7300
19,1485 Palatine Rd,Hoffman Estates,IL,60192,(847) 202-0586
20,217 Irving Park Rd,Streamwood,IL,60107,(630) 837-6015
21,750 Army Trail Rd,Carol Stream,IL,60188,(630) 289-3700
22,2501 Schaumburg Rd,Schaumburg,IL,60194,(847) 524-8960
23,2073 Prairie St,St Charles,IL,60174,(630) 584-7228
24,1952 W Galena Blvd,Aurora,IL,60506,(630) 859-1212
25,652 Kirk Rd,St Charles,IL,60174,(630) 587-0847
26,153 Schiller St,Elmhurst,IL,60126,(630) 530-8790
27,140 W Lake St,Addison,IL,60101,(630) 543-0521
28,10203 W Grand Ave,Franklin Park,IL,60131,(847) 455-7711
29,2103 N Veterans Pkwy,Bloomington,IL,61704,(309) 664-1320
30,2203 E Oakland Ave,Bloomington,IL,61701,(309) 663-4012
31,1227 Naper Blvd,Naperville,IL,60540,(630) 961-9050
32,2855 W 95th St,Naperville,IL,60564,(630) 904-5119
33,1759 W Ogden Ave,Naperville,IL,60540,(630) 637-0490
34,446 S Washington Ave,Kankakee,IL,60901,(815) 935-2040
35,2021 E Laraway Rd,New Lenox,IL,60451,(815) 463-4950
36,21164 S La Grange Rd,Frankfort,IL,60423,(815) 464-5352
37,440 E Rand Rd,Arlington Heights,IL,60004,(847) 255-8735
38,423 E Dundee Rd,Palatine,IL,60074,(847) 991-4545
39,333 E Euclid Ave,Mount Prospect,IL,60056,(847) 394-9390
40,9424 S Pulaski Rd,Oak Lawn,IL,60453,(708) 423-0535
41,8801 S Ridgeland Ave,Oak Lawn,IL,60453,(708) 599-4500
42,4650 W 103rd St,Oak Lawn,IL,60453,(708) 636-2520
43,125 E Stearns Rd,Bartlett,IL,60103,(630) 540-0856
44,2164 Bloomingdale Rd,Glendale Heights,IL,60139,(630) 893-2770
45,2031 N Main St,Wheaton,IL,60187,(630) 682-0220
46,800 NW Hwy 14,Fox River Grove,IL,60021,(847) 516-4315
47,6140 Northwest Hwy,Crystal Lake,IL,60014,(815) 356-8628
48,1501 E Algonquin Rd,Algonquin,IL,60102,(847) 658-5635
49,102 W Division St,Chicago,IL,60610,(312) 397-1130
50,11730 S Marshfield Ave,Chicago,IL,60643,(773) 568-8157
51,1220 S Ashland Ave,Chicago,IL,60608,(312) 733-0153
52,1224 S Wabash Ave,Chicago,IL,60605,(312) 663-0580
53,1340 S Canal St,Chicago,IL,60607,(312) 666-5495
54,1341 N Paulina St,Chicago,IL,60622,(773) 342-3410
55,1655 E 95th St,Chicago,IL,60617,(773) 731-9086
56,1763 W Howard St,Chicago,IL,60626,(773) 274-1287
57,2520 N Narragansett Ave,Chicago,IL,60639,(773) 637-1631
58,2550 N Clybourn Ave,Chicago,IL,60614,(773) 348-6426
59,2940 N Ashland Ave,Chicago,IL,60657,(773) 871-8242
60,3128 W 103rd St,Chicago,IL,60655,(773) 238-4444
61,3400 N Western Ave,Chicago,IL,60618,(773) 327-1204
62,3531 N Broadway St,Chicago,IL,60657,(773) 871-1054
63,3570 N Elston Ave,Chicago,IL,60618,(773) 583-9150
64,3630 N Southport Ave,Chicago,IL,60613,(773) 327-2330
65,3644 S Archer Ave,Chicago,IL,60609,(773) 523-6923
66,370 N Desplaines St,Chicago,IL,60661,(312) 243-2710
67,4042 W Foster Ave,Chicago,IL,60630,(773) 583-8080
68,424 W Division St,Chicago,IL,60610,(312) 642-2709
69,4250 N Lincoln Ave,Chicago,IL,60618,(773) 472-6171
70,4355 N Sheridan Rd,Chicago,IL,60613,(773) 477-7151
71,443 E 34th St,Chicago,IL,60616,(312) 842-0667
72,4660 W Irving Park Rd,Chicago,IL,60641,(773) 202-0211
73,4729 N Central Ave,Chicago,IL,60630,(773) 777-1142
74,4734 N Cumberland Ave,Chicago,IL,60656,(773) 625-2055
75,5320 S Pulaski Rd,Chicago,IL,60632,(773) 284-7700
76,5343 N Broadway,Chicago,IL,60640,(773) 784-1922
77,550 N State St,Chicago,IL,60654,(312) 527-2162
78,5516 N Clark St,Chicago,IL,60640,(773) 728-7730
79,6014 S Cottage Grove,Chicago,IL,60637,(773) 358-4278
80,6107 S Archer Ave,Chicago,IL,60638,(773) 735-0043
81,6430 W Irving Park Rd,Chicago,IL,60634,(773) 725-8900
82,7342 W Foster Ave,Chicago,IL,60656,(773) 775-6866
83,7530 S Stony Island Ave,Chicago,IL,60649,(773) 955-8150
84,87 W 87th St,Chicago,IL,60620,(773) 487-8700
85,9400 S Ashland Ave,Chicago,IL,60620,(773) 238-2393
86,4 E Ogden Ave,Westmont,IL,60559,(630) 323-9885
87,7329 S Cass Ave,Darien,IL,60561,(630) 960-3177
88,6215 Main St,Downers Grove,IL,60516,(630) 969-3105
89,507 E Woodlawn Ave,La Grange Park,IL,60526,(708) 354-4643
90,303 Holmes Ave,Clarendon Hills,IL,60514,(630) 654-3455
91,2128 S Mannheim Rd,Westchester,IL,60154,(708) 531-9560
92,696 Northwest Hwy,Cary,IL,60013,(847) 639-3599
93,103 S Randall Rd,Algonquin,IL,60102,(847) 854-7020
94,1501 E Algonquin Rd,Algonquin,IL,60102,(847) 658-5635
95,6215 Main St,Downers Grove,IL,60516,(630) 969-3105
96,303 Holmes Ave,Clarendon Hills,IL,60514,(630) 654-3455
97,2317 75th St,Woodridge,IL,60517,(630) 985-9380
98,1600 Deerfield Rd,Highland Park,IL,60035,(847) 579-0872
99,2775 Pfingsten Rd,Glenview,IL,60026,(847) 564-8550
100,2502 N Waukegan Rd,Glenview,IL,60025,(847) 486-0864
101,220 W Peace Rd,Sycamore,IL,60178,(815) 895-5276
102,800 N Main St,Elburn,IL,60119,(630) 365-4215
103,465 N Route 47,Sugar Grove,IL,60554,(630) 466-1493
104,1500 S Lee St,Des Plaines,IL,60018,(847) 296-7786
105,819 S Elmhurst Rd,Des Plaines,IL,60016,(847) 956-1220
106,1148 Ogden Ave,Downers Grove,IL,60515,(630) 963-0645
107,6215 Main St,Downers Grove,IL,60516,(630) 969-3105
108,1312 John Deere Expy,Silvis,IL,61282,(309) 792-5955
109,2010 1st St A,Moline,IL,61265,(309) 797-0558
110,1307 N 2nd St,Clinton,IA,52732,(563) 243-6995
111,2073 Prairie St,St Charles,IL,60174,(630) 584-7228
112,119 S Randall Rd,Batavia,IL,60510,(630) 879-6622
113,465 N Route 47,Sugar Grove,IL,60554,(630) 466-1493
114,1040 Summit Ave,Elgin,IL,60120,(847) 622-8112
115,1660 Larkin Ave,Elgin,IL,60123,(847) 695-7573
116,343 W Irving Park Rd,Wood Dale,IL,60191,(630) 773-4326
117,1860 S Arlington Heights Rd,Arlington Heights,IL,60005,(847) 593-1730
118,1151 S Roselle Rd,Schaumburg,IL,60193,(847) 891-8388
119,153 Schiller St,Elmhurst,IL,60126,(630) 530-8790
120,944 S York Rd,Elmhurst,IL,60126,(630) 834-0006
121,1128 Chicago Ave,Evanston,IL,60202,(847) 869-7950
122,2485 Howard St,Evanston,IL,60202,(847) 328-9791
123,4222 W Elm St,McHenry,IL,60050,(815) 344-1408
124,900 E Rollins Rd,Round Lake Beach,IL,60073,(847) 223-9201
125,2401 Route 12,Spring Grove,IL,60081,(815) 675-6716
126,696 Northwest Hwy,Cary,IL,60013,(847) 639-3599
127,1501 E Algonquin Rd,Algonquin,IL,60102,(847) 658-5635
128,150 W Main St,Barrington,IL,60010,(847) 381-4525
129,2021 E Laraway Rd,New Lenox,IL,60451,(815) 463-4950
130,17930 Wolf Rd,Orland Park,IL,60467,(708) 479-1573
131,17117 S Harlem Ave,Tinley Park,IL,60477,(708) 532-7414
132,800 W North Ave,Melrose Park,IL,60160,(708) 547-7974
133,1127 S York Rd,Bensenville,IL,60106,(630) 238-0170
134,4734 N Cumberland Ave,Chicago,IL,60656,(773) 625-2055
135,1177 S Main St,Lombard,IL,60148,(630) 953-1390
136,30 Danada Square W,Wheaton,IL,60189,(630) 668-1172
137,2031 N Main St,Wheaton,IL,60187,(630) 682-0220
138,750 Army Trail Rd,Carol Stream,IL,60188,(630) 289-3700
139,2031 N Main St,Wheaton,IL,60187,(630) 682-0220
140,140 W Lake St,Addison,IL,60101,(630) 543-0521
141,1340 Patriot Blvd,Glenview,IL,60026,(847) 657-9130
142,2502 N Waukegan Rd,Glenview,IL,60025,(847) 486-0864
143,2775 Pfingsten Rd,Glenview,IL,60026,(847) 564-8550
144,900 E Rollins Rd,Round Lake Beach,IL,60073,(847) 223-9201
145,1150 W Maple Ave,Mundelein,IL,60060,(847) 970-9250
146,6509 W Grand Ave,Gurnee,IL,60031,(847) 855-1991
147,922 N Green Bay Rd,Waukegan,IL,60085,(847) 662-0042
148,885 E Belvidere Rd,Grayslake,IL,60030,(847) 543-8976
149,900 E Rollins Rd,Round Lake Beach,IL,60073,(847) 223-9201
150,8801 S Ridgeland Ave,Oak Lawn,IL,60453,(708) 599-4500
151,12803 S Harlem Ave,Palos Heights,IL,60463,(708) 671-1568
152,4650 W 103rd St,Oak Lawn,IL,60453,(708) 636-2520
153,16 S Waukegan Rd,Deerfield,IL,60015,(847) 272-7420
154,2775 Pfingsten Rd,Glenview,IL,60026,(847) 564-8550
155,2502 N Waukegan Rd,Glenview,IL,60025,(847) 486-0864
156,1069 N Roselle Rd,Hoffman Estates,IL,60169,(847) 882-3210
157,1485 Palatine Rd,Hoffman Estates,IL,60192,(847) 202-0586
158,1202 State St,Lemont,IL,60439,(630) 243-1925
159,9652 W 131st St,Palos Park,IL,60464,(708) 361-8880
160,9350 W 159th St,Orland Park,IL,60462,(708) 403-6920
161,17705 S Halsted St,Homewood,IL,60430,(708) 957-1810
162,3153 W 183rd,Homewood,IL,60430,(708) 957-3131
163,103 S Randall Rd,Algonquin,IL,60102,(847) 854-7020
164,1250 W Main St,West Dundee,IL,60118,(847) 428-3355
165,1501 E Algonquin Rd,Algonquin,IL,60102,(847) 658-5635
166,1401 W Jefferson St,Joliet,IL,60435,(815) 725-9880
167,1537 N Larkin,Joliet,IL,60435,(815) 725-4407
168,655 Main St NW,Bourbonnais,IL,60914,(815) 929-0560
169,2021 E Laraway Rd,New Lenox,IL,60451,(815) 463-4950
170,21164 S La Grange Rd,Frankfort,IL,60423,(815) 464-5352
171,2128 S Mannheim Rd,Westchester,IL,60154,(708) 531-9560
172,5545 S Brainard Ave,Countryside,IL,60525,(708) 352-0120
173,7122 W 40th St,Stickney,IL,60402,(708) 484-8421
174,1300 S Milwaukee Ave,Libertyville,IL,60048,(847) 816-8200
175,1600 Deerfield Rd,Highland Park,IL,60035,(847) 579-0872
176,16 S Waukegan Rd,Deerfield,IL,60015,(847) 272-7420
177,345 S Rand Rd,Lake Zurich,IL,60047,(847) 438-2720
178,485 Ela Rd,Lake Zurich,IL,60047,(847) 438-7300
179,14200 S Bell Rd,Homer Glen,IL,60491,(708) 301-0984
180,16625 W 159th St,Lockport,IL,60441,(815) 834-9516
181,2317 75th St,Woodridge,IL,60517,(630) 985-9380
182,1501 S Lake St,Mundelein,IL,60060,(847) 566-6161
183,1150 W Maple Ave,Mundelein,IL,60060,(847) 970-9250
184,890 N Western Ave,Lake Forest,IL,60045,(847) 735-8018
185,2317 75th St,Woodridge,IL,60517,(630) 985-9380
186,1227 Naper Blvd,Naperville,IL,60540,(630) 961-9050
187,30 Danada Square W,Wheaton,IL,60189,(630) 668-1172
188,1202 State St,Lemont,IL,60439,(630) 243-1925
189,14200 S Bell Rd,Homer Glen,IL,60491,(708) 301-0984
190,20 S Weber Rd,Romeoville,IL,60446,(815) 293-0665
191,599 E Roosevelt Rd,Glen Ellyn,IL,60137,(630) 858-9096
192,33 E St Charles Rd,Villa Park,IL,60181,(630) 832-0400
193,1148 Ogden Ave,Downers Grove,IL,60515,(630) 963-0645
194,1350 US Route 12,Fox Lake,IL,60020,(847) 973-9075
195,2401 Route 12,Spring Grove,IL,60081,(815) 675-6716
196,145 S Eastwood Dr,Woodstock,IL,60098,(815) 206-0499
197,7525 W Lake St,River Forest,IL,60305,(708) 771-0044
198,10203 W Grand Ave,Franklin Park,IL,60131,(847) 455-7711
199,2520 N Narragansett Ave,Chicago,IL,60639,(773) 637-1631
200,12001 S Pulaski Rd,Alsip,IL,60803,(708) 371-3460
201,3128 W 103rd St,Chicago,IL,60655,(773) 238-4444
202,11730 S Marshfield Ave,Chicago,IL,60643,(773) 568-8157
203,199 Brookforest Ave,Shorewood,IL,60404,(815) 730-3944
204,1414 N Division St,Morris,IL,60450,(815) 942-2374
205,2480 Route 59,Plainfield,IL,60586,(815) 254-3291
206,107 Avenue Of The Cities,East Moline,IL,61244,(309) 751-0935
207,1312 John Deere Expy,Silvis,IL,61282,(309) 792-5955
208,1307 N 2nd St,Clinton,IA,52732,(563) 243-6995
209,2051 Ridge Rd,Minooka,IL,60447,(815) 467-0924
210,199 Brookforest Ave,Shorewood,IL,60404,(815) 730-3944
211,2480 Route 59,Plainfield,IL,60586,(815) 254-3291
212,122 N Vail Ave,Arlington Heights,IL,60005,(847) 398-1430
213,440 E Rand Rd,Arlington Heights,IL,60004,(847) 255-8735
214,819 S Elmhurst Rd,Des Plaines,IL,60016,(847) 956-1220
215,1150 W Maple Ave,Mundelein,IL,60060,(847) 970-9250
216,1501 S Lake St,Mundelein,IL,60060,(847) 566-6161
217,1227 Naper Blvd,Naperville,IL,60540,(630) 961-9050
218,127 E Ogden Ave,Naperville,IL,60563,(630) 420-1818
219,1759 W Ogden Ave,Naperville,IL,60540,(630) 637-0490
220,2855 W 95th St,Naperville,IL,60564,(630) 904-5119
221,2021 E Laraway Rd,New Lenox,IL,60451,(815) 463-4950
222,475 N Nelson Rd,New Lenox,IL,60451,(815) 462-0018
223,5667 W Touhy Ave,Niles,IL,60714,(847) 647-6880
224,7900 Milwaukee Ave,Niles,IL,60714,(847) 965-3925
225,8730 W Dempster,Niles,IL,60714,(847) 298-6352
226,2103 N Veterans Pkwy,Bloomington,IL,61704,(309) 664-1320
227,2203 E Oakland Ave,Bloomington,IL,61701,(309) 663-4012
228,17117 S Harlem Ave,Tinley Park,IL,60477,(708) 532-7414
229,12803 S Harlem Ave,Palos Heights,IL,60463,(708) 671-1568
230,9350 W 159th St,Orland Park,IL,60462,(708) 403-6920
231,4650 W 103rd St,Oak Lawn,IL,60453,(708) 636-2520
232,8801 S Ridgeland Ave,Oak Lawn,IL,60453,(708) 599-4500
233,9424 S Pulaski Rd,Oak Lawn,IL,60453,(708) 423-0535
234,438 W Madison St,Oak Park,IL,60302,(708) 383-7111
235,7036 Roosevelt Rd,Oak Park,IL,60304,(708) 524-9660
236,17930 Wolf Rd,Orland Park,IL,60467,(708) 479-1573
237,9350 W 159th St,Orland Park,IL,60462,(708) 403-6920
238,2540 US Hwy 30,Oswego,IL,60543,(630) 892-0029
239,3795 Orchard Rd,Oswego,IL,60543,(630) 551-1347
240,423 E Dundee Rd,Palatine,IL,60074,(847) 991-4545
241,45 S Plum Grove Rd,Palatine,IL,60067,(847) 991-1888
242,9652 W 131st St,Palos Park,IL,60464,(708) 361-8880
243,12001 S Pulaski Rd,Alsip,IL,60803,(708) 371-3460
244,9528 S Roberts Rd,Hickory Hills,IL,60457,(708) 599-5514
245,12803 S Harlem Ave,Palos Heights,IL,60463,(708) 671-1568
246,9350 W 159th St,Orland Park,IL,60462,(708) 403-6920
247,14200 S Bell Rd,Homer Glen,IL,60491,(708) 301-0984
248,7900 Milwaukee Ave,Niles,IL,60714,(847) 965-3925
249,8730 W Dempster,Niles,IL,60714,(847) 298-6352
250,1500 S Lee St,Des Plaines,IL,60018,(847) 296-7786
251,13460 S Rt 59,Plainfield,IL,60585,(815) 577-2605
252,2480 Route 59,Plainfield,IL,60586,(815) 254-3291
253,438 W Madison St,Oak Park,IL,60302,(708) 383-7111
254,7036 Roosevelt Rd,Oak Park,IL,60304,(708) 524-9660
255,800 W North Ave,Melrose Park,IL,60160,(708) 547-7974
256,122 N Vail Ave,Arlington Heights,IL,60005,(847) 398-1430
257,45 S Plum Grove Rd,Palatine,IL,60067,(847) 991-1888
258,1860 S Arlington Heights Rd,Arlington Heights,IL,60005,(847) 593-1730
259,13460 S Rt 59,Plainfield,IL,60585,(815) 577-2605
260,1537 N Larkin,Joliet,IL,60435,(815) 725-4407
261,2480 Route 59,Plainfield,IL,60586,(815) 254-3291
262,885 E Belvidere Rd,Grayslake,IL,60030,(847) 543-8976
263,6509 W Grand Ave,Gurnee,IL,60031,(847) 855-1991
264,1350 US Route 12,Fox Lake,IL,60020,(847) 973-9075
265,1151 S Roselle Rd,Schaumburg,IL,60193,(847) 891-8388
266,2501 Schaumburg Rd,Schaumburg,IL,60194,(847) 524-8960
267,2480 Route 59,Plainfield,IL,60586,(815) 254-3291
268,1537 N Larkin,Joliet,IL,60435,(815) 725-4407
269,1401 W Jefferson St,Joliet,IL,60435,(815) 725-9880
270,107 Avenue Of The Cities,East Moline,IL,61244,(309) 751-0935
271,2010 1st St A,Moline,IL,61265,(309) 797-0558
272,1307 N 2nd St,Clinton,IA,52732,(563) 243-6995
273,411 N Green Bay Rd,Wilmette,IL,60091,(847) 256-7420
274,2485 Howard St,Evanston,IL,60202,(847) 328-9791
275,5667 W Touhy Ave,Niles,IL,60714,(847) 647-6880
276,3153 W 183rd,Homewood,IL,60430,(708) 957-3131
277,17705 S Halsted St,Homewood,IL,60430,(708) 957-1810
278,805 Joliet St,Dyer,IN,46311,(219) 864-0078
279,1660 Larkin Ave,Elgin,IL,60123,(847) 695-7573
280,652 Kirk Rd,St Charles,IL,60174,(630) 587-0847
281,2073 Prairie St,St Charles,IL,60174,(630) 584-7228
282,17705 S Halsted St,Homewood,IL,60430,(708) 957-1810
283,716 Ridge Rd,Munster,IN,46321,(219) 836-1118
284,3153 W 183rd,Homewood,IL,60430,(708) 957-3131
285,1350 US Route 12,Fox Lake,IL,60020,(847) 973-9075
286,4222 W Elm St,McHenry,IL,60050,(815) 344-1408
287,966 Route 59,Antioch,IL,60002,(847) 395-7363
288,2073 Prairie St,St Charles,IL,60174,(630) 584-7228
289,652 Kirk Rd,St Charles,IL,60174,(630) 587-0847
290,6107 S Archer Ave,Chicago,IL,60638,(773) 735-0043
291,7036 Roosevelt Rd,Oak Park,IL,60304,(708) 524-9660
292,507 E Woodlawn Ave,La Grange Park,IL,60526,(708) 354-4643
293,2501 Schaumburg Rd,Schaumburg,IL,60194,(847) 524-8960
294,125 E Stearns Rd,Bartlett,IL,60103,(630) 540-0856
295,1040 Summit Ave,Elgin,IL,60120,(847) 622-8112
296,1952 W Galena Blvd,Aurora,IL,60506,(630) 859-1212
297,3795 Orchard Rd,Oswego,IL,60543,(630) 551-1347
298,119 S Randall Rd,Batavia,IL,60510,(630) 879-6622
299,1320 Sycamore Rd,Dekalb,IL,60115,(815) 758-5478
300,800 N Main St,Elburn,IL,60119,(630) 365-4215
301,13200 Village Green Dr,Huntley,IL,60142,(847) 961-5597
302,5616 W 159th St,Oak Forest,IL,60452,(708) 614-6700
303,9350 W 159th St,Orland Park,IL,60462,(708) 403-6920
304,3153 W 183rd,Homewood,IL,60430,(708) 957-3131
305,153 Schiller St,Elmhurst,IL,60126,(630) 530-8790
306,944 S York Rd,Elmhurst,IL,60126,(630) 834-0006
307,1177 S Main St,Lombard,IL,60148,(630) 953-1390
308,345 S Rand Rd,Lake Zurich,IL,60047,(847) 438-2720
309,800 NW Hwy 14,Fox River Grove,IL,60021,(847) 516-4315
310,485 Ela Rd,Lake Zurich,IL,60047,(847) 438-7300
311,3124 N Lewis Ave,Waukegan,IL,60087,(847) 249-1130
312,922 N Green Bay Rd,Waukegan,IL,60085,(847) 662-0042
313,2031 N Main St,Wheaton,IL,60187,(630) 682-0220
314,652 Kirk Rd,St Charles,IL,60174,(630) 587-0847
315,30 Danada Square W,Wheaton,IL,60189,(630) 668-1172
316,1501 E Algonquin Rd,Algonquin,IL,60102,(847) 658-5635
317,1040 Summit Ave,Elgin,IL,60120,(847) 622-8112
318,1660 Larkin Ave,Elgin,IL,60123,(847) 695-7573
319,507 E Woodlawn Ave,La Grange Park,IL,60526,(708) 354-4643
320,944 S York Rd,Elmhurst,IL,60126,(630) 834-0006
321,5545 S Brainard Ave,Countryside,IL,60525,(708) 352-0120
322,1148 Ogden Ave,Downers Grove,IL,60515,(630) 963-0645
323,303 Holmes Ave,Clarendon Hills,IL,60514,(630) 654-3455
324,6215 Main St,Downers Grove,IL,60516,(630) 969-3105
325,2031 N Main St,Wheaton,IL,60187,(630) 682-0220
326,30 Danada Square W,Wheaton,IL,60189,(630) 668-1172
327,1517 Sheridan Rd,Wilmette,IL,60091,(847) 256-7790
328,411 N Green Bay Rd,Wilmette,IL,60091,(847) 256-7420
329,140 W Lake St,Addison,IL,60101,(630) 543-0521
330,20 W Biesterfield,Elk Grove Village,IL,60007,(847) 593-1112
331,1127 S York Rd,Bensenville,IL,60106,(630) 238-0170
332,6215 Main St,Downers Grove,IL,60516,(630) 969-3105
333,1156 Maple Ave,Lisle,IL,60532,(630) 964-5166
334,7329 S Cass Ave,Darien,IL,60561,(630) 960-3177
335,4222 W Elm St,McHenry,IL,60050,(815) 344-1408
336,6140 Northwest Hwy,Crystal Lake,IL,60014,(815) 356-8628
337,103 S Randall Rd,Algonquin,IL,60102,(847) 854-7020
338,3795 Orchard Rd,Oswego,IL,60543,(630) 551-1347
339,2540 US Hwy 30,Oswego,IL,60543,(630) 892-0029
340,465 N Route 47,Sugar Grove,IL,60554,(630) 466-1493
341,3124 N Lewis Ave,Waukegan,IL,60087,(847) 249-1130
342,922 N Green Bay Rd,Waukegan,IL,60085,(847) 662-0042
343,6509 W Grand Ave,Gurnee,IL,60031,(847) 855-1991
344,1276 N Main St,Crown Point,IN,46307,(219) 662-0080
345,716 Ridge Rd,Munster,IN,46321,(219) 836-1118
346,805 Joliet St,Dyer,IN,46311,(219) 864-0078
347,805 Joliet St,Dyer,IN,46311,(219) 864-0078
348,716 Ridge Rd,Munster,IN,46321,(219) 836-1118
349,3220 Chicago Rd,South Chicago Heights,IL,60411,(708) 755-7372
350,716 Ridge Rd,Munster,IN,46321,(219) 836-1118
351,3220 Chicago Rd,South Chicago Heights,IL,60411,(708) 755-7372
352,17705 S Halsted St,Homewood,IL,60430,(708) 957-1810
353,805 Joliet St,Dyer,IN,46311,(219) 864-0078
354,763 E 162nd St,South Holland,IL,60473,(708) 596-1960
355,17705 S Halsted St,Homewood,IL,60430,(708) 957-1810
