address,city,state,zip_code,phone_number
30 College Rd,Fairbanks,AK,99701,(907) 456-8501
3627 Airport Way,Fairbanks,AK,99709,(907) 374-4000
90 Sterling Hwy,Homer,AK,99603,(907) 226-1000
3033 Vintage Blvd,Juneau,AK,99801,(907) 523-2000
10576 Kenai Spur Hwy,Kenai,AK,99611,(907) 283-6300
2417 Tongass Ave,Ketchikan,AK,99901,(907) 228-1900
2685 Mill Bay Rd,Kodiak,AK,99615,(907) 481-1500
301 N Santa Claus Ln,North Pole,AK,99705,(907) 490-2700
1907 Seward Hwy,Seward,AK,99664,(907) 224-6900
44428 Sterling Hwy,Soldotna,AK,99669,(907) 714-5400
2029 Airport Beach Rd,Unalaska,AK,99692,(907) 581-4040
1313 Meals St,Valdez,AK,99686,(907) 461-3300
3655 W Anthem Way,Anthem,AZ,85086,(623) 745-3800
3185 W Apache Trail,Apache Junction,AZ,85120,(480) 982-6120
599 W 4th St,Benson,AZ,85602,(520) 586-9094
101 Naco Hwy,Bisbee,AZ,85603,(520) 432-3038
1751 Hwy 95,Bullhead City,AZ,86442,(928) 763-3555
1637 N Trekell Rd,Casa Grande,AZ,85122,(520) 421-7447
29834 N Cave Creek Rd,Cave Creek,AZ,85331,(480) 563-9335
1060 E Ray Rd,Chandler,AZ,85225,(480) 855-5005
1159 W Chandler Blvd,Chandler,AZ,85224,(480) 726-7776
4970 S Alma School Rd,Chandler,AZ,85248,(480) 883-0255
1031 N US Hwy 89,Chino Valley,AZ,86323,(928) 636-8358
1449 N Arizona Blvd,Coolidge,AZ,85128,(520) 723-5300
1635 E Cottonwood Ln,Cottonwood,AZ,86326,(928) 634-3711
1201 S Plaza Way,Flagstaff,AZ,86001,(928) 779-3401
1500 E Cedar Ave,Flagstaff,AZ,86004,(928) 774-3774
4910 N Hwy 89,Flagstaff,AZ,86004,(928) 526-6116
3325 N Hunt Hwy,Florence,AZ,85132,(520) 723-0179
4823 S Hwy 95,Fort Mohave,AZ,86426,(928) 704-4433
13733 Fountain Hills Blvd,Fountain Hills,AZ,85268,(480) 837-0287
5137 E Baseline Rd,Gilbert,AZ,85234,(480) 325-5807
90 S Val Vista Dr,Gilbert,AZ,85296,(480) 545-7555
20205 N 67th Ave #100,Glendale,AZ,85308,(623) 572-8814
3800 W Happy Valley Rd,Glendale,AZ,85310,(623) 518-1946
240 S Hill St,Globe,AZ,85501,(928) 425-5390
14175 W Indian School Rd,Goodyear,AZ,85395,(623) 935-3228
440 N Estrella Pkwy,Goodyear,AZ,85338,(623) 476-1708
9890 S Estrella Pkwy,Goodyear,AZ,85338,(623) 691-6417
260 W Continental Rd,Green Valley,AZ,85614,(520) 625-7283
702 W Hopi Dr,Holbrook,AZ,86025,(928) 524-3313
3125 Stockton Hill Rd,Kingman,AZ,86401,(928) 753-2943
3970 Stockton Hill Rd,Kingman,AZ,86409,(928) 681-4900
1650 Mcculloch Blvd N,Lake Havasu City,AZ,86403,(928) 855-7760
5035 W Baseline Rd,Laveen,AZ,85339,(602) 567-7561
1225 W Guadalupe,Mesa,AZ,85202,(480) 838-7452
1855 N Power Rd,Mesa,AZ,85205,(480) 281-2972
1902 W Main St,Mesa,AZ,85201,(480) 644-9448
3622 E Southern Ave,Mesa,AZ,85206,(480) 807-0447
4316 S Signal Butte Rd,Mesa,AZ,85212,(480) 296-7953
465 W Mariposa Rd,Nogales,AZ,85621,(520) 281-4929
12122 N Rancho Vistoso Blvd,Oro Valley,AZ,85755,(520) 297-4344
650 Elm St,Page,AZ,86040,(928) 645-8155
121 W Riverside Dr,Parker,AZ,85344,(928) 669-2243
401 E Hwy 260,Payson,AZ,85541,(928) 472-8208
10641 W Olive Ave,Peoria,AZ,85345,(623) 583-7227
12320 N 83rd Ave,Peoria,AZ,85381,(623) 773-1109
28455 N Vistancia Blvd,Peoria,AZ,85383,(623) 243-9204
1334 E Chandler Blvd,Phoenix,AZ,85048,(480) 283-0032
13440 N 7th St,Phoenix,AZ,85022,(602) 547-1288
3132 E Camelback Rd,Phoenix,AZ,85016,(602) 955-6455
340 E Mcdowell Rd,Phoenix,AZ,85004,(602) 252-4538
3450 W Bell Rd,Phoenix,AZ,85053,(602) 863-1431
4005 E Chandler Blvd,Phoenix,AZ,85048,(480) 759-9611
4747 E Elliot Rd,Phoenix,AZ,85044,(480) 496-0076
4747 E Greenway Rd,Phoenix,AZ,85032,(602) 996-5635
4750 E Indian School Rd,Phoenix,AZ,85018,(602) 840-2161
4811 N 83rd Ave,Phoenix,AZ,85033,(623) 247-4447
520 W Osborn Rd,Phoenix,AZ,85013,(602) 274-7422
550 E Bell Rd,Phoenix,AZ,85022,(602) 863-4194
6202 S 16th St,Phoenix,AZ,85042,(602) 268-0022
810 E Glendale Ave,Phoenix,AZ,85020,(602) 331-0134
20 W White Mountain Blvd,Pinetop-Lakeside,AZ,85935,(928) 367-6677
1044 Willow Creek Rd,Prescott,AZ,86301,(928) 445-4550
450 White Spar Rd,Prescott,AZ,86303,(928) 778-3086
7720 E Hwy 69,Prescott Valley,AZ,86314,(928) 772-6126
18495 E Queen Creek Rd,Queen Creek,AZ,85142,(480) 279-2733
40950 N Ironwood Rd,Queen Creek,AZ,85140,(480) 758-3316
1305 W Duval Mine Rd,Sahuarita,AZ,85614,(520) 648-2847
10773 N Scottsdale Rd,Scottsdale,AZ,85254,(480) 948-6446
14696 N Frank Lloyd Wright Blvd,Scottsdale,AZ,85260,(480) 391-1090
20901 N Pima Rd,Scottsdale,AZ,85255,(480) 585-3552
23565 N Scottsdale Rd,Scottsdale,AZ,85255,(480) 585-9366
32551 N Scottsdale Rd,Scottsdale,AZ,85266,(480) 595-9844
6501 E Greenway Pkwy Bldg 4,Scottsdale,AZ,85254,(480) 991-3317
7920 E Chaparral Rd,Scottsdale,AZ,85250,(480) 994-5653
2300 W Hwy 89A,Sedona,AZ,86336,(928) 282-0118
900 W Deuce Of Clubs,Show Low,AZ,85901,(928) 532-5656
2190 E Fry Blvd,Sierra Vista,AZ,85635,(520) 459-4204
203 S Mountain Ave,Springerville,AZ,85938,(928) 333-4165
10926 W Bell Rd,Sun City,AZ,85351,(623) 972-1350
13503 Camino Del Sol,Sun City West,AZ,85375,(623) 975-2304
13828 W Waddell Rd,Surprise,AZ,85379,(623) 476-1810
17049 W Bell Rd,Surprise,AZ,85374,(623) 518-1059
1515 E Elliot Rd,Tempe,AZ,85284,(480) 755-1844
926 E Broadway Rd,Tempe,AZ,85282,(480) 829-6824
2125 W Hwy 70,Thatcher,AZ,85552,(928) 428-2771
10380 E Broadway Blvd,Tucson,AZ,85748,(520) 885-7777
1551 W St Marys Rd,Tucson,AZ,85745,(520) 624-8442
1767 E Prince Rd,Tucson,AZ,85719,(520) 327-2287
1940 E Broadway Blvd,Tucson,AZ,85719,(520) 206-9047
2140 W Grant Rd,Tucson,AZ,85745,(520) 792-0083
2940 W Valencia Rd,Tucson,AZ,85746,(520) 578-0144
4752 E Sunrise Dr,Tucson,AZ,85718,(520) 299-3534
6360 E Golf Links Rd,Tucson,AZ,85730,(520) 514-2008
7110 N Oracle Rd,Tucson,AZ,85704,(520) 575-0949
7177 E Tanque Verde Rd,Tucson,AZ,85715,(520) 731-0117
9050 E Valencia Rd,Tucson,AZ,85747,(520) 663-0009
9100 N Silverbell Rd,Tucson,AZ,85743,(520) 579-8365
9125 E Tanque Verde,Tucson,AZ,85749,(520) 760-6087
9460 E Golf Links Rd,Tucson,AZ,85730,(520) 296-0042
13380 E Mary Ann Cleveland Way,Vail,AZ,85641,(520) 526-7087
1999 W Wickenburg Way,Wickenburg,AZ,85390,(928) 684-2999
650 N Bisbee Ave,Willcox,AZ,85643,(520) 384-3952
637 W Route 66,Williams,AZ,86046,(928) 635-0500
1601 N Park Dr,Winslow,AZ,86047,(928) 289-3126
2227 S Shore Ctr,Alameda,CA,94501,(510) 863-9000
2600 5th St,Alameda,CA,94501,(510) 523-1804
867 Island Dr,Alameda,CA,94502,(510) 521-4833
200 Alamo Plaza,Alamo,CA,94507,(925) 820-8022
1500 Solano Ave,Albany,CA,94707,(510) 525-4107
103 American Canyon Rd,American Canyon,CA,94503,(707) 649-5150
2601 Balls Ferry Rd,Anderson,CA,96007,(530) 365-6401
3365 Deer Valley Rd,Antioch,CA,94531,(925) 706-4150
16 Rancho Del Mar,Aptos,CA,95003,(831) 688-2775
600 F St,Arcata,CA,95521,(707) 822-5217
2550 Bell Rd,Auburn,CA,95603,(530) 887-3230
1100 El Camino,Belmont,CA,94002,(650) 596-1730
2100 Ralston Ave,Belmont,CA,94002,(650) 591-0235
50 Solano Square,Benicia,CA,94510,(707) 745-4047
1444 Shattuck Place,Berkeley,CA,94709,(510) 526-3086
1125 2nd St,Brentwood,CA,94513,(925) 634-6780
3110 Balfour Rd,Brentwood,CA,94513,(925) 626-6020
1450 Howard Ave,Burlingame,CA,94010,(650) 343-3488
37264 Main St,Burney,CA,96013,(530) 335-3212
3380 Coach Ln,Cameron Park,CA,95682,(530) 676-6930
2341 S Winchester Blvd,Campbell,CA,95008,(408) 364-6880
950 W Hamilton Ave,Campbell,CA,95008,(408) 871-1272
104 Mid Valley Center,Carmel,CA,93923,(831) 624-4600
5 Crossroads Blvd,Carmel,CA,93923,(831) 625-8820
4040 Manzanita Ave,Carmichael,CA,95608,(916) 481-2005
20629 Redwood Rd,Castro Valley,CA,94546,(510) 538-3088
4015 E Castro Valley Blvd,Castro Valley,CA,94552,(510) 886-7351
1016 W Sacramento Ave,Chico,CA,95926,(530) 895-0244
1366 East Ave,Chico,CA,95926,(530) 899-2320
720 Mangrove Ave,Chico,CA,95926,(530) 895-6300
7301 Greenback Ln,Citrus Heights,CA,95621,(916) 727-2424
5431 Clayton Rd,Clayton,CA,94517,(925) 672-2135
14922 Olympic Dr,Clearlake,CA,95422,(707) 994-7275
2600 Willow Pass Rd,Concord,CA,94519,(925) 689-3240
4309 Clayton Rd,Concord,CA,94521,(925) 356-2710
600 Edith St,Corning,CA,96021,(530) 824-2467
137 Corte Madera Town Ctr,Corte Madera,CA,94925,(415) 927-1960
475 M St,Crescent City,CA,95531,(707) 465-3353
20620 W Homestead Rd,Cupertino,CA,95014,(408) 253-0112
601 Westlake Ctr,Daly City,CA,94015,(650) 755-0576
3496 Camino Tassajara,Danville,CA,94506,(925) 736-0298
1451 W Covell Blvd,Davis,CA,95616,(530) 757-4540
2121 Cowell Blvd,Davis,CA,95618,(530) 792-8500
815 Canyon Del Rey Blvd,Del Rey Oaks,CA,93940,(831) 393-2090
14840 Hwy 4,Discovery Bay,CA,94505,(925) 626-6000
1235 Stratford Ave,Dixon,CA,95620,(707) 678-7400
4440 Tassajara Rd,Dublin,CA,94568,(925) 551-4710
7499 Dublin Blvd,Dublin,CA,94568,(925) 556-4034
11450 San Pablo Ave,El Cerrito,CA,94530,(510) 233-8400
2207 Francisco Dr,El Dorado Hills,CA,95762,(916) 939-9456
3383 Bass Lake Rd,El Dorado Hills,CA,95762,(530) 313-4920
5021 Laguna Blvd,Elk Grove,CA,95758,(916) 691-3770
2555 Harris St,Eureka,CA,95503,(707) 269-0133
5450 Dewey Dr,Fair Oaks,CA,95628,(916) 904-5356
8925 Madison Ave,Fair Oaks,CA,95628,(916) 965-1034
2401 Waterman Dr,Fairfield,CA,94534,(707) 427-5640
5051 Business Ctr Dr,Fairfield,CA,94534,(707) 863-4160
6255 Graham Hill Rd,Felton,CA,95018,(831) 335-3532
1850 Prairie City Rd,Folsom,CA,95630,(916) 608-2450
660 S Main St,Fort Bragg,CA,95437,(707) 964-4079
701 S Fortuna Blvd,Fortuna,CA,95540,(707) 725-5104
921 E Hillsdale Blvd,Foster City,CA,94404,(650) 377-0711
2010 Freedom Blvd,Freedom,CA,95019,(831) 728-2640
3902 Washington Blvd,Fremont,CA,94538,(510) 657-1625
39100 Argonaut Way,Fremont,CA,94538,(510) 794-1666
46848 Mission Blvd,Fremont,CA,94539,(510) 497-1003
905 First St,Gilroy,CA,95020,(408) 842-6446
105 Neal St,Grass Valley,CA,95945,(530) 273-0115
867 Sutton Way,Grass Valley,CA,95945,(530) 273-2249
1596 St Hwy 99,Gridley,CA,95948,(530) 846-3762
16405 Hwy 116,Guerneville,CA,95446,(707) 869-9433
70 Cabrillo Hwy,Half Moon Bay,CA,94019,(650) 726-1143
22280 Foothill Blvd,Hayward,CA,94541,(510) 582-0700
231 W Jackson St,Hayward,CA,94544,(510) 783-8611
1115 Vine St,Healdsburg,CA,95448,(707) 431-7102
591 Tres Pinos Rd,Hollister,CA,95023,(831) 638-3240
12110 Industry Blvd,Jackson,CA,95642,(209) 257-0779
530 Canal St,King City,CA,93930,(831) 385-7820
7815 N Lake Blvd,Kings Beach,CA,96143,(530) 546-0170
3540 Mt Diablo Blvd,Lafayette,CA,94549,(925) 283-0228
1071 11th St,Lakeport,CA,95453,(707) 263-8072
67 Lincoln Blvd,Lincoln,CA,95648,(916) 408-0800
1554 First St,Livermore,CA,94550,(925) 455-5667
4495 First St,Livermore,CA,94551,(925) 455-2520
2449 W Kettleman Ln,Lodi,CA,95242,(209) 367-7875
160 1st St,Los Altos,CA,94022,(650) 941-1801
1500 Pollard Rd,Los Gatos,CA,95032,(408) 374-2050
15549 Union Ave,Los Gatos,CA,95032,(408) 559-5750
470 N Santa Cruz Ave,Los Gatos,CA,95030,(408) 354-9708
1187 S Main St,Manteca,CA,95337,(209) 824-1144
3334 Alhambra Ave,Martinez,CA,94553,(925) 229-0212
6688 Alhambra Ave,Martinez,CA,94553,(925) 933-0540
1503 City Ctr Rd,Mckinleyville,CA,95519,(707) 840-9770
325 S Sharon Park Dr,Menlo Park,CA,94025,(650) 854-3056
525 El Camino Real,Menlo Park,CA,94025,(650) 847-2901
1 Camino Alto,Mill Valley,CA,94941,(415) 388-6216
800 Redwood Hwy Frontage Rd #110,Mill Valley,CA,94941,(415) 360-9016
525 El Camino Real,Millbrae,CA,94030,(650) 652-3416
555 E Calaveras Blvd,Milpitas,CA,95035,(408) 262-9850
2001 Mchenry Ave Suite C,Modesto,CA,95350,(209) 571-6280
1355 Moraga Way,Moraga,CA,94556,(925) 376-9492
235 Tennant Station,Morgan Hill,CA,95037,(408) 776-9861
840 E Dunne Ave,Morgan Hill,CA,95037,(408) 776-8720
1750 Miramonte Ave,Mountain View,CA,94040,(650) 903-5850
570 N Shoreline Blvd,Mountain View,CA,94043,(650) 961-4868
580 N Rengstorff Ave,Mountain View,CA,94043,(650) 316-6321
645 San Antonio Rd,Mountain View,CA,94040,(650) 948-4533
3375 Jefferson St,Napa,CA,94558,(707) 225-3037
5877 Jarvis Ave,Newark,CA,94560,(510) 713-3180
5720 Nave Dr,Novato,CA,94949,(415) 881-9256
900 Diablo Ave,Novato,CA,94947,(415) 898-1503
2096 Mountain Blvd,Oakland,CA,94611,(510) 482-2266
3550 Fruitvale Ave,Oakland,CA,94602,(510) 530-7067
3747 Grand Ave,Oakland,CA,94610,(510) 465-4187
4100 Redwood Rd,Oakland,CA,94619,(510) 531-0565
5100 Broadway,Oakland,CA,94611,(510) 285-0782
6310 College Ave,Oakland,CA,94618,(510) 985-0012
2 Camino Sobrante,Orinda,CA,94563,(925) 254-8792
1212 Forest Ave,Pacific Grove,CA,93950,(831) 375-8262
12 Manor Plz,Pacifica,CA,94044,(650) 359-2751
1380 Linda Mar Shopping Center,Pacifica,CA,94044,(650) 359-6707
709 Hickey Blvd,Pacifica,CA,94044,(650) 290-5014
2811 Middlefield Rd,Palo Alto,CA,94306,(650) 321-8400
389 S Mcdowell Blvd,Petaluma,CA,94954,(707) 766-9097
701 Sonoma Mountain Pkwy,Petaluma,CA,94954,(707) 765-1198
1421 Tara Hill Dr,Pinole,CA,94564,(510) 724-1525
660 Bailey Rd,Pittsburg,CA,94565,(925) 458-0181
3955 Missouri Flat Rd,Placerville,CA,95667,(530) 295-2972
1978 Contra Costa Blvd,Pleasant Hill,CA,94523,(925) 688-0680
600 Patterson Blvd,Pleasant Hill,CA,94523,(925) 933-8243
707 Contra Costa Blvd,Pleasant Hill,CA,94523,(925) 689-2044
1701 Santa Rita Rd,Pleasanton,CA,94566,(925) 417-5530
6790 Bernal Ave,Pleasanton,CA,94566,(925) 846-8644
6498 Pony Express Trail,Pollock Pines,CA,95726,(530) 647-7440
17539 Vierra Canyon Rd,Prunedale,CA,93907,(831) 663-6702
20 E Main St,Quincy,CA,95971,(530) 283-1404
10635 Folsom Blvd,Rancho Cordova,CA,95670,(916) 364-4940
1070 E Cypress Ave,Redding,CA,96002,(530) 226-5871
2275 Pine St,Redding,CA,96001,(530) 247-3030
1071 El Camino Real,Redwood City,CA,94063,(650) 306-1900
850 Woodside Rd,Redwood City,CA,94061,(650) 365-2522
2220 Sunset Blvd,Rocklin,CA,95765,(916) 789-0101
4805 Granite Dr,Rocklin,CA,95677,(916) 624-0669
605 Parker Ave Bldg A,Rodeo,CA,94572,(510) 799-6200
6340 Commerce Blvd,Rohnert Park,CA,94928,(707) 584-8942
1080 Pleasant Grove Blvd,Roseville,CA,95678,(916) 783-2119
8640 Sierra College Blvd,Roseville,CA,95661,(916) 783-2225
9045 Woodcreek Oaks Blvd,Roseville,CA,95747,(916) 780-9919
989 Sunrise Ave,Roseville,CA,95661,(916) 773-4001
1025 Alhambra Blvd,Sacramento,CA,95816,(916) 456-0852
1814 19th St,Sacramento,CA,95811,(916) 492-9967
2851 Del Paso Rd,Sacramento,CA,95835,(916) 285-8840
3320 Arden Way,Sacramento,CA,95825,(916) 483-9389
3680 Crocker Dr,Sacramento,CA,95818,(279) 399-9261
424 Howe Ave,Sacramento,CA,95825,(916) 925-1676
5345 Elkhorn Blvd,Sacramento,CA,95842,(916) 331-2987
8377 Elk Grove Florin Rd,Sacramento,CA,95829,(916) 681-8666
1026 Hunt Ave,Saint Helena,CA,94574,(707) 968-3620
1516 Constitution Blvd,Salinas,CA,93905,(831) 444-3625
1546 N Main St,Salinas,CA,93906,(831) 442-7500
838 Sir Francis Drake,San Anselmo,CA,94960,(415) 456-9157
1335 Webster St,San Francisco,CA,94115,(415) 921-4557
145 Jackson St,San Francisco,CA,94111,(415) 982-3112
15 Marina Blvd,San Francisco,CA,94123,(415) 563-4946
2020 Market St,San Francisco,CA,94114,(415) 861-7660
2300 16th St Unit 203,San Francisco,CA,94103,(415) 575-1120
2350 Noriega St,San Francisco,CA,94122,(415) 665-4565
298 King St,San Francisco,CA,94107,(415) 633-1001
3350 Mission St,San Francisco,CA,94110,(415) 826-2866
350 Bay St,San Francisco,CA,94133,(415) 781-4374
4950 Mission St,San Francisco,CA,94112,(415) 587-7200
5290 Diamond Heights Blvd,San Francisco,CA,94131,(415) 824-7744
625 Monterey Blvd,San Francisco,CA,94127,(415) 586-2421
730 Taraval St,San Francisco,CA,94116,(415) 665-4136
735 7th Ave,San Francisco,CA,94118,(415) 683-4070
850 La Playa St,San Francisco,CA,94121,(415) 387-4664
1300 W San Carlos St,San Jose,CA,95126,(408) 882-0999
1305 S Winchester Blvd,San Jose,CA,95117,(408) 340-9258
1489 Bird Ave,San Jose,CA,95125,(408) 878-0691
1530 Hamilton Ave,San Jose,CA,95125,(408) 264-1523
1663 Branham Ln,San Jose,CA,95118,(408) 267-0550
179 Branham Ln,San Jose,CA,95136,(408) 227-4961
2558 Berryessa Rd,San Jose,CA,95132,(408) 272-2287
2980 E Capitol Expy,San Jose,CA,95148,(408) 274-5957
4950 Almaden Expy,San Jose,CA,95118,(408) 267-1200
5146 Stevens Creek Blvd,San Jose,CA,95129,(408) 556-0610
5760 Cottle Rd,San Jose,CA,95123,(408) 362-9255
6150 Bollinger Rd,San Jose,CA,95129,(408) 257-3070
6477 Almaden Expwy,San Jose,CA,95120,(408) 268-3511
1499 Washington Ave,San Leandro,CA,94577,(510) 895-2660
555 Bancroft Ave,San Leandro,CA,94577,(510) 632-2949
699 Lewelling Blvd,San Leandro,CA,94579,(510) 483-2225
100 De Anza Blvd,San Mateo,CA,94402,(650) 341-4039
1655 El Camino Real,San Mateo,CA,94402,(650) 341-0374
860 N Delaware St,San Mateo,CA,94401,(650) 347-2704
700 B St,San Rafael,CA,94901,(415) 456-1453
950 Las Gallinas Ave,San Rafael,CA,94903,(415) 479-6111
11050 Bollinger Canyon Rd,San Ramon,CA,94582,(925) 359-2001
2505 San Ramon Valley Blvd,San Ramon,CA,94583,(925) 831-9515
2605 The Alameda Ave,Santa Clara,CA,95050,(408) 244-6873
2760 Homestead Rd,Santa Clara,CA,95051,(408) 248-0563
3071 Stevens Creek Blvd,Santa Clara,CA,95050,(408) 248-3305
3970 Rivermark Plaza,Santa Clara,CA,95054,(408) 855-0980
117 Morrissey Blvd,Santa Cruz,CA,95062,(831) 426-7489
2203 Mission St,Santa Cruz,CA,95060,(831) 420-0781
100 Calistoga Rd,Santa Rosa,CA,95409,(707) 539-1711
1211 W College Ave,Santa Rosa,CA,95401,(707) 546-6877
1799 Marlow Rd,Santa Rosa,CA,95401,(707) 528-3062
2300 Mendocino Ave,Santa Rosa,CA,95403,(707) 569-3100
2751 4th St,Santa Rosa,CA,95405,(707) 522-1455
2785 Yulupa Ave,Santa Rosa,CA,95405,(707) 524-4646
12876 Saratoga Sunnyvale Rd,Saratoga,CA,95070,(408) 867-0180
253 Mt Hermon Rd,Scotts Valley,CA,95066,(831) 438-7431
406 N Main St,Sebastopol,CA,95472,(707) 823-1101
477 W Napa St,Sonoma,CA,95476,(707) 996-0633
1291 Sanguinetti Rd,Sonora,CA,95370,(209) 533-7810
2720 41st Ave,Soquel,CA,95073,(831) 477-7212
1020 Johnson Ln,South Lake Tahoe,CA,96150,(530) 542-7740
2255 Gellert Blvd,South San Francisco,CA,94080,(650) 588-9005
30 Chestnut Ave,South San Francisco,CA,94080,(650) 952-8867
2808 Country Club Blvd,Stockton,CA,95204,(209) 461-5555
6445 Pacific Ave,Stockton,CA,95207,(209) 472-8600
150 E El Camino Real,Sunnyvale,CA,94087,(408) 732-1259
639 S Bernardo Ave,Sunnyvale,CA,94087,(408) 732-5900
785 E El Camino Real,Sunnyvale,CA,94087,(408) 481-3300
2970 Main St,Susanville,CA,96130,(530) 257-2029
850 N Lake Blvd,Tahoe City,CA,96145,(530) 583-2772
1801 W 11th St,Tracy,CA,95376,(209) 830-2950
11290 Donner Pass Rd,Truckee,CA,96161,(530) 582-7950
3051 Countryside Dr,Turlock,CA,95380,(209) 669-2725
653 S State St,Ukiah,CA,95482,(707) 467-2700
1790 Decoto Rd,Union City,CA,94587,(510) 429-9090
2090 Harbison Dr,Vacaville,CA,95687,(707) 452-7277
122 Robles Dr,Vallejo,CA,94591,(707) 554-4467
709 Lincoln Rd W,Vallejo,CA,94590,(707) 643-2172
774 Admiral Callaghan Ln,Vallejo,CA,94591,(707) 554-8035
1972 Tice Valley Blvd,Walnut Creek,CA,94595,(925) 939-7213
2800 Ygnacio Valley Rd,Walnut Creek,CA,94598,(925) 948-2283
600 S Broadway,Walnut Creek,CA,94596,(925) 935-9205
710 Bancroft Rd,Walnut Creek,CA,94598,(925) 937-8537
845 S Main St,Willits,CA,95490,(707) 459-5862
9080 Brooks Rd,Windsor,CA,95492,(707) 837-2000
1301 Main St,Alamosa,CO,81101,(719) 587-3075
7561 W 80th Ave,Arvada,CO,80003,(303) 420-0318
1200 S Buckley Rd,Aurora,CO,80017,(303) 750-6802
12200 E Mississippi Ave,Aurora,CO,80012,(303) 751-6603
1677 S Havana St,Aurora,CO,80012,(303) 481-2279
18730 E Hampden Ave,Aurora,CO,80013,(720) 876-2244
6100 S Gun Club Rd,Aurora,CO,80016,(303) 400-4870
2798 Arapahoe Ave,Boulder,CO,80302,(303) 443-5888
3325 28th St,Boulder,CO,80301,(303) 938-1271
4800 E Baseline Rd,Boulder,CO,80303,(303) 494-5373
1605 Bridge St,Brighton,CO,80601,(303) 659-6461
3602 W 144th Ave,Broomfield,CO,80023,(303) 209-2405
111 18th St,Burlington,CO,80807,(719) 346-8862
1414 Main St,Canon City,CO,81212,(719) 275-5221
880 S Perry St,Castle Rock,CO,80104,(303) 688-5028
1121 N Circle Dr,Colorado Springs,CO,80909,(719) 573-6023
1425 S Murray Blvd,Colorado Springs,CO,80916,(719) 591-0880
1920 S Nevada Ave,Colorado Springs,CO,80905,(719) 636-5255
2210 N Wahsatch Ave,Colorado Springs,CO,80907,(719) 471-7243
2890 N Powers,Colorado Springs,CO,80922,(719) 573-4860
3275 W Colorado Ave,Colorado Springs,CO,80904,(719) 473-6307
4405 Centennial Blvd,Colorado Springs,CO,80907,(719) 593-8805
5060 N Academy Blvd,Colorado Springs,CO,80918,(719) 593-1343
6520 S Academy Blvd,Colorado Springs,CO,80906,(719) 527-0146
7055 Austin Bluffs Pkwy,Colorado Springs,CO,80923,(719) 264-8650
840 Village Ctr Dr,Colorado Springs,CO,80919,(719) 548-1404
8750 N Union Blvd,Colorado Springs,CO,80920,(719) 282-9066
27152 Main St,Conifer,CO,80433,(303) 838-4375
1580 E Main St,Cortez,CO,81321,(970) 564-9590
1550 Hwy 92,Delta,CO,81416,(970) 874-9032
1653 S Colorado Blvd,Denver,CO,80222,(303) 691-2960
200 Quebec St #400,Denver,CO,80230,(303) 340-4455
2150 S Downing St,Denver,CO,80210,(303) 722-6117
2660 N Federal Blvd,Denver,CO,80211,(303) 477-5091
323 S Broadway,Denver,CO,80209,(303) 744-8531
3800 W 44th Ave,Denver,CO,80211,(303) 458-8418
560 Corona St,Denver,CO,80218,(303) 777-1231
6220 E 14th Ave,Denver,CO,80220,(303) 242-3523
6460 E Yale Ave,Denver,CO,80222,(303) 691-8870
757 E 20th Ave,Denver,CO,80205,(303) 861-8169
220 S Elizabeth St,Elizabeth,CO,80107,(303) 646-0336
201 E Jefferson Ave,Englewood,CO,80113,(303) 781-0463
7375 E Arapahoe Rd,Englewood,CO,80112,(303) 771-8707
3333 Arapahoe Rd N #B,Erie,CO,80516,(720) 890-0959
451 E Wonderview Ave,Estes Park,CO,80517,(970) 586-4447
3851 S Hwy 74,Evergreen,CO,80439,(303) 674-6625
7655 Mclaughlin Rd,Falcon,CO,80831,(719) 495-7300
10300 Federal Blvd,Federal Heights,CO,80260,(303) 469-0990
8134 Colorado Blvd,Firestone,CO,80504,(303) 833-2844
1426 E Harmony Rd,Fort Collins,CO,80525,(970) 223-6335
2160 W Drake Rd Unit 6,Fort Collins,CO,80526,(970) 484-6048
3657 S College Ave,Fort Collins,CO,80525,(970) 223-3221
731 S Lemay Ave,Fort Collins,CO,80524,(970) 221-5845
1300 Dexter St,Fort Lupton,CO,80621,(303) 857-0136
620 W Platte Ave,Fort Morgan,CO,80701,(970) 867-3377
6925 Mesa Ridge Pkwy,Fountain,CO,80817,(719) 322-9351
40 County Rd 804,Fraser,CO,80442,(970) 726-9484
1008 Summit Blvd,Frisco,CO,80443,(970) 668-5144
1701 Jackson St,Golden,CO,80401,(303) 278-1861
2512 Broadway,Grand Junction,CO,81507,(970) 257-0072
2901 F Rd,Grand Junction,CO,81504,(970) 248-9869
681 Horizon Dr,Grand Junction,CO,81506,(970) 254-0227
3526 W 10th St,Greeley,CO,80634,(970) 351-8350
4548 Centerplace Dr,Greeley,CO,80634,(970) 330-9956
112 S Spruce St,Gunnison,CO,81230,(970) 641-0787
9255 S Broadway,Highlands Ranch,CO,80129,(303) 683-1983
2425 Miner St,Idaho Springs,CO,80452,(303) 567-4471
315 W 2nd St,La Junta,CO,81050,(719) 384-4861
11088 W Jewell,Lakewood,CO,80232,(303) 989-8810
13111 W Alameda Pkwy,Lakewood,CO,80228,(303) 980-9343
9160 W Colfax Ave,Lakewood,CO,80215,(303) 232-4989
906 E Olive St,Lamar,CO,81052,(719) 336-2540
1900 N Poplar Way,Leadville,CO,80461,(719) 486-0795
12442 W Ken Caryl Ave,Littleton,CO,80127,(303) 978-1859
181 W Mineral Ave,Littleton,CO,80120,(303) 218-2100
5025 S Kipling Pkwy,Littleton,CO,80127,(303) 973-6770
8355 N Rampart Range Rd,Littleton,CO,80125,(303) 242-3563
8434 S Kipling Pkwy,Littleton,CO,80127,(720) 922-0305
9229 E Lincoln Ave,Lone Tree,CO,80124,(303) 649-9111
1050 Ken Pratt Blvd,Longmont,CO,80501,(303) 651-7952
1632 Hover Rd,Longmont,CO,80501,(303) 776-0506
910 W Cherry St,Louisville,CO,80027,(303) 666-8950
1451 W Eisenhower Blvd,Loveland,CO,80537,(970) 593-9779
2321 W Eisenhower Blvd,Loveland,CO,80537,(970) 669-1342
860 Cleveland Ave,Loveland,CO,80537,(970) 669-3440
1200 2nd Ave,Monte Vista,CO,81144,(719) 852-5121
1329 S Townsend Ave,Montrose,CO,81401,(970) 249-8822
624 Hwy 105,Monument,CO,80132,(719) 488-1187
500 E 120th Ave,Northglenn,CO,80233,(303) 450-2462
11051 S Parker Rd,Parker,CO,80134,(303) 840-1604
1017 N Market Plaza,Pueblo,CO,81007,(719) 547-2108
1231 S Prairie Ave,Pueblo,CO,81005,(719) 561-1234
232 G St,Salida,CO,81201,(719) 539-3513
37500 E US Hwy 40,Steamboat Springs,CO,80487,(970) 879-3766
1601 Coalton Rd,Superior,CO,80027,(303) 543-1153
3840 E 104th Ave,Thornton,CO,80233,(303) 255-7347
771 Thornton Pkwy,Thornton,CO,80229,(303) 280-2245
457 W Main St,Trinidad,CO,81082,(719) 846-2246
2131 N Frontage Rd W,Vail,CO,81657,(970) 476-3561
222 W 7th St,Walsenburg,CO,81089,(719) 738-3300
3900 Wadsworth Blvd,Wheat Ridge,CO,80033,(303) 456-2670
1535 Main St,Windsor,CO,80550,(970) 674-1177
1101 E US Hwy 24,Woodland Park,CO,80863,(719) 686-1836
190 John Hunn Brown Rd,Dover,DE,19901,(302) 730-9100
2400 Peoples Plaza,Newark,DE,19702,(302) 832-8290
19283 Coastal Hwy,Rehoboth Beach,DE,19971,(302) 226-3073
98-1277 Kaahumanu St,Aiea,HI,96701,(808) 483-5900
91-1119 Keaunui Dr,Ewa Beach,HI,96706,(808) 683-3200
381 E Maka'Ala St,Hilo,HI,96720,(808) 339-3795
1234 S Beretania St,Honolulu,HI,96814,(808) 535-1780
1360 Pali Hwy,Honolulu,HI,96813,(808) 566-6811
2855 E Manoa Rd,Honolulu,HI,96822,(808) 988-2058
377 Keahole St,Honolulu,HI,96825,(808) 396-6337
848 Ala Lilikoi St,Honolulu,HI,96818,(808) 831-6100
888 Kapahulu Ave,Honolulu,HI,96816,(808) 733-2600
1090 Ho'okele St,Kahului,HI,96732,(808) 359-2970
1060 Keolu Dr,Kailua,HI,96734,(808) 266-5200
200 Hamakua Dr,Kailua,HI,96734,(808) 266-5222
25 Kaneohe Bay Dr,Kailua,HI,96734,(808) 254-2597
75-971 Henry St,Kailua Kona,HI,96740,(808) 339-9155
46065 Kamehameha Hwy,Kaneohe,HI,96744,(808) 233-5800
4-831 Kuhio Hwy,Kapaa,HI,96746,(808) 822-2464
590 Farrington N 400,Kapolei,HI,96707,(808) 674-0070
277 Pi'Ikea Ave,Kihei,HI,96753,(808) 891-9120
1221 Honoapiilani Hwy,Lahaina,HI,96761,(808) 667-4392
4454 Nuhou St Suite #301,Lihue,HI,96766,(808) 246-0290
94-780B Meheula Pkwy,Mililani,HI,96789,(808) 623-8111
58 Maui Lani Pkwy Suite 5000,Wailuku,HI,96793,(808) 243-3522
94-809 Lumiaina St,Waipahu,HI,96797,(808) 664-7725
6519 S Main St,Bonners Ferry,ID,83805,(208) 267-1650
1001 N 4th St,Coeur D'Alene,ID,83814,(208) 664-6019
121 W Neider Ave,Coeur d'Alene,ID,83815,(208) 765-4311
1320 S Blaine St,Moscow,ID,83843,(208) 883-0713
702 N 5th Ave,Sandpoint,ID,83864,(208) 263-9638
1781 Forest Dr,Annapolis,MD,21401,(410) 626-2710
2635 Housley Rd,Annapolis,MD,21401,(410) 224-8890
1451 S Ritchie Hwy,Arnold,MD,21012,(410) 919-1000
2401 N Charles St,Baltimore,MD,21218,(410) 261-6110
2610 Boston St,Baltimore,MD,21224,(410) 675-3704
4401 Harford Rd,Baltimore,MD,21214,(410) 319-8591
5660 Baltimore National Pike,Baltimore,MD,21228,(410) 869-8220
225 Brierhill Dr,Bel Air,MD,21015,(410) 420-2050
4701 Sangamore Rd,Bethesda,MD,20816,(301) 320-1770
5000 Bradley Blvd,Bethesda,MD,20815,(301) 215-4148
12410 Fairwood Pkwy,Bowie,MD,20720,(301) 867-0340
4101 Northview Dr,Bowie,MD,20716,(301) 262-7992
15916 S Crain Hwy,Brandywine,MD,20613,(301) 242-9260
1925 Main St,Chester,MD,21619,(410) 604-0656
8785 Branch Ave,Clinton,MD,20735,(301) 856-7850
5485 Harpers Farm Rd,Columbia,MD,21044,(410) 740-4501
9807 Main St,Damascus,MD,20872,(301) 391-6146
10276 Southern Maryland Blvd,Dunkirk,MD,20754,(301) 855-3765
52 W Central Ave,Edgewater,MD,21037,(410) 919-1156
1313 Londontown Blvd,Eldersburg,MD,21784,(410) 552-1021
10000 Baltimore National Pike,Ellicott City,MD,21042,(410) 750-3000
4370 Montgomery Rd,Ellicott City,MD,21043,(410) 203-1210
990 E Swan Creek Rd,Fort Washington,MD,20744,(301) 965-6000
12251 Darnestown Rd,Gaithersburg,MD,20878,(301) 417-0866
20211 Goshen Rd,Gaithersburg,MD,20879,(301) 670-1626
2644 Chapel Lake Dr,Gambrills,MD,21054,(410) 451-4750
19718 Germantown Rd,Germantown,MD,20874,(301) 916-8584
7595 Greenbelt Rd,Greenbelt,MD,20770,(301) 345-0150
7643 Arundel Mills Blvd,Hanover,MD,21076,(410) 904-7222
3702 East-West Hwy,Hyattsville,MD,20782,(301) 955-1941
10541 Connecticut Ave,Kensington,MD,20895,(301) 945-4273
40 Shining Willow Way,La Plata,MD,20646,(301) 392-1875
815 E Main St,Middletown,MD,21769,(301) 371-3126
337 E Ridgeville Blvd,Mount Airy,MD,21771,(301) 829-6517
3333 Spartan Rd,Olney,MD,20832,(301) 774-8153
10335 Reisterstown Rd,Owings Mills,MD,21117,(410) 998-3820
6235 Oxon Hill Rd,Oxon Hill,MD,20745,(301) 839-0718
8858 Waltham Woods Rd,Parkville,MD,21234,(410) 882-8822
4211 Mountain Rd,Pasadena,MD,21122,(410) 439-4560
9645 Belair Rd,Perry Hall,MD,21128,(410) 256-3021
3499 Sweet Air Rd,Phoenix,MD,21131,(410) 666-0787
10104 River Rd,Potomac,MD,20854,(301) 983-2150
80 W Dares Beach Rd,Prince Frederick,MD,20678,(410) 414-7400
14939 Shady Grove Rd,Rockville,MD,20850,(301) 944-1584
1800 Rockville Pike,Rockville,MD,20852,(301) 945-3608
403 Redland Blvd,Rockville,MD,20850,(301) 990-3150
5510 Norbeck Rd,Rockville,MD,20853,(301) 438-4020
540 Benfield Rd,Severna Park,MD,21146,(410) 647-9487
10101 New Hampshire Ave,Silver Spring,MD,20903,(301) 445-6190
116 University W Blvd,Silver Spring,MD,20901,(301) 593-7526
15411 New Hampshire Ave,Silver Spring,MD,20905,(301) 476-8300
909 Thayer Ave,Silver Spring,MD,20910,(301) 565-0686
1017 York Rd,Towson,MD,21204,(410) 296-2267
7605 Crain Hwy,Upper Marlboro,MD,20772,(301) 574-1351
10 King St,Waldorf,MD,20602,(301) 843-2825
3051 Waldorf Market Pl,Waldorf,MD,20603,(301) 632-5680
151 Walkers Village Way,Walkersville,MD,21793,(301) 845-2844
444 WMC Dr #116,Westminster,MD,21158,(410) 871-1200
11201 Georgia Ave,Wheaton,MD,20902,(301) 933-0436
1735 W Main St,Bozeman,MT,59715,(406) 587-9017
2500 Massachusetts Ave,Butte,MT,59701,(406) 494-7046
310 W Front St,Butte,MT,59701,(406) 723-5808
201 N Main St,Deer Lodge,MT,59722,(406) 846-1550
570 N Montana St,Dillon,MT,59725,(406) 683-5002
101 E Main St,Hamilton,MT,59840,(406) 363-2270
611 N Montana Ave,Helena,MT,59601,(406) 443-1598
146 South Shore Route,Polson,MT,59860,(406) 883-2340
6580 Hwy 93 S,Whitefish,MT,59937,(406) 862-3006
500 E 3rd St,Alliance,NE,69301,(308) 762-4661
230 Morehead St,Chadron,NE,69337,(308) 432-4428
611 N Spruce St,Ogallala,NE,69153,(308) 284-4044
601 Broadway,Scottsbluff,NE,69361,(308) 635-1232
1944 Illinois St,Sidney,NE,69162,(308) 254-4767
890 W Williams Ave,Fallon,NV,89406,(775) 428-2330
1095 Hwy 95,Hawthorne,NV,89415,(775) 945-2159
400 Dartmouth Ave,Lovelock,NV,89419,(775) 273-2418
5150 Mae Anne Ave,Reno,NV,89523,(775) 746-9000
2858 Vista Blvd,Sparks,NV,89434,(775) 352-8470
212 Elks Point Rd,Zephyr Cove,NV,89448,(775) 586-8387
415 N Main Ave,Aztec,NM,87410,(505) 334-7334
3540 E Main St,Farmington,NM,87402,(505) 327-3349
730 W Main St,Farmington,NM,87401,(505) 325-8732
980 N Hwy 491,Gallup,NM,87301,(505) 722-7620
1990 14th Ave SE,Albany,OR,97322,(541) 812-2380
20535 SW Tualatin Valley Hwy,Aloha,OR,97006,(503) 259-3180
585 Siskiyou Blvd,Ashland,OR,97520,(541) 482-7777
3250 Leif Erickson Dr,Astoria,OR,97103,(503) 338-2960
1205 Campbell St,Baker City,OR,97814,(541) 523-7276
14555 SW Teal Blvd,Beaverton,OR,97007,(503) 590-9755
6194 SW Murray Blvd,Beaverton,OR,97008,(503) 672-8180
2650 NE Hwy 20,Bend,OR,97701,(541) 383-6500
320 W Century Blvd,Bend,OR,97702,(541) 389-0085
642 NE 3rd,Bend,OR,97701,(541) 312-6480
20151 SE Hwy 212,Boring,OR,97089,(503) 658-7000
246 W Monroe St,Burns,OR,97720,(541) 573-8580
1051 SW 1st Ave,Canby,OR,97013,(503) 266-5890
12032 SE Sunnyside Rd,Clackamas,OR,97015,(503) 698-1121
401 W Columbia River Hwy,Clatskanie,OR,97016,(503) 728-2490
230 E Johnson Ave,Coos Bay,OR,97420,(541) 267-1700
155 E 1st St,Coquille,OR,97423,(541) 396-2223
450 SW Third Ave,Corvallis,OR,97333,(541) 750-0160
5270 SW Philomath Blvd,Corvallis,OR,97333,(541) 738-2100
590 NE Circle Blvd,Corvallis,OR,97330,(541) 753-2966
1500 E Main St,Cottage Grove,OR,97424,(541) 942-3413
138 W Ellendale Ave,Dallas,OR,97338,(503) 831-6000
601 W North St,Enterprise,OR,97828,(541) 426-3722
145 E 18th Ave,Eugene,OR,97401,(541) 485-5051
1500 Coburg Rd,Eugene,OR,97401,(541) 685-8873
350 E 40th Ave,Eugene,OR,97405,(541) 342-4067
700 Hwy 101,Florence,OR,97439,(541) 902-1900
2836 Pacific Ave,Forest Grove,OR,97116,(503) 359-8700
95 82nd Dr,Gladstone,OR,97027,(503) 723-2680
115 E 7th St,Grants Pass,OR,97526,(541) 956-7540
1640 Williams Hwy,Grants Pass,OR,97527,(541) 476-1242
1001 SW Highland Dr,Gresham,OR,97080,(503) 674-7080
1455 NE Division St,Gresham,OR,97030,(503) 492-7270
990 Hwy 395 S,Hermiston,OR,97838,(541) 564-1280
2177 NW 185th Ave,Hillsboro,OR,97124,(503) 645-6631
2525 SE Tualatin Valley Hwy,Hillsboro,OR,97123,(503) 681-0256
2249 Cascade Ave,Hood River,OR,97031,(541) 386-1841
1755 Ivy St,Junction City,OR,97448,(541) 998-4520
4990 River Rd,Keizer,OR,97303,(503) 390-8810
15570 SW Pacific Hwy,King City,OR,97224,(503) 598-6001
2111 Adams Ave,La Grande,OR,97850,(541) 663-2700
17779 Boones Ferry Rd,Lake Oswego,OR,97035,(503) 675-2500
401 A Ave,Lake Oswego,OR,97034,(503) 675-4480
244 N F St,Lakeview,OR,97630,(541) 947-2324
1983 S Main St,Lebanon,OR,97355,(541) 259-5700
4101 NW Logan Rd,Lincoln City,OR,97367,(541) 994-8667
80 NE Cedar St,Madras,OR,97741,(541) 325-0460
2490 N Hwy 99 W,McMinnville,OR,97128,(503) 435-3120
1003 Medford Ctr,Medford,OR,97504,(541) 608-3680
3169 Crater Lake Hwy,Medford,OR,97504,(541) 774-4340
455 N Columbia St,Milton Freewater,OR,97862,(541) 938-5341
14840 SE Webster Rd,Milwaukie,OR,97267,(503) 303-1071
4320 SE King Rd,Milwaukie,OR,97222,(503) 303-1441
1525 W Main St,Molalla,OR,97038,(503) 829-4848
1140 N Springbrook Rd,Newberg,OR,97132,(503) 537-4001
2220 N Coast Hwy,Newport,OR,97365,(541) 265-2930
1735 Virginia Ave,North Bend,OR,97459,(541) 751-7000
13434 Colton Pl,Oregon City,OR,97045,(503) 655-8155
201 SW 20th St,Pendleton,OR,97801,(541) 278-4280
1030 SW Jefferson St,Portland,OR,97201,(503) 205-1849
1100 NE Broadway,Portland,OR,97232,(503) 528-0500
1303 NW Lovejoy St,Portland,OR,97209,(503) 205-6746
13485 NW Cornell Rd,Portland,OR,97229,(503) 350-2080
2800 SE Hawthorne Blvd,Portland,OR,97214,(503) 236-7070
3527 SE 122nd Ave,Portland,OR,97236,(503) 760-5448
3930 SE Powell Blvd,Portland,OR,97202,(503) 772-4440
4515 SE Woodstock Blvd,Portland,OR,97206,(503) 788-7600
5920 NE Martin Luther King Blvd,Portland,OR,97211,(503) 528-0580
6901 NE Sandy Blvd,Portland,OR,97213,(503) 280-1200
8145 SW Barbur Blvd,Portland,OR,97219,(503) 452-6068
8330 N Ivanhoe St,Portland,OR,97203,(503) 205-1599
1705 S Hwy 97,Redmond,OR,97756,(541) 504-4160
1499 Hwy 101,Reedsport,OR,97467,(541) 271-3142
1539 NE Stephens St,Roseburg,OR,97470,(541) 957-2540
795 Lower Columbia River Hwy,Saint Helens,OR,97051,(503) 397-2630
1265 Center St,Salem,OR,97301,(503) 566-5540
1455 Edgewater St NW,Salem,OR,97304,(503) 365-2170
3380 Lancaster Dr NE,Salem,OR,97305,(503) 399-1502
5660 Commercial St SE,Salem,OR,97306,(503) 364-4192
37601 Hwy 26,Sandy,OR,97055,(503) 668-3202
401 S Roosevelt Dr,Seaside,OR,97138,(503) 738-4700
20685 SW Roy Rogers,Sherwood,OR,97140,(503) 625-4760
301 Westfield St,Silverton,OR,97381,(503) 873-1800
1891 Pioneer Pkwy E,Springfield,OR,97477,(541) 747-0715
1535 N 1st St,Stayton,OR,97383,(503) 769-4814
1540 Main St,Sweet Home,OR,97386,(541) 367-0670
520 Mt Hood St,The Dalles,OR,97058,(541) 296-9488
1815 4th St,Tillamook,OR,97141,(503) 842-4608
2501 SW Cherry Park Rd,Troutdale,OR,97060,(503) 674-7000
22000 Salamo Rd,West Linn,OR,97068,(503) 650-8954
8255 SW Wilsonville Rd,Wilsonville,OR,97070,(503) 404-2819
1550 N Pacific Hwy,Woodburn,OR,97071,(503) 982-2756
2120 Mt Rushmore Rd,Rapid City,SD,57701,(605) 348-5125
730 Mountain View Rd,Rapid City,SD,57702,(605) 342-8455
1606 North Ave,Spearfish,SD,57783,(605) 642-5728
1624 Belle View,Alexandria,VA,22307,(703) 765-3434
299 S Van Dorn St,Alexandria,VA,22304,(703) 751-4827
3526 King St,Alexandria,VA,22302,(571) 312-0029
500 S Royal St,Alexandria,VA,22314,(703) 836-0380
5980 Kingstowne Towne Ctr,Alexandria,VA,22315,(703) 921-3125
6130 Rose Hill Dr,Alexandria,VA,22310,(703) 313-8800
7900 Ft Hunt Rd,Alexandria,VA,22308,(703) 765-0924
8646 Richmond Hwy,Alexandria,VA,22309,(703) 780-3646
7414 Little River Turnpike,Annandale,VA,22003,(703) 941-3874
1525 Wilson Blvd,Arlington,VA,22209,(703) 276-9315
2500 N Harrison St,Arlington,VA,22207,(703) 538-6700
3713 Lee Hwy,Arlington,VA,22207,(703) 841-1155
5101 Wilson Blvd,Arlington,VA,22205,(703) 524-1528
12821 Braemar Village Plaza,Bristow,VA,20136,(703) 257-0153
5727 Burke Centre Pkwy,Burke,VA,22015,(703) 323-8784
9596 Old Keene Mill Rd,Burke,VA,22015,(703) 440-1341
309 Southgate Shopping Ctr,Culpeper,VA,22701,(540) 825-8337
4215 Cheshire Station Plaza,Dale City,VA,22193,(703) 590-5530
10350 Willard Way,Fairfax,VA,22030,(703) 591-8473
12200 Fairfax Towne Center,Fairfax,VA,22033,(703) 359-0523
3043 Nutley St,Fairfax,VA,22031,(703) 269-2241
9525 Braddock Rd,Fairfax,VA,22032,(703) 978-4604
6118 Arlington Blvd,Falls Church,VA,22044,(703) 531-0030
7397 Lee Hwy,Falls Church,VA,22042,(703) 573-2057
9881 Georgetown Pike,Great Falls,VA,22066,(703) 759-3802
413 Elden St,Herndon,VA,20170,(571) 262-2968
437 S King St,Leesburg,VA,20175,(703) 777-5833
1330 Chain Bridge Rd,Mclean,VA,22101,(703) 356-6118
1688 Anderson Rd,Mclean,VA,22102,(703) 343-1000
6244 Old Dominion Dr,Mclean,VA,22101,(703) 538-6539
12 W Washington St,Middleburg,VA,20117,(540) 687-6401
11120 S Lakes Dr,Reston,VA,20191,(703) 620-3400
2304 Hunter's Woods Plaza,Reston,VA,20191,(703) 716-4193
22350 S Sterling Blvd,Sterling,VA,20164,(703) 948-1080
30 Pidgeon Hill Dr,Sterling,VA,20165,(703) 430-1192
189 W Lee Hwy,Warrenton,VA,20186,(540) 347-7909
2205 Old Bridge Rd,Woodbridge,VA,22192,(703) 494-8858
4240 Merchant Plaza,Woodbridge,VA,22192,(703) 590-1057
221 W Heron St,Aberdeen,WA,98520,(360) 533-1955
911 11th St,Anacortes,WA,98221,(360) 293-5393
20500 Olympic Pl,Arlington,WA,98223,(360) 435-3636
3532 172nd St NE,Arlington,WA,98223,(360) 653-4144
101 Auburn Way S,Auburn,WA,98002,(253) 804-0138
253 High School Rd NE,Bainbridge Island,WA,98110,(206) 842-7197
904 W Main St,Battle Ground,WA,98604,(360) 666-2230
23961 NE State Route 3,Belfair,WA,98528,(360) 275-0922
15100 SE 38th St,Bellevue,WA,98006,(425) 641-2783
1645 140th Ave NE,Bellevue,WA,98005,(425) 373-5263
300 Bellevue Way NE,Bellevue,WA,98004,(425) 749-3885
1275 E Sunset Dr,Bellingham,WA,98226,(360) 647-8311
21301 Hwy 410,Bonney Lake,WA,98391,(253) 862-1212
20711 Bothell Hwy,Bothell,WA,98012,(425) 483-1060
24040 Bothell Everett Hwy,Bothell,WA,98021,(425) 482-2767
1401 NE McWilliams Rd,Bremerton,WA,98311,(360) 373-8911
900 N Callow Ave,Bremerton,WA,98312,(360) 792-9149
12725 1st Ave S,Burien,WA,98168,(206) 439-7212
138 SW 148th St,Burien,WA,98166,(206) 243-3043
800 NE 3rd Ave,Camas,WA,98607,(360) 834-7933
1129 Harrison Ave,Centralia,WA,98531,(360) 330-0884
1100 S Market Blvd,Chehalis,WA,98532,(360) 748-3777
106 W Manson Rd,Chelan,WA,98816,(509) 682-2615
2710 1st St,Cheney,WA,99004,(509) 235-6400
10 W Colville Ave,Chewelah,WA,99109,(509) 935-8383
804 W 1st St,Cle Elum,WA,98922,(509) 674-2580
391 N Main St,Colville,WA,99114,(509) 684-3782
17023 SE 272nd,Covington,WA,98042,(253) 630-0063
1220 Morgan St,Davenport,WA,99122,(509) 725-7151
21401 Pacific Hwy S,Des Moines,WA,98198,(206) 824-2737
27035 Pacific Hwy S,Des Moines,WA,98198,(253) 946-8087
14020 Main St NE,Duvall,WA,98019,(425) 844-1188
510 Grant Rd,East Wenatchee,WA,98802,(509) 884-0707
23632 Hwy 99,Edmonds,WA,98026,(425) 778-1411
400 N Ruby St,Ellensburg,WA,98926,(509) 925-2700
152 Roosevelt Ave E,Enumclaw,WA,98022,(360) 825-5023
1150 Basin St SW,Ephrata,WA,98823,(509) 754-4441
11031 19th Ave SE,Everett,WA,98208,(425) 337-0886
1715 Broadway Ave,Everett,WA,98201,(425) 252-9898
4128 Rucker Ave,Everett,WA,98203,(425) 258-3552
5802 134th Place SE,Everett,WA,98208,(425) 332-6175
7601 Evergreen Way,Everett,WA,98203,(425) 355-7622
1207 S 320th St,Federal Way,WA,98003,(253) 839-8503
2109 SW 336th St,Federal Way,WA,98023,(253) 838-9941
28810 Military Rd S,Federal Way,WA,98003,(253) 941-1500
4831 Point Fosdick Dr NW,Gig Harbor,WA,98335,(253) 853-1950
10105 224th St E,Graham,WA,98338,(253) 847-7050
320 Midway Ave,Grand Coulee,WA,99133,(509) 633-2411
610 E Wine Country Rd,Grandview,WA,98930,(509) 882-1325
1451 Highlands Dr,Issaquah,WA,98029,(425) 369-3113
735 NW Gilman Blvd,Issaquah,WA,98027,(425) 392-0410
411 Three Rivers Dr,Kelso,WA,98626,(360) 636-4548
6850 NE Bothell Way,Kenmore,WA,98028,(425) 487-2001
2825 W Kennewick Ave,Kennewick,WA,99336,(509) 783-9562
13101 SE Kent-Kangley Rd,Kent,WA,98030,(253) 638-7275
20830 108th Ave SE,Kent,WA,98031,(253) 854-2814
210 Washington Ave S,Kent,WA,98032,(253) 852-4454
10020 NE 137th St,Kirkland,WA,98034,(425) 821-9224
12519 NE 85th St,Kirkland,WA,98033,(425) 822-8821
14444 124th Ave NE,Kirkland,WA,98034,(425) 821-2112
1243 Marvin Rd NE,Lacey,WA,98516,(360) 438-3914
4700 Yelm Hwy SE,Lacey,WA,98503,(360) 438-0203
6200 Pacific Ave SE,Lacey,WA,98503,(360) 486-3400
717 SR 9 NE,Lake Stevens,WA,98258,(425) 249-4000
10223 Gravelly Lake Dr SW,Lakewood,WA,98499,(253) 581-2072
116 Riverbend Dr,Leavenworth,WA,98826,(509) 548-5435
1304 N Liberty Lake Rd,Liberty Lake,WA,99019,(509) 924-2374
1227 15th Ave,Longview,WA,98632,(360) 575-6600
2930 Ocean Beach Hwy,Longview,WA,98632,(360) 575-6240
8071 Guide Meridian Rd #101,Lynden,WA,98264,(360) 318-0688
12811 Beverly Park Rd,Lynnwood,WA,98087,(425) 347-3060
14826 Hwy 99 N,Lynnwood,WA,98087,(425) 743-7771
19500 Hwy 99 Suite 110,Lynnwood,WA,98036,(425) 670-9803
26916 Maple Valley Rd,Maple Valley,WA,98038,(425) 432-2020
1258 State St,Marysville,WA,98270,(360) 658-8483
16304 Bothell Everett Hwy,Mill Creek,WA,98012,(425) 743-3095
900 E Meridian Ave Suite 12,Milton,WA,98354,(253) 927-2332
19651 Hwy 2,Monroe,WA,98272,(360) 794-9292
601 S Pioneer Way,Moses Lake,WA,98837,(509) 765-3961
315 E College Way,Mount Vernon,WA,98273,(360) 424-8160
4301 212th St SW,Mountlake Terrace,WA,98043,(425) 775-4154
6911 Coal Creek Pkwy SE,Newcastle,WA,98059,(425) 641-0902
121 W Walnut St,Newport,WA,99156,(509) 447-2506
460 SW Mt Si Blvd,North Bend,WA,98045,(425) 831-2122
1450 SW Erie St,Oak Harbor,WA,98277,(360) 279-8828
3215 Harrison Ave NW,Olympia,WA,98502,(360) 956-3782
4280 Martin Way E,Olympia,WA,98516,(360) 456-7132
607 Omache Dr,Omak,WA,98841,(509) 826-3404
215 Whitesell St NW,Orting,WA,98360,(360) 893-0840
110 E 3rd St,Port Angeles,WA,98362,(360) 457-0788
2709 E Hwy 101,Port Angeles,WA,98362,(360) 457-1461
3355 Bethel Rd SE,Port Orchard,WA,98366,(360) 874-8300
442 W Sims Way,Port Townsend,WA,98368,(360) 385-2806
19245 10th Ave NE,Poulsbo,WA,98370,(360) 394-0023
430 SE Bishop Blvd,Pullman,WA,99163,(509) 334-0803
11501 Canyon Rd E,Puyallup,WA,98373,(253) 536-4792
13308 Meridian E,Puyallup,WA,98373,(253) 864-7277
5616 176th St E,Puyallup,WA,98375,(253) 414-1737
611 S Meridian,Puyallup,WA,98371,(253) 845-2010
708 Shaw Rd E,Puyallup,WA,98372,(253) 251-5113
15000 NE 24th St,Redmond,WA,98052,(425) 869-7343
17246 Redmond Way,Redmond,WA,98052,(425) 885-3323
17230 140th Ave SE,Renton,WA,98058,(425) 228-1740
200 S 3rd St,Renton,WA,98057,(425) 255-4151
2725 NE Sunset Blvd,Renton,WA,98056,(425) 228-5700
4300 NE 4th St,Renton,WA,98059,(425) 226-7666
1803 George Washington Way,Richland,WA,99354,(509) 946-9605
630 228th Ave NE,Sammamish,WA,98074,(425) 868-4000
12318 15th Ave NE,Seattle,WA,98125,(206) 306-0504
1410 E John St,Seattle,WA,98112,(206) 323-4988
1423 NW Market St,Seattle,WA,98107,(206) 784-6480
2100 Queen Anne Ave N,Seattle,WA,98109,(206) 282-8090
2201 E Madison St,Seattle,WA,98112,(206) 494-1518
2622 California Ave SW,Seattle,WA,98116,(206) 937-2272
3020 NE 45th St,Seattle,WA,98105,(206) 522-8350
3820 Rainier Ave S,Seattle,WA,98118,(206) 725-9575
3900 S Othello St,Seattle,WA,98118,(206) 722-5552
4011 S 164th,Seattle,WA,98188,(206) 244-2567
4754 42nd Ave SW,Seattle,WA,98116,(206) 932-6026
516 1st Ave W,Seattle,WA,98119,(206) 494-1685
7300 Roosevelt Way NE,Seattle,WA,98115,(206) 525-6348
7340 35th Ave NE,Seattle,WA,98115,(206) 524-7064
8340 15th Ave NW,Seattle,WA,98117,(206) 782-7464
9262 Rainier Ave S,Seattle,WA,98118,(206) 494-1120
9620 28th Ave SW,Seattle,WA,98126,(206) 935-3996
680F W Washington St,Sequim,WA,98382,(360) 681-2905
600 Franklin St,Shelton,WA,98584,(360) 426-9978
15332 Aurora Ave N,Shoreline,WA,98133,(206) 364-0453
17202 15th Ave NE,Shoreline,WA,98155,(206) 363-3130
2890 NW Bucklin Hill Rd,Silverdale,WA,98383,(360) 692-4488
1119 13th St,Snohomish,WA,98290,(360) 568-7215
34828 SE Douglas St,Snoqualmie,WA,98065,(425) 831-0376
10100 N Newport Hwy,Spokane,WA,99218,(509) 465-2576
14020 E Sprague Ave,Spokane,WA,99216,(509) 921-9859
1616 W Northwest Blvd,Spokane,WA,99205,(509) 327-4974
2507 W Wellesley Ave,Spokane,WA,99205,(509) 327-4593
2509 E 29th Ave,Spokane,WA,99223,(509) 532-0822
3919 N Market St,Spokane,WA,99207,(509) 484-5195
902 W Francis Ave,Spokane,WA,99205,(509) 327-4880
933 E Mission Ave,Spokane,WA,99202,(509) 482-1987
613 S 6th St,Sunnyside,WA,98944,(509) 837-4610
1112 S M St,Tacoma,WA,98405,(253) 627-8840
1302 S 38th St,Tacoma,WA,98418,(253) 471-1630
15805 Pacific Ave S,Tacoma,WA,98444,(253) 535-1111
1624 72nd St E,Tacoma,WA,98404,(253) 537-2124
2411 N Proctor St,Tacoma,WA,98406,(253) 752-5570
2637 N Pearl St,Tacoma,WA,98407,(253) 759-9251
3842 Bridgeport Way,Tacoma,WA,98466,(253) 565-6215
707 S 56th St,Tacoma,WA,98408,(253) 471-3477
711 W 1st Ave,Toppenish,WA,98948,(509) 865-5700
520 Cleveland Ave SE,Tumwater,WA,98501,(360) 943-1830
13023 NE Hwy 99 Suite 1,Vancouver,WA,98686,(360) 566-7980
13719 SE Mill Plain Blvd,Vancouver,WA,98684,(360) 891-4245
2615 NE 112th Ave,Vancouver,WA,98684,(360) 449-5200
3707 N Main St,Vancouver,WA,98663,(360) 993-8600
408 NE 81st St,Vancouver,WA,98665,(360) 574-1141
6700 NE 162nd Ave Suite 500,Vancouver,WA,98682,(360) 944-2680
6701 E Mill Plain Blvd,Vancouver,WA,98661,(360) 992-5720
6711 NE 63rd St,Vancouver,WA,98661,(360) 992-5680
1600 Plaza Way,Walla Walla,WA,99362,(509) 529-0470
215 E Rose St,Walla Walla,WA,99362,(509) 529-3711
3307 Evergreen Blvd Bldg 5,Washougal,WA,98671,(360) 335-2000
501 N Miller St,Wenatchee,WA,98801,(509) 663-5336
19150 NE Woodinville Duvall Rd,Woodinville,WA,98077,(425) 788-9150
1725 Pacific Ave,Woodland,WA,98674,(360) 225-4370
1610 W Lincoln Ave,Yakima,WA,98902,(509) 248-4274
205 N 5th Ave,Yakima,WA,98902,(509) 453-8833
2204A W Nob Hill Blvd,Yakima,WA,98902,(509) 452-8860
5702 Summitview Ave,Yakima,WA,98908,(509) 965-3622
905 E Meade Ave,Yakima,WA,98903,(509) 457-6040
1109 Yelm Ave E,Yelm,WA,98597,(360) 458-8830
700 S Greeley Hwy,Cheyenne,WY,82007,(307) 635-7877
1900 E Richards St,Douglas,WY,82633,(307) 358-3446
1165 W Main St,Lander,WY,82520,(307) 332-3636
554 N 3rd St,Laramie,WY,82072,(307) 721-5107
1307 16th St,Wheatland,WY,82201,(307) 322-4530
