store_id,store_url
1,https://savealot.com/grocery-stores/albertville-35950-23562/
2,https://savealot.com/grocery-stores/anniston-36204-24052/
3,https://savealot.com/grocery-stores/athens-35611-595/
4,https://savealot.com/grocery-stores/birmingham-35211-584/
5,https://savealot.com/grocery-stores/bridgeport-35740-23450/
6,https://savealot.com/grocery-stores/gadsden-35901-23454/
7,https://savealot.com/grocery-stores/huntsville-35810-23851/
8,https://savealot.com/grocery-stores/jasper-35501-24048/
9,https://savealot.com/grocery-stores/midfield-35228-695/
10,https://savealot.com/grocery-stores/northport-35476-24046/
11,https://savealot.com/grocery-stores/selma-36703-385/
12,https://savealot.com/grocery-stores/sylacauga-35150-386/
13,https://savealot.com/grocery-stores/benton-72015-24040/
14,https://savealot.com/grocery-stores/magnolia-71753-23282/
15,https://savealot.com/grocery-stores/monticello-71655-24253/
16,https://savealot.com/grocery-stores/texarkana-71854-23264/
17,https://savealot.com/grocery-stores/west-memphis-72301-45104/
18,https://savealot.com/grocery-stores/aurora-80011-24826/
19,https://savealot.com/grocery-stores/aurora-80011-24694/
20,https://savealot.com/grocery-stores/colorado-springs-80910-24827/
21,https://savealot.com/grocery-stores/commerce-city-80022-24866/
22,https://savealot.com/grocery-stores/denver-80219-24877/
23,https://savealot.com/grocery-stores/denver-80219-23885/
24,https://savealot.com/grocery-stores/denver-80221-24983/
25,https://savealot.com/grocery-stores/denver-80224-45162/
26,https://savealot.com/grocery-stores/denver-80239-45154/
27,https://savealot.com/grocery-stores/greeley-80631-24564/
28,https://savealot.com/grocery-stores/longmont-80501-24865/
29,https://savealot.com/grocery-stores/northglenn-80234/
30,https://savealot.com/grocery-stores/pueblo-81001-23844/
31,https://savealot.com/grocery-stores/thornton-80260-24387/
32,https://savealot.com/grocery-stores/westminster-80030-24949/
33,https://savealot.com/grocery-stores/bridgeport-6604-869/
34,https://savealot.com/grocery-stores/east-hartford-6108-826/
35,https://savealot.com/grocery-stores/hamden-6514-821/
36,https://savealot.com/grocery-stores/hartford-6120-824/
37,https://savealot.com/grocery-stores/manchester-6040-846/
38,https://savealot.com/grocery-stores/meriden-6451-812/
39,https://savealot.com/grocery-stores/waterbury-6706-845/
40,https://savealot.com/grocery-stores/washington-20002-8044/
41,https://savealot.com/grocery-stores/claymont-19703-239/
42,https://savealot.com/grocery-stores/milford-19963-532/
43,https://savealot.com/grocery-stores/millsboro-19966-24876/
44,https://savealot.com/grocery-stores/new-castle-19720-294/
45,https://savealot.com/grocery-stores/seaford-19973-24507/
46,https://savealot.com/grocery-stores/wilmington-19805-270/
47,https://savealot.com/grocery-stores/wilmington-19805-219/
48,https://savealot.com/grocery-stores/apopka-32703-149/
49,https://savealot.com/grocery-stores/arcadia-34266-24403/
50,https://savealot.com/grocery-stores/archer-32618-24785/
51,https://savealot.com/grocery-stores/auburndale-33823-159/
52,https://savealot.com/grocery-stores/avon-park-33825-792/
53,https://savealot.com/grocery-stores/bartow-33830-106/
54,https://savealot.com/grocery-stores/bayonet-point-34667-193/
55,https://savealot.com/grocery-stores/belleview-34420-188/
56,https://savealot.com/grocery-stores/bradenton-34207-24404/
57,https://savealot.com/grocery-stores/bronson-32621-24971/
58,https://savealot.com/grocery-stores/brooksville-34601-326/
59,https://savealot.com/grocery-stores/brooksville-34613-113/
60,https://savealot.com/grocery-stores/chiefland-32626-24703/
61,https://savealot.com/grocery-stores/clearwater-33755-348/
62,https://savealot.com/grocery-stores/clermont-34711-302/
63,https://savealot.com/grocery-stores/clewiston-33440-24918/
64,https://savealot.com/grocery-stores/cocoa-32922-24643/
65,https://savealot.com/grocery-stores/crescent-city-32112-137/
66,https://savealot.com/grocery-stores/cross-city-32628-24796/
67,https://savealot.com/grocery-stores/crystal-river-34429-323/
68,https://savealot.com/grocery-stores/dade-city-33525-179/
69,https://savealot.com/grocery-stores/daytona-beach-32114-105/
70,https://savealot.com/grocery-stores/deland-32720-311/
71,https://savealot.com/grocery-stores/deland-32720-112/
72,https://savealot.com/grocery-stores/deltona-32738-349/
73,https://savealot.com/grocery-stores/dunedin-34698-115/
74,https://savealot.com/grocery-stores/dunnellon-34432-186/
75,https://savealot.com/grocery-stores/eustis-32726-152/
76,https://savealot.com/grocery-stores/fort-pierce-34950-168/
77,https://savealot.com/grocery-stores/frostproof-33843-45118/
78,https://savealot.com/grocery-stores/ft-myers-33905-24782/
79,https://savealot.com/grocery-stores/ft-myers-33908-45057/
80,https://savealot.com/grocery-stores/ft-myers-33901-24781/
81,https://savealot.com/grocery-stores/ft-pierce-34982-310/
82,https://savealot.com/grocery-stores/ft-myers-33905-24782/
83,https://savealot.com/grocery-stores/ft-myers-33908-45057/
84,https://savealot.com/grocery-stores/ft-myers-33901-24781/
85,https://savealot.com/grocery-stores/gainesville-32601-114/
86,https://savealot.com/grocery-stores/gulfport-33707-317/
87,https://savealot.com/grocery-stores/haines-city-33844-173/
88,https://savealot.com/grocery-stores/holiday-34691-126/
89,https://savealot.com/grocery-stores/holly-hill-32117-335/
90,https://savealot.com/grocery-stores/hudson-34669-309/
91,https://savealot.com/grocery-stores/inverness-34450-163/
92,https://savealot.com/grocery-stores/jacksonville-32208-319/
93,https://savealot.com/grocery-stores/jacksonville-32210-318/
94,https://savealot.com/grocery-stores/jacksonville-32216-8029/
95,https://savealot.com/grocery-stores/jacksonville-32218-333/
96,https://savealot.com/grocery-stores/jacksonville-32254-136/
97,https://savealot.com/grocery-stores/jacksonville-32277-176/
98,https://savealot.com/grocery-stores/kenneth-city-33709-340/
99,https://savealot.com/grocery-stores/kissimmee-34744-128/
100,https://savealot.com/grocery-stores/labelle-33935-23937/
101,https://savealot.com/grocery-stores/lake-city-32055-24132/
102,https://savealot.com/grocery-stores/lake-placid-33852-8055/
103,https://savealot.com/grocery-stores/lake-wales-33853-189/
104,https://savealot.com/grocery-stores/lakeland-33801-199/
105,https://savealot.com/grocery-stores/lakeland-33809-788/
106,https://savealot.com/grocery-stores/lakeland-33815-303/
107,https://savealot.com/grocery-stores/largo-33770-312/
108,https://savealot.com/grocery-stores/largo-33771-197/
109,https://savealot.com/grocery-stores/leesburg-34748-789/
110,https://savealot.com/grocery-stores/lehigh-acres-33936-24789/
111,https://savealot.com/grocery-stores/live-oak-32060-24569/
112,https://savealot.com/grocery-stores/longwood-32750-104/
113,https://savealot.com/grocery-stores/macclenny-32063-24881/
114,https://savealot.com/grocery-stores/miami-33150-45033/
115,https://savealot.com/grocery-stores/naples-34112-23989/
116,https://savealot.com/grocery-stores/new-port-richey-34653-101/
117,https://savealot.com/grocery-stores/new-smyrna-beach-32168-45082/
118,https://savealot.com/grocery-stores/north-fort-myers-33903-23990/
119,https://savealot.com/grocery-stores/north-port-34287-8060/
120,https://savealot.com/grocery-stores/ocala-34470-177/
121,https://savealot.com/grocery-stores/ocala-34472-308/
122,https://savealot.com/grocery-stores/ocala-34481-315/
123,https://savealot.com/grocery-stores/orange-city-32763-164/
124,https://savealot.com/grocery-stores/orlando-32805-325/
125,https://savealot.com/grocery-stores/orlando-32808-117/
126,https://savealot.com/grocery-stores/orlando-32810-320/
127,https://savealot.com/grocery-stores/orlando-32818-306/
128,https://savealot.com/grocery-stores/orlando-32822-316/
129,https://savealot.com/grocery-stores/orlando-32822-124/
130,https://savealot.com/grocery-stores/orlando-32839-125/
131,https://savealot.com/grocery-stores/pahokee-33476-45130/
132,https://savealot.com/grocery-stores/palatka-32177-139/
133,https://savealot.com/grocery-stores/palm-bay-32905-143/
134,https://savealot.com/grocery-stores/perry-32347-24503/
135,https://savealot.com/grocery-stores/plant-city-33563-135/
136,https://savealot.com/grocery-stores/pompano-beach-33064-160/
137,https://savealot.com/grocery-stores/port-charlotte-33948-24406/
138,https://savealot.com/grocery-stores/port-orange-32127-346/
139,https://savealot.com/grocery-stores/port-richey-34668-8059/
140,https://savealot.com/grocery-stores/riverview-33578-307/
141,https://savealot.com/grocery-stores/riviera-beach-33404-130/
142,https://savealot.com/grocery-stores/sanford-32771-170/
143,https://savealot.com/grocery-stores/sarasota-34237-24408/
144,https://savealot.com/grocery-stores/sebring-33870-337/
145,https://savealot.com/grocery-stores/seffner-33584-156/
146,https://savealot.com/grocery-stores/seminole-33777-182/
147,https://savealot.com/grocery-stores/spring-hill-34606-304/
148,https://savealot.com/grocery-stores/st-augustine-32086-787/
149,https://savealot.com/grocery-stores/st-cloud-34769-191/
150,https://savealot.com/grocery-stores/st-petersburg-33701-141/
151,https://savealot.com/grocery-stores/st-petersburg-33702-778/
152,https://savealot.com/grocery-stores/st-petersburg-33705-118/
153,https://savealot.com/grocery-stores/st-petersburg-33710-102/
154,https://savealot.com/grocery-stores/st-petersburg-33713-321/
155,https://savealot.com/grocery-stores/starke-32091-24993/
156,https://savealot.com/grocery-stores/sun-city-33573-111/
157,https://savealot.com/grocery-stores/tallahassee-32301-110/
158,https://savealot.com/grocery-stores/tampa-33604-301/
159,https://savealot.com/grocery-stores/tampa-33604-109/
160,https://savealot.com/grocery-stores/tampa-33607-8083/
161,https://savealot.com/grocery-stores/tampa-33612-334/
162,https://savealot.com/grocery-stores/tampa-33613-198/
163,https://savealot.com/grocery-stores/tampa-33615-153/
164,https://savealot.com/grocery-stores/tampa-33619-305/
165,https://savealot.com/grocery-stores/tampa-33619-108/
166,https://savealot.com/grocery-stores/temple-terrace-33617-314/
167,https://savealot.com/grocery-stores/titusville-32780-344/
168,https://savealot.com/grocery-stores/titusville-32796-134/
169,https://savealot.com/grocery-stores/umatilla-32784-138/
170,https://savealot.com/grocery-stores/wildwood-34785-174/
171,https://savealot.com/grocery-stores/winter-garden-34787-129/
172,https://savealot.com/grocery-stores/winter-haven-33880-158/
173,https://savealot.com/grocery-stores/zephyrhills-33541-956/
174,https://savealot.com/grocery-stores/zephyrhills-33541-336/
175,https://savealot.com/grocery-stores/americus-31709-585/
176,https://savealot.com/grocery-stores/blairsville-30512-24317/
177,https://savealot.com/grocery-stores/brunswick-31520-122/
178,https://savealot.com/grocery-stores/cairo-39828/
179,https://savealot.com/grocery-stores/columbus-31904-580/
180,https://savealot.com/grocery-stores/cordele-31015-495/
181,https://savealot.com/grocery-stores/dalton-30720-23984/
182,https://savealot.com/grocery-stores/douglas-31533-481/
183,https://savealot.com/grocery-stores/elberton-30635-23780/
184,https://savealot.com/grocery-stores/ft-olgethorpe-30742-23767/
185,https://savealot.com/grocery-stores/macon-31206-571/
186,https://savealot.com/grocery-stores/moultrie-31768-24733/
187,https://savealot.com/grocery-stores/statesboro-30458-24271/
188,https://savealot.com/grocery-stores/tifton-31794-499/
189,https://savealot.com/grocery-stores/valdosta-31601-123/
190,https://savealot.com/grocery-stores/vidalia-30474-45070/
191,https://savealot.com/grocery-stores/cedar-rapids-52404-23672/
192,https://savealot.com/grocery-stores/sioux-city-51105-24967/
193,https://savealot.com/grocery-stores/alton-62002-407/
194,https://savealot.com/grocery-stores/auburn-62615-24742/
195,https://savealot.com/grocery-stores/aurora-60506-45036/
196,https://savealot.com/grocery-stores/beardstown-62618-24848/
197,https://savealot.com/grocery-stores/belleville-62226-417/
198,https://savealot.com/grocery-stores/benton-62812-22738/
199,https://savealot.com/grocery-stores/carbondale-62901-24447/
200,https://savealot.com/grocery-stores/chicago-60617-858/
201,https://savealot.com/grocery-stores/chicago-60624-859/
202,https://savealot.com/grocery-stores/chicago-60628-851/
203,https://savealot.com/grocery-stores/chicago-60629-860/
204,https://savealot.com/grocery-stores/chicago-60637-882/
205,https://savealot.com/grocery-stores/chicago-60639-856/
206,https://savealot.com/grocery-stores/chicago-60649-852/
207,https://savealot.com/grocery-stores/clinton-61727-45066/
208,https://savealot.com/grocery-stores/danville-61832-23722/
209,https://savealot.com/grocery-stores/decatur-62521-24088/
210,https://savealot.com/grocery-stores/decatur-62522-45160/
211,https://savealot.com/grocery-stores/du-quoin-62832-45159/
212,https://savealot.com/grocery-stores/east-st-louis-62203-45047/
213,https://savealot.com/grocery-stores/east-st-louis-62205-412/
214,https://savealot.com/grocery-stores/east-st-louis-62203-45047/
215,https://savealot.com/grocery-stores/east-st-louis-62205-412/
216,https://savealot.com/grocery-stores/effingham-62401-23236/
217,https://savealot.com/grocery-stores/fairfield-62837-45164/
218,https://savealot.com/grocery-stores/galesburg-61401-24228/
219,https://savealot.com/grocery-stores/geneseo-61254-45013/
220,https://savealot.com/grocery-stores/georgetown-61846-45095/
221,https://savealot.com/grocery-stores/granite-city-62040-420/
222,https://savealot.com/grocery-stores/kewanee-61443-23689/
223,https://savealot.com/grocery-stores/la-salle-61301-23589/
224,https://savealot.com/grocery-stores/lawrenceville-62439-45109/
225,https://savealot.com/grocery-stores/metropolis-62960-24182/
226,https://savealot.com/grocery-stores/monmouth-61462-24680/
227,https://savealot.com/grocery-stores/ottawa-61350-23431/
228,https://savealot.com/grocery-stores/pana-62557-24901/
229,https://savealot.com/grocery-stores/paris-61944-23943/
230,https://savealot.com/grocery-stores/pekin-61554-24037/
231,https://savealot.com/grocery-stores/peoria-heights-61614-24127/
232,https://savealot.com/grocery-stores/pinckneyville-62274-23592/
233,https://savealot.com/grocery-stores/pittsfield-62363-22789/
234,https://savealot.com/grocery-stores/quincy-62301-24421/
235,https://savealot.com/grocery-stores/quincy-62301-23372/
236,https://savealot.com/grocery-stores/richton-park-60471-867/
237,https://savealot.com/grocery-stores/rock-falls-61071-23619/
238,https://savealot.com/grocery-stores/rockford-61102-894/
239,https://savealot.com/grocery-stores/rockford-61103-24370/
240,https://savealot.com/grocery-stores/rockford-61108-457/
241,https://savealot.com/grocery-stores/s-chicago-heights-60411-23663/
242,https://savealot.com/grocery-stores/springfield-62702-24849/
243,https://savealot.com/grocery-stores/urbana-61801-24439/
244,https://savealot.com/grocery-stores/waukegan-60085-8010/
245,https://savealot.com/grocery-stores/brazil-47834-45173/
246,https://savealot.com/grocery-stores/brookville-47012-9670-45176/
247,https://savealot.com/grocery-stores/clinton-47842-23723/
248,https://savealot.com/grocery-stores/connersville-47331-24745/
249,https://savealot.com/grocery-stores/delphi-46923-24278/
250,https://savealot.com/grocery-stores/elkhart-46516-45188/
251,https://savealot.com/grocery-stores/ft-wayne-46809-23662/
252,https://savealot.com/grocery-stores/ft-wayne-46816-24615/
253,https://savealot.com/grocery-stores/grabill-46741-24519/
254,https://savealot.com/grocery-stores/hammond-46323-23882/
255,https://savealot.com/grocery-stores/hartford-city-47348-23405/
256,https://savealot.com/grocery-stores/indianapolis-46201-891/
257,https://savealot.com/grocery-stores/indianapolis-46218-954/
258,https://savealot.com/grocery-stores/indianapolis-46219-876/
259,https://savealot.com/grocery-stores/indianapolis-46226-875/
260,https://savealot.com/grocery-stores/indianapolis-46254-877/
261,https://savealot.com/grocery-stores/indianapolis-46268-955/
262,https://savealot.com/grocery-stores/jeffersonville-47130-23322/
263,https://savealot.com/grocery-stores/kendallville-46755-889/
264,https://savealot.com/grocery-stores/knox-46534-23641/
265,https://savealot.com/grocery-stores/kokomo-46901-23775/
266,https://savealot.com/grocery-stores/kouts-46347-24869/
267,https://savealot.com/grocery-stores/linton-47441-24786/
268,https://savealot.com/grocery-stores/merrillville-46410-45048/
269,https://savealot.com/grocery-stores/michigan-city-46360-24590/
270,https://savealot.com/grocery-stores/peru-46970-24589/
271,https://savealot.com/grocery-stores/princeton-47670-23373/
272,https://savealot.com/grocery-stores/rensselaer-47978-24348/
273,https://savealot.com/grocery-stores/richmond-47374-23888/
274,https://savealot.com/grocery-stores/rochester-46975-23880/
275,https://savealot.com/grocery-stores/roselawn-46310-24921/
276,https://savealot.com/grocery-stores/rushville-46173-24922/
277,https://savealot.com/grocery-stores/scottsburg-47170-24835/
278,https://savealot.com/grocery-stores/south-bend-46601-23720/
279,https://savealot.com/grocery-stores/spencer-47460-24232/
280,https://savealot.com/grocery-stores/sullivan-47882-23394/
281,https://savealot.com/grocery-stores/terre-haute-47805-23724/
282,https://savealot.com/grocery-stores/topeka-46571-24815/
283,https://savealot.com/grocery-stores/union-city-47390-24135/
284,https://savealot.com/grocery-stores/valparais-46385-21315/
285,https://savealot.com/grocery-stores/vincennes-47591-22680/
286,https://savealot.com/grocery-stores/washington-47501/
287,https://savealot.com/grocery-stores/wheatfield-46392-24870/
288,https://savealot.com/grocery-stores/coffeyville-67337-24647/
289,https://savealot.com/grocery-stores/kansas-city-66102-443/
290,https://savealot.com/grocery-stores/kansas-city-66112-456/
291,https://savealot.com/grocery-stores/overland-park-66212-8009/
292,https://savealot.com/grocery-stores/wichita-67214-8076/
293,https://savealot.com/grocery-stores/wichita-67218-8075/
294,https://savealot.com/grocery-stores/albany-42602-23469/
295,https://savealot.com/grocery-stores/ashland-41102-23823/
296,https://savealot.com/grocery-stores/barbourville-40906-23471/
297,https://savealot.com/grocery-stores/bardstown-40004-23254/
298,https://savealot.com/grocery-stores/beattyville-41311-24458/
299,https://savealot.com/grocery-stores/berea-40403-24495/
300,https://savealot.com/grocery-stores/bowling-green-42101-23829/
301,https://savealot.com/grocery-stores/brandenburg-40108-23326/
302,https://savealot.com/grocery-stores/brownsville-42210-23511/
303,https://savealot.com/grocery-stores/campton-41301-24813/
304,https://savealot.com/grocery-stores/carlisle-40311-24889/
305,https://savealot.com/grocery-stores/cave-city-42127-23828/
306,https://savealot.com/grocery-stores/central-city-42330-23982/
307,https://savealot.com/grocery-stores/columbia-42728-23323/
308,https://savealot.com/grocery-stores/corbin-40701-24328/
309,https://savealot.com/grocery-stores/corbin-40701-23472/
310,https://savealot.com/grocery-stores/covington-41011-24624/
311,https://savealot.com/grocery-stores/cynthiana-41031-24084/
312,https://savealot.com/grocery-stores/danville-40422-24376/
313,https://savealot.com/grocery-stores/dry-ridge-41035-24625/
314,https://savealot.com/grocery-stores/elizabethtown-42701-23127/
315,https://savealot.com/grocery-stores/eminence-40019-45106/
316,https://savealot.com/grocery-stores/evarts-40828-24477/
317,https://savealot.com/grocery-stores/fall-rock-40932-23331/
318,https://savealot.com/grocery-stores/flemingsburg-41041-24147/
319,https://savealot.com/grocery-stores/frankfort-40601-24769/
320,https://savealot.com/grocery-stores/frankfort-40601-23494/
321,https://savealot.com/grocery-stores/garrard-40921-23697/
322,https://savealot.com/grocery-stores/georgetown-40324-23504/
323,https://savealot.com/grocery-stores/glasgow-42141-23324/
324,https://savealot.com/grocery-stores/goody-41514-23506/
325,https://savealot.com/grocery-stores/grayson-41143-23820/
326,https://savealot.com/grocery-stores/hardinsburg-40143-23341/
327,https://savealot.com/grocery-stores/harlan-40831-24476/
328,https://savealot.com/grocery-stores/harrodsburg-40330-24814/
329,https://savealot.com/grocery-stores/hazard-41701-24475/
330,https://savealot.com/grocery-stores/hazard-41701-24474/
331,https://savealot.com/grocery-stores/hindman-41822-24473/
332,https://savealot.com/grocery-stores/hodgenville-42748-23114/
333,https://savealot.com/grocery-stores/hyden-41749-24739/
334,https://savealot.com/grocery-stores/inez-41224-24472/
335,https://savealot.com/grocery-stores/irvine-40336-24650/
336,https://savealot.com/grocery-stores/jackson-41339-24740/
337,https://savealot.com/grocery-stores/jenkins-41537-45107/
338,https://savealot.com/grocery-stores/lancaster-40444-45147/
339,https://savealot.com/grocery-stores/lawrenceburg-40342-23910/
340,https://savealot.com/grocery-stores/leitchfield-42754-23319/
341,https://savealot.com/grocery-stores/lexington-40504-23948/
342,https://savealot.com/grocery-stores/lexington-40505-23949/
343,https://savealot.com/grocery-stores/lexington-40505-23253/
344,https://savealot.com/grocery-stores/liberty-42539-24678/
345,https://savealot.com/grocery-stores/london-40741-23473/
346,https://savealot.com/grocery-stores/louisa-41230-23818/
347,https://savealot.com/grocery-stores/louisville-40210-24382/
348,https://savealot.com/grocery-stores/louisville-40212-24145/
349,https://savealot.com/grocery-stores/louisville-40215-24489/
350,https://savealot.com/grocery-stores/louisville-40219-45094/
351,https://savealot.com/grocery-stores/martin-41649-23505/
352,https://savealot.com/grocery-stores/mayfield-42066-24181/
353,https://savealot.com/grocery-stores/maysville-41056-23819/
354,https://savealot.com/grocery-stores/mckee-40447-22754/
355,https://savealot.com/grocery-stores/middlesboro-40965-24471/
356,https://savealot.com/grocery-stores/monticello-42633-23468/
357,https://savealot.com/grocery-stores/morehead-40351-23817/
358,https://savealot.com/grocery-stores/morgantown-42261-23325/
359,https://savealot.com/grocery-stores/mt-sterling-40353-22809/
360,https://savealot.com/grocery-stores/mt-vernon-40456-23520/
361,https://savealot.com/grocery-stores/munfordville-42765-23347/
362,https://savealot.com/grocery-stores/nicholasville-40356-23424/
363,https://savealot.com/grocery-stores/olive-hill-41164-24863/
364,https://savealot.com/grocery-stores/owenton-40359-24542/
365,https://savealot.com/grocery-stores/owingsville-40360-24908/
366,https://savealot.com/grocery-stores/paintsville-41240-23488/
367,https://savealot.com/grocery-stores/paris-40361-24902/
368,https://savealot.com/grocery-stores/phelps-41553-45108/
369,https://savealot.com/grocery-stores/pikeville-41501-24469/
370,https://savealot.com/grocery-stores/pikeville-41501-24468/
371,https://savealot.com/grocery-stores/pineville-40977-24467/
372,https://savealot.com/grocery-stores/richmond-40475-24654/
373,https://savealot.com/grocery-stores/russell-springs-42642-45170/
374,https://savealot.com/grocery-stores/salyersville-41465-24291/
375,https://savealot.com/grocery-stores/sandy-hook-41171-45149/
376,https://savealot.com/grocery-stores/scottsville-42164-23459/
377,https://savealot.com/grocery-stores/shelbyville-40065-24879/
378,https://savealot.com/grocery-stores/shepherdsville-40165-23328/
379,https://savealot.com/grocery-stores/somerset-42501-24736/
380,https://savealot.com/grocery-stores/somerset-42503-24737/
381,https://savealot.com/grocery-stores/springfield-40069-23376/
382,https://savealot.com/grocery-stores/stanford-40484-24738/
383,https://savealot.com/grocery-stores/stanton-40380-23614/
384,https://savealot.com/grocery-stores/vanceburg-41179-45093/
385,https://savealot.com/grocery-stores/versailles-40383-24648/
386,https://savealot.com/grocery-stores/virgie-41572-25000/
387,https://savealot.com/grocery-stores/warsaw-41095-45131/
388,https://savealot.com/grocery-stores/west-liberty-41472-24741/
389,https://savealot.com/grocery-stores/whitesburg-41858-23582/
390,https://savealot.com/grocery-stores/whitley-city-42653-24735/
391,https://savealot.com/grocery-stores/williamsburg-40769-23476/
392,https://savealot.com/grocery-stores/williamsburg-40769-24671/
393,https://savealot.com/grocery-stores/winchester-40391-24651/
394,https://savealot.com/grocery-stores/baton-rouge-70805-360/
395,https://savealot.com/grocery-stores/bayou-vista-70380-8001/
396,https://savealot.com/grocery-stores/chalmette-70043-355/
397,https://savealot.com/grocery-stores/deridder-70634-953/
398,https://savealot.com/grocery-stores/franklinton-70438-357/
399,https://savealot.com/grocery-stores/gretna-70056-369/
400,https://savealot.com/grocery-stores/hammond-70401-358/
401,https://savealot.com/grocery-stores/houma-70363-388/
402,https://savealot.com/grocery-stores/kenner-70065-390/
403,https://savealot.com/grocery-stores/metairie-70003-366/
404,https://savealot.com/grocery-stores/minden-71055-23302/
405,https://savealot.com/grocery-stores/natchitoches-71457-23713/
406,https://savealot.com/grocery-stores/new-orleans-70114-378/
407,https://savealot.com/grocery-stores/new-orleans-70117-379/
408,https://savealot.com/grocery-stores/new-orleans-70118-466/
409,https://savealot.com/grocery-stores/new-orleans-70122-463/
410,https://savealot.com/grocery-stores/new-orleans-70125-377/
411,https://savealot.com/grocery-stores/new-orleans-70127-464/
412,https://savealot.com/grocery-stores/brockton-2302-23605/
413,https://savealot.com/grocery-stores/fall-river-2724-804/
414,https://savealot.com/grocery-stores/holyoke-1040-810/
415,https://savealot.com/grocery-stores/indian-orchard-1151-806/
417,https://savealot.com/grocery-stores/locationfinder/
418,https://savealot.com/grocery-stores/new-bedford-2744-832/
419,https://savealot.com/grocery-stores/new-bedford-2746-801/
420,https://savealot.com/grocery-stores/roslindale-2131-24433/
421,https://savealot.com/grocery-stores/roxbury-2119-24079/
422,https://savealot.com/grocery-stores/springfield-1104-811/
423,https://savealot.com/grocery-stores/springfield-1109-8051/
424,https://savealot.com/grocery-stores/arbutus-21227-526/
425,https://savealot.com/grocery-stores/baltimore-21201-529/
426,https://savealot.com/grocery-stores/baltimore-21205-8022/
427,https://savealot.com/grocery-stores/baltimore-21213-543/
428,https://savealot.com/grocery-stores/baltimore-21215-951/
429,https://savealot.com/grocery-stores/baltimore-21215-540/
430,https://savealot.com/grocery-stores/baltimore-21216-531/
431,https://savealot.com/grocery-stores/baltimore-21217-537/
432,https://savealot.com/grocery-stores/baltimore-21218-277/
433,https://savealot.com/grocery-stores/bladensburg-20710-546/
434,https://savealot.com/grocery-stores/brooklyn-park-21225-266/
435,https://savealot.com/grocery-stores/cambridge-21613-534/
436,https://savealot.com/grocery-stores/cumberland-21502-24970/
437,https://savealot.com/grocery-stores/cumberland-21502-24229/
438,https://savealot.com/grocery-stores/dundalk-21222-8049/
439,https://savealot.com/grocery-stores/edgewood-21040-549/
440,https://savealot.com/grocery-stores/forestville-20747-533/
441,https://savealot.com/grocery-stores/frostburg-21532-45022/
442,https://savealot.com/grocery-stores/greensboro-21639-24512/
443,https://savealot.com/grocery-stores/hagerstown-21740-24392/
444,https://savealot.com/grocery-stores/hancock-21750-23569/
445,https://savealot.com/grocery-stores/oxon-hill-20745-547/
446,https://savealot.com/grocery-stores/salisbury-21801-24574/
447,https://savealot.com/grocery-stores/seat-pleasant-20743-8045/
448,https://savealot.com/grocery-stores/temple-hills-20748-527/
449,https://savealot.com/grocery-stores/brewer-4412-24384/
450,https://savealot.com/grocery-stores/caribou-4736-24043/
451,https://savealot.com/grocery-stores/dover-foxcroft-4426-23902/
452,https://savealot.com/grocery-stores/farmington-4938-45099/
453,https://savealot.com/grocery-stores/lewiston-4240-23499/
454,https://savealot.com/grocery-stores/millinocket-4462-45043/
455,https://savealot.com/grocery-stores/portland-4102-24022/
456,https://savealot.com/grocery-stores/presque-isle-4769-45051/
457,https://savealot.com/grocery-stores/south-paris-4281-24397/
458,https://savealot.com/grocery-stores/waterville-4901-24884/
459,https://savealot.com/grocery-stores/alpena-49707-23914/
460,https://savealot.com/grocery-stores/baldwin-49304-24235/
461,https://savealot.com/grocery-stores/battle-creek-49037-23546/
462,https://savealot.com/grocery-stores/bay-city-48708-45038/
463,https://savealot.com/grocery-stores/belding-48809-23503/
464,https://savealot.com/grocery-stores/benton-harbor-49022-45026/
465,https://savealot.com/grocery-stores/benzonia-49616-24706/
466,https://savealot.com/grocery-stores/cadillac-49601-23912/
467,https://savealot.com/grocery-stores/caro-48723-24924/
468,https://savealot.com/grocery-stores/cedar-springs-49319-24094/
469,https://savealot.com/grocery-stores/cheboygan-49721-24266/
470,https://savealot.com/grocery-stores/clare-48617-45151/
471,https://savealot.com/grocery-stores/corunna-48817-24990/
472,https://savealot.com/grocery-stores/cutlerville-49548-24585/
473,https://savealot.com/grocery-stores/detroit-48205-45045/
474,https://savealot.com/grocery-stores/detroit-48207-24598/
475,https://savealot.com/grocery-stores/detroit-48208-24091/
476,https://savealot.com/grocery-stores/detroit-48215-24846/
477,https://savealot.com/grocery-stores/detroit-48219-957/
478,https://savealot.com/grocery-stores/detroit-48227-23490/
479,https://savealot.com/grocery-stores/dowagiac-49047-24996/
480,https://savealot.com/grocery-stores/east-jordan-49727-24955/
481,https://savealot.com/grocery-stores/east-tawas-48730-23913/
482,https://savealot.com/grocery-stores/flint-48504-24059/
483,https://savealot.com/grocery-stores/flint-48506-24287/
484,https://savealot.com/grocery-stores/gladwin-48624-24480/
485,https://savealot.com/grocery-stores/grand-rapids-49505-24309/
486,https://savealot.com/grocery-stores/grayling-49738-24199/
487,https://savealot.com/grocery-stores/harrison-48625-24715/
488,https://savealot.com/grocery-stores/highland-48357-24679/
489,https://savealot.com/grocery-stores/holland-49423-24588/
490,https://savealot.com/grocery-stores/houghton-lake-48629-24478/
491,https://savealot.com/grocery-stores/jackson-49202-24640/
492,https://savealot.com/grocery-stores/kalamazoo-49008-45105/
493,https://savealot.com/grocery-stores/lincoln-park-48146-979/
494,https://savealot.com/grocery-stores/manistee-49660-45155/
495,https://savealot.com/grocery-stores/marshall-49068-45025/
496,https://savealot.com/grocery-stores/mt-morris-48458-23876/
497,https://savealot.com/grocery-stores/muskegon-49441-45102/
498,https://savealot.com/grocery-stores/muskegon-49442-24310/
499,https://savealot.com/grocery-stores/newaygo-49337-24312/
500,https://savealot.com/grocery-stores/parchment-49004-23379/
501,https://savealot.com/grocery-stores/paw-paw-49079-24997/
502,https://savealot.com/grocery-stores/pontiac-48340-8038/
503,https://savealot.com/grocery-stores/port-huron-48060-24565/
504,https://savealot.com/grocery-stores/rockwood-48173-24994/
505,https://savealot.com/grocery-stores/rogers-city-49779-45089/
506,https://savealot.com/grocery-stores/saginaw-48601-23974/
507,https://savealot.com/grocery-stores/saginaw-48602-24319/
508,https://savealot.com/grocery-stores/saginaw-48604-23988/
509,https://savealot.com/grocery-stores/sault-ste-marie-49783-24479/
510,https://savealot.com/grocery-stores/stanton-48888-24139/
511,https://savealot.com/grocery-stores/taylor-48180-24208/
512,https://savealot.com/grocery-stores/traverse-city-49684-24583/
513,https://savealot.com/grocery-stores/west-branch-48661-45018/
514,https://savealot.com/grocery-stores/westland-48185-45120/
515,https://savealot.com/grocery-stores/whitehall-49461-24704/
516,https://savealot.com/grocery-stores/ypsilanti-48197-24346/
517,https://savealot.com/grocery-stores/arnold-63010-23291/
518,https://savealot.com/grocery-stores/arnold-63010-22924/
519,https://savealot.com/grocery-stores/bonne-terre-63628-22817/
520,https://savealot.com/grocery-stores/bowling-green-63334-45163/
521,https://savealot.com/grocery-stores/camdenton-65020-23178/
522,https://savealot.com/grocery-stores/cape-girardeau-63703-24665/
523,https://savealot.com/grocery-stores/cedar-hill-63016-24462/
524,https://savealot.com/grocery-stores/cuba-65453-24954/
525,https://savealot.com/grocery-stores/de-soto-63020-22392/
526,https://savealot.com/grocery-stores/dexter-63841-24713/
527,https://savealot.com/grocery-stores/farmington-63640-23852/
528,https://savealot.com/grocery-stores/florissant-63031-419/
529,https://savealot.com/grocery-stores/florissant-63031-409/
530,https://savealot.com/grocery-stores/forsyth-65653-22821/
531,https://savealot.com/grocery-stores/gladstone-64118-458/
532,https://savealot.com/grocery-stores/hannibal-63401-23798/
533,https://savealot.com/grocery-stores/hermann-65041-22606/
534,https://savealot.com/grocery-stores/independence-64050-439/
535,https://savealot.com/grocery-stores/independence-64056-874/
536,https://savealot.com/grocery-stores/ironton-63650-23288/
537,https://savealot.com/grocery-stores/ironton-63650-45187/
538,https://savealot.com/grocery-stores/jefferson-city-65101-24563/
539,https://savealot.com/grocery-stores/kansas-city-64109-444/
540,https://savealot.com/grocery-stores/kansas-city-64127-451/
541,https://savealot.com/grocery-stores/kansas-city-64131-461/
542,https://savealot.com/grocery-stores/kansas-city-64133-442/
543,https://savealot.com/grocery-stores/kansas-city-64138-445/
544,https://savealot.com/grocery-stores/laurie-65037-24332/
545,https://savealot.com/grocery-stores/lexington-64067-24744/
546,https://savealot.com/grocery-stores/montgomery-city-63361-24107/
547,https://savealot.com/grocery-stores/neosho-64850-24541/
548,https://savealot.com/grocery-stores/new-haven-63068-23365/
549,https://savealot.com/grocery-stores/north-kansas-city-64116-440/
550,https://savealot.com/grocery-stores/otto-63052-23233/
551,https://savealot.com/grocery-stores/overland-63114-427/
552,https://savealot.com/grocery-stores/owensville-65066-24672/
553,https://savealot.com/grocery-stores/pacific-63069-25004/
554,https://savealot.com/grocery-stores/park-hills-63601-23307/
555,https://savealot.com/grocery-stores/pevely-63070-45128/
556,https://savealot.com/grocery-stores/poplar-bluff-63901-23174/
557,https://savealot.com/grocery-stores/potosi-63664-24838/
558,https://savealot.com/grocery-stores/sedalia-65301-24850/
559,https://savealot.com/grocery-stores/sikeston-63801-24578/
560,https://savealot.com/grocery-stores/springfield-65803-24936/
561,https://savealot.com/grocery-stores/st-charles-63301-408/
562,https://savealot.com/grocery-stores/st-clair-63077-24779/
563,https://savealot.com/grocery-stores/st-louis-63104-424/
564,https://savealot.com/grocery-stores/st-louis-63113-8057/
565,https://savealot.com/grocery-stores/st-louis-63113-416/
566,https://savealot.com/grocery-stores/st-louis-63114-8034/
567,https://savealot.com/grocery-stores/st-louis-63115-422/
568,https://savealot.com/grocery-stores/st-louis-63116-23854/
569,https://savealot.com/grocery-stores/st-louis-63118-404/
570,https://savealot.com/grocery-stores/st-louis-63121-992/
571,https://savealot.com/grocery-stores/st-louis-63121-413/
572,https://savealot.com/grocery-stores/st-louis-63125-24540/
573,https://savealot.com/grocery-stores/st-louis-63125-405/
574,https://savealot.com/grocery-stores/st-louis-63133-421/
575,https://savealot.com/grocery-stores/st-louis-63136-24577/
576,https://savealot.com/grocery-stores/st-louis-63139-864/
577,https://savealot.com/grocery-stores/st-louis-63147-411/
578,https://savealot.com/grocery-stores/ste-genevieve-63670-22961/
579,https://savealot.com/grocery-stores/versailles-65084-23607/
580,https://savealot.com/grocery-stores/wentzville-63385-414/
581,https://savealot.com/grocery-stores/batesville-38606-45059/
582,https://savealot.com/grocery-stores/brookhaven-39601-24614/
583,https://savealot.com/grocery-stores/canton-39046-45171/
584,https://savealot.com/grocery-stores/clarksdale-38614-23409/
585,https://savealot.com/grocery-stores/greenwood-38930-23635/
586,https://savealot.com/grocery-stores/grenada-38901-24984/
587,https://savealot.com/grocery-stores/gulfport-39501-394/
588,https://savealot.com/grocery-stores/hazlehurst-39083-24988/
589,https://savealot.com/grocery-stores/houston-38851-45150/
590,https://savealot.com/grocery-stores/jackson-39204-45080/
591,https://savealot.com/grocery-stores/jackson-39204-24523/
592,https://savealot.com/grocery-stores/jackson-39206-693/
593,https://savealot.com/grocery-stores/jackson-39213-24833/
594,https://savealot.com/grocery-stores/meridian-39307-24340/
595,https://savealot.com/grocery-stores/pascagoula-39581-682/
596,https://savealot.com/grocery-stores/pearl-39208-24927/
597,https://savealot.com/grocery-stores/westpoint-39773-45112/
598,https://savealot.com/grocery-stores/yazoo-city-39194-24524/
599,https://savealot.com/grocery-stores/charlotte-28262-699/
600,https://savealot.com/grocery-stores/durham-27701-474/
601,https://savealot.com/grocery-stores/eden-27288-597/
602,https://savealot.com/grocery-stores/gastonia-28052-476/
603,https://savealot.com/grocery-stores/greensboro-27405-24687/
604,https://savealot.com/grocery-stores/greensboro-27407-24686/
605,https://savealot.com/grocery-stores/greenville-27834-45056/
606,https://savealot.com/grocery-stores/kannapolis-28083-573/
607,https://savealot.com/grocery-stores/murphy-28906-45161/
608,https://savealot.com/grocery-stores/roanoke-rapids-27870-24641/
609,https://savealot.com/grocery-stores/rockingham-28379-588/
610,https://savealot.com/grocery-stores/sanford-27330-24852/
611,https://savealot.com/grocery-stores/wilson-27894-24350/
612,https://savealot.com/grocery-stores/atlantic-city-8401-221/
613,https://savealot.com/grocery-stores/bridgeton-8302-687/
614,https://savealot.com/grocery-stores/camden-8104-262/
615,https://savealot.com/grocery-stores/city-of-orange-7050-8025/
616,https://savealot.com/grocery-stores/ewing-8638-285/
617,https://savealot.com/grocery-stores/hamilton-8610-958/
618,https://savealot.com/grocery-stores/hillside-07205-8068/
619,https://savealot.com/grocery-stores/linden-7036-698/
620,https://savealot.com/grocery-stores/lindenwold-8021-282/
621,https://savealot.com/grocery-stores/millville-8332-24906/
622,https://savealot.com/grocery-stores/newark-7103-686/
623,https://savealot.com/grocery-stores/paulsboro-8066-45135/
624,https://savealot.com/grocery-stores/pennsauken-8110-229/
625,https://savealot.com/grocery-stores/pennsville-8070-230/
626,https://savealot.com/grocery-stores/vineland-8360-293/
627,https://savealot.com/grocery-stores/albany-12206-8035/
628,https://savealot.com/grocery-stores/albion-14411-45172/
629,https://savealot.com/grocery-stores/alden-14004-24768/
630,https://savealot.com/grocery-stores/amsterdam-12010-836/
631,https://savealot.com/grocery-stores/batavia-14020-24853/
632,https://savealot.com/grocery-stores/bath-14810-24890/
633,https://savealot.com/grocery-stores/blasdell-14219-25002/
634,https://savealot.com/grocery-stores/buffalo-14211-24099/
635,https://savealot.com/grocery-stores/buffalo-14212-23816/
636,https://savealot.com/grocery-stores/buffalo-14213-24909/
637,https://savealot.com/grocery-stores/canton-13617-45031/
638,https://savealot.com/grocery-stores/chaffee-14030-23561/
639,https://savealot.com/grocery-stores/cheektowaga-14206-24086/
640,https://savealot.com/grocery-stores/cheektowaga-14225-24973/
641,https://savealot.com/grocery-stores/cortland-13045-23842/
642,https://savealot.com/grocery-stores/dansville-14437-45092/
643,https://savealot.com/grocery-stores/dunkirk-14048-24700/
644,https://savealot.com/grocery-stores/elmira-14901-24982/
645,https://savealot.com/grocery-stores/fort-plain-13339-24581/
646,https://savealot.com/grocery-stores/fulton-13069-45143/
647,https://savealot.com/grocery-stores/gloversville-12078-842/
648,https://savealot.com/grocery-stores/gouverneur-13642-24380/
649,https://savealot.com/grocery-stores/hamburg-14075-24880/
650,https://savealot.com/grocery-stores/herkimer-13350-8047/
651,https://savealot.com/grocery-stores/hornell-14843-24960/
652,https://savealot.com/grocery-stores/jamestown-14701-24839/
653,https://savealot.com/grocery-stores/johnson-city-13790-24913/
654,https://savealot.com/grocery-stores/kenmore-14217-24493/
655,https://savealot.com/grocery-stores/lackawanna-14218-24444/
656,https://savealot.com/grocery-stores/lakewood-14750-45058/
657,https://savealot.com/grocery-stores/lancaster-14086-24298/
658,https://savealot.com/grocery-stores/leroy-14482-25005/
659,https://savealot.com/grocery-stores/newark-14513-24143/
660,https://savealot.com/grocery-stores/niagara-falls-14301-24123/
661,https://savealot.com/grocery-stores/niagara-falls-14304-45098/
662,https://savealot.com/grocery-stores/north-collins-14111-23911/
663,https://savealot.com/grocery-stores/north-tonawanda-14120-45168/
664,https://savealot.com/grocery-stores/ogdensburg-13669-24743/
665,https://savealot.com/grocery-stores/oneida-13421-45134/
666,https://savealot.com/grocery-stores/ontario-14519-24987/
667,https://savealot.com/grocery-stores/peekskill-10566-24940/
668,https://savealot.com/grocery-stores/plattsburgh-12901-45129/
669,https://savealot.com/grocery-stores/port-jervis-12771-45166/
670,https://savealot.com/grocery-stores/potsdam-13676-23981/
671,https://savealot.com/grocery-stores/rochester-14606-24297/
672,https://savealot.com/grocery-stores/rochester-14609-23835/
673,https://savealot.com/grocery-stores/rome-13440-892/
674,https://savealot.com/grocery-stores/salamanca-14779-24304/
675,https://savealot.com/grocery-stores/schenectady-12303-835/
676,https://savealot.com/grocery-stores/silver-creek-14136-24778/
677,https://savealot.com/grocery-stores/syracuse-13204-23754/
678,https://savealot.com/grocery-stores/syracuse-13208-24268/
679,https://savealot.com/grocery-stores/troy-12180-841/
680,https://savealot.com/grocery-stores/tupper-lake-12986-24535/
681,https://savealot.com/grocery-stores/warsaw-14569-24399/
682,https://savealot.com/grocery-stores/watertown-13601-45064/
683,https://savealot.com/grocery-stores/wellsville-14895-23894/
684,https://savealot.com/grocery-stores/west-seneca-14224-24845/
685,https://savealot.com/grocery-stores/akron-44301-662/
686,https://savealot.com/grocery-stores/akron-44306-607/
687,https://savealot.com/grocery-stores/akron-44310-649/
688,https://savealot.com/grocery-stores/akron-44312-966/
689,https://savealot.com/grocery-stores/akron-44312-633/
690,https://savealot.com/grocery-stores/akron-44319-634/
691,https://savealot.com/grocery-stores/akron-44320-628/
692,https://savealot.com/grocery-stores/alliance-44601-24224/
693,https://savealot.com/grocery-stores/amherst-44001-614/
694,https://savealot.com/grocery-stores/ashland-44805-24958/
695,https://savealot.com/grocery-stores/ashtabula-44004-23577/
696,https://savealot.com/grocery-stores/athens-45701-23668/
697,https://savealot.com/grocery-stores/austintown-44515-23263/
698,https://savealot.com/grocery-stores/barberton-44203-610/
699,https://savealot.com/grocery-stores/barnesville-43713-24488/
700,https://savealot.com/grocery-stores/bethel-45106-45071/
701,https://savealot.com/grocery-stores/bidwell-45614-24804/
702,https://savealot.com/grocery-stores/brunswick-44212-661/
703,https://savealot.com/grocery-stores/caldwell-43724-24438/
704,https://savealot.com/grocery-stores/canton-44702-612/
705,https://savealot.com/grocery-stores/canton-44705-627/
706,https://savealot.com/grocery-stores/canton-44707-632/
707,https://savealot.com/grocery-stores/canton-44708-620/
708,https://savealot.com/grocery-stores/chillicothe-45601-23555/
709,https://savealot.com/grocery-stores/cincinnati-45224-24809/
710,https://savealot.com/grocery-stores/cincinnati-45237-24799/
711,https://savealot.com/grocery-stores/cleveland-44102-622/
712,https://savealot.com/grocery-stores/cleveland-44103-630/
713,https://savealot.com/grocery-stores/cleveland-44105-638/
714,https://savealot.com/grocery-stores/cleveland-44106-653/
715,https://savealot.com/grocery-stores/cleveland-44108-613/
716,https://savealot.com/grocery-stores/cleveland-44109-642/
717,https://savealot.com/grocery-stores/cleveland-44111-658/
718,https://savealot.com/grocery-stores/cleveland-44112-655/
719,https://savealot.com/grocery-stores/cleveland-44119-646/
720,https://savealot.com/grocery-stores/cleveland-44120-623/
721,https://savealot.com/grocery-stores/cleveland-44127-648/
722,https://savealot.com/grocery-stores/cleveland-44134-621/
723,https://savealot.com/grocery-stores/cleveland-44135-619/
724,https://savealot.com/grocery-stores/cleveland-44144-615/
725,https://savealot.com/grocery-stores/cleveland-heights-44112-618/
726,https://savealot.com/grocery-stores/columbiana-44408-24991/
727,https://savealot.com/grocery-stores/columbus-43204-668/
728,https://savealot.com/grocery-stores/columbus-43207-667/
729,https://savealot.com/grocery-stores/columbus-43219-45133/
730,https://savealot.com/grocery-stores/columbus-43223-666/
731,https://savealot.com/grocery-stores/columbus-43224-665/
732,https://savealot.com/grocery-stores/columbus-43227-673/
733,https://savealot.com/grocery-stores/columbus-43228-8006/
734,https://savealot.com/grocery-stores/columbus-43229-671/
735,https://savealot.com/grocery-stores/conneaut-44030-23652/
736,https://savealot.com/grocery-stores/cuyahoga-falls-44221-652/
737,https://savealot.com/grocery-stores/dayton-45405-670/
738,https://savealot.com/grocery-stores/dayton-45406-669/
739,https://savealot.com/grocery-stores/dayton-45420-8007/
740,https://savealot.com/grocery-stores/dayton-45432-676/
741,https://savealot.com/grocery-stores/e-canton-44730-24795/
742,https://savealot.com/grocery-stores/eastlake-44095-639/
743,https://savealot.com/grocery-stores/elyria-44035-643/
744,https://savealot.com/grocery-stores/euclid-44132-631/
745,https://savealot.com/grocery-stores/fairborn-45324-24314/
746,https://savealot.com/grocery-stores/fostoria-44830-24915/
747,https://savealot.com/grocery-stores/franklin-45005-24748/
748,https://savealot.com/grocery-stores/galion-44833-608/
749,https://savealot.com/grocery-stores/garfield-heights-44125-967/
750,https://savealot.com/grocery-stores/garfield-heights-44125-644/
751,https://savealot.com/grocery-stores/garrettsville-44231-45101/
752,https://savealot.com/grocery-stores/georgetown-45121-23847/
753,https://savealot.com/grocery-stores/greenfield-45123-24548/
754,https://savealot.com/grocery-stores/hamilton-45015-24629/
755,https://savealot.com/grocery-stores/hillsboro-45133-24111/
756,https://savealot.com/grocery-stores/hubbard-44425-24798/
757,https://savealot.com/grocery-stores/ironton-45638-23996/
758,https://savealot.com/grocery-stores/jackson-45640-22958/
759,https://savealot.com/grocery-stores/kenton-43326-24916/
760,https://savealot.com/grocery-stores/lancaster-43130-45037/
761,https://savealot.com/grocery-stores/lima-45801-24711/
762,https://savealot.com/grocery-stores/lima-45804-24531/
763,https://savealot.com/grocery-stores/lisbon-44432-24705/
764,https://savealot.com/grocery-stores/logan-43138-24553/
765,https://savealot.com/grocery-stores/lorain-44052/
766,https://savealot.com/grocery-stores/lorain-44055-624/
767,https://savealot.com/grocery-stores/mansfield-44905-636/
768,https://savealot.com/grocery-stores/mansfield-44907-641/
769,https://savealot.com/grocery-stores/maple-heights-44137-8064/
770,https://savealot.com/grocery-stores/maple-heights-44137-8056/
771,https://savealot.com/grocery-stores/marion-43302-24887/
772,https://savealot.com/grocery-stores/massillon-44646-23694/
773,https://savealot.com/grocery-stores/mcconnelsville-43756-45090/
774,https://savealot.com/grocery-stores/middlefield-44062-45100/
775,https://savealot.com/grocery-stores/middletown-45044-24860/
776,https://savealot.com/grocery-stores/new-lexington-43764-23369/
777,https://savealot.com/grocery-stores/newark-43055-24937/
778,https://savealot.com/grocery-stores/niles-44446-24560/
779,https://savealot.com/grocery-stores/north-olmsted-44070-647/
780,https://savealot.com/grocery-stores/north-randall-44128-637/
781,https://savealot.com/grocery-stores/orrville-44667-24664/
782,https://savealot.com/grocery-stores/orwell-44076-24721/
783,https://savealot.com/grocery-stores/painesville-44077-640/
784,https://savealot.com/grocery-stores/parma-44129-660/
785,https://savealot.com/grocery-stores/parma-heights-44130-629/
786,https://savealot.com/grocery-stores/peebles-45660-45169/
787,https://savealot.com/grocery-stores/pomeroy-45769-24122/
788,https://savealot.com/grocery-stores/portsmouth-45662-23567/
789,https://savealot.com/grocery-stores/reynoldsburg-43068-675/
790,https://savealot.com/grocery-stores/rogers-44455-23971/
791,https://savealot.com/grocery-stores/sandusky-44870-45020/
792,https://savealot.com/grocery-stores/shelby-44875-45027/
793,https://savealot.com/grocery-stores/springfield-45503-24675/
794,https://savealot.com/grocery-stores/streetsboro-44241-616/
795,https://savealot.com/grocery-stores/struthers-44471-24820/
796,https://savealot.com/grocery-stores/tallmadge-44278-617/
797,https://savealot.com/grocery-stores/toledo-43605-23308/
798,https://savealot.com/grocery-stores/toledo-43608-24335/
799,https://savealot.com/grocery-stores/toledo-43609-24326/
800,https://savealot.com/grocery-stores/toledo-43613-45019/
801,https://savealot.com/grocery-stores/toledo-43615-24732/
802,https://savealot.com/grocery-stores/uhrichsville-44683-24400/
803,https://savealot.com/grocery-stores/upper-sandusky-43351-24972/
804,https://savealot.com/grocery-stores/van-wert-45891-23255/
805,https://savealot.com/grocery-stores/wadsworth-44281-650/
806,https://savealot.com/grocery-stores/warren-44482-23492/
807,https://savealot.com/grocery-stores/warren-44483-23531/
808,https://savealot.com/grocery-stores/washington-court-house-43160-45028/
809,https://savealot.com/grocery-stores/waverly-45690-23406/
810,https://savealot.com/grocery-stores/wellsville-43968-23647/
811,https://savealot.com/grocery-stores/west-union-45693-24919/
812,https://savealot.com/grocery-stores/whitehall-43213-663/
813,https://savealot.com/grocery-stores/willard-44890-24857/
814,https://savealot.com/grocery-stores/wooster-44691-24520/
815,https://savealot.com/grocery-stores/youngstown-44502-23674/
816,https://savealot.com/grocery-stores/youngstown-44505-24821/
817,https://savealot.com/grocery-stores/youngstown-44505-23274/
818,https://savealot.com/grocery-stores/youngstown-44512-24717/
819,https://savealot.com/grocery-stores/zanesville-43701-24041/
820,https://savealot.com/grocery-stores/altus-73521-45156/
821,https://savealot.com/grocery-stores/ardmore-73401-501/
822,https://savealot.com/grocery-stores/enid-73701-24812/
823,https://savealot.com/grocery-stores/holdenville-74848-24443/
824,https://savealot.com/grocery-stores/hugo-74743-45072/
825,https://savealot.com/grocery-stores/idabel-74745-45073/
826,https://savealot.com/grocery-stores/mcalester-74501-24682/
827,https://savealot.com/grocery-stores/shawnee-74802-764/
828,https://savealot.com/grocery-stores/tahlequah-74464-24894/
829,https://savealot.com/grocery-stores/tulsa-74110-23618/
830,https://savealot.com/grocery-stores/weatherford-73096-45140/
831,https://savealot.com/grocery-stores/altoona-16602-45122/
832,https://savealot.com/grocery-stores/beaver-falls-15010-24702/
833,https://savealot.com/grocery-stores/bedford-15522-23615/
834,https://savealot.com/grocery-stores/bradford-16701-24446/
835,https://savealot.com/grocery-stores/brookhaven-19015-248/
836,https://savealot.com/grocery-stores/butler-06001-8077/
837,https://savealot.com/grocery-stores/chambersburg-17201-24926/
838,https://savealot.com/grocery-stores/cheltenham-19012-249/
839,https://savealot.com/grocery-stores/clearfield-16830-24841/
840,https://savealot.com/grocery-stores/corry-16407-24449/
841,https://savealot.com/grocery-stores/crafton-15205-24373/
842,https://savealot.com/grocery-stores/darby-19023-24775/
843,https://savealot.com/grocery-stores/du-bois-15801-24251/
844,https://savealot.com/grocery-stores/erie-16503-24751/
845,https://savealot.com/grocery-stores/erie-16505-24873/
846,https://savealot.com/grocery-stores/folcroft-19032-245/
847,https://savealot.com/grocery-stores/franklin-16323-24868/
848,https://savealot.com/grocery-stores/greensburg-15601-24292/
849,https://savealot.com/grocery-stores/harrisburg-17110-297/
850,https://savealot.com/grocery-stores/huntingdon-16652-45138/
851,https://savealot.com/grocery-stores/johnstown-15906-45123/
852,https://savealot.com/grocery-stores/kane-16735-24746/
853,https://savealot.com/grocery-stores/lancaster-17603-209/
854,https://savealot.com/grocery-stores/lansdowne-19050-280/
855,https://savealot.com/grocery-stores/lebanon-17046-683/
856,https://savealot.com/grocery-stores/lock-haven-17745-45124/
857,https://savealot.com/grocery-stores/mcconnellsburg-17233-24697/
858,https://savealot.com/grocery-stores/meadville-16335-24701/
859,https://savealot.com/grocery-stores/millsboro-15348-24290/
860,https://savealot.com/grocery-stores/mt-pleasant-15666-24274/
861,https://savealot.com/grocery-stores/new-castle-16101-24009/
862,https://savealot.com/grocery-stores/new-castle-16105-24695/
863,https://savealot.com/grocery-stores/norristown-19401-697/
864,https://savealot.com/grocery-stores/north-versailles-15137-24558/
865,https://savealot.com/grocery-stores/perryopolis-15473-23797/
866,https://savealot.com/grocery-stores/philadelphia-19120-271/
867,https://savealot.com/grocery-stores/philadelphia-19124-253/
868,https://savealot.com/grocery-stores/philadelphia-19125-216/
869,https://savealot.com/grocery-stores/philadelphia-19125-213/
870,https://savealot.com/grocery-stores/philadelphia-19132-8043/
871,https://savealot.com/grocery-stores/philadelphia-19132-284/
872,https://savealot.com/grocery-stores/philadelphia-19133-296/
873,https://savealot.com/grocery-stores/philadelphia-19133-236/
874,https://savealot.com/grocery-stores/philadelphia-19135-235/
875,https://savealot.com/grocery-stores/philadelphia-19137-276/
876,https://savealot.com/grocery-stores/philadelphia-19138-45141/
877,https://savealot.com/grocery-stores/philadelphia-19139-24712/
878,https://savealot.com/grocery-stores/philadelphia-19140-959/
879,https://savealot.com/grocery-stores/philadelphia-19143-218/
880,https://savealot.com/grocery-stores/philadelphia-19144-24858/
881,https://savealot.com/grocery-stores/philadelphia-19145-287/
882,https://savealot.com/grocery-stores/philadelphia-19149-215/
883,https://savealot.com/grocery-stores/philadelphia-19154-688/
884,https://savealot.com/grocery-stores/pittsburgh-15221-24547/
885,https://savealot.com/grocery-stores/reading-19604-295/
886,https://savealot.com/grocery-stores/sharon-16146-24570/
887,https://savealot.com/grocery-stores/south-williamsport-17702-45126/
888,https://savealot.com/grocery-stores/st-marys-15857-24691/
889,https://savealot.com/grocery-stores/sunbury-17801-45115/
890,https://savealot.com/grocery-stores/titusville-16354-24555/
891,https://savealot.com/grocery-stores/tyrone-16686-24861/
892,https://savealot.com/grocery-stores/uniontown-15401-24496/
893,https://savealot.com/grocery-stores/uniontown-15401-23671/
894,https://savealot.com/grocery-stores/upper-darby-19082-24854/
895,https://savealot.com/grocery-stores/waynesboro-17268-23972/
896,https://savealot.com/grocery-stores/wilkes-barre-18701-24999/
897,https://savealot.com/grocery-stores/york-17403-283/
898,https://savealot.com/grocery-stores/pawtucket-2860-803/
899,https://savealot.com/grocery-stores/pawtucket-2861-813/
900,https://savealot.com/grocery-stores/providence-2909-823/
901,https://savealot.com/grocery-stores/riverside-2914-814/
902,https://savealot.com/grocery-stores/anderson-29621-45157/
903,https://savealot.com/grocery-stores/goose-creek-29445-24961/
904,https://savealot.com/grocery-stores/greenville-29609-24756/
905,https://savealot.com/grocery-stores/greenville-29617-23779/
906,https://savealot.com/grocery-stores/laurens-29360-24752/
907,https://savealot.com/grocery-stores/north-charleston-29405-24962/
908,https://savealot.com/grocery-stores/north-charleston-29418-45096/
909,https://savealot.com/grocery-stores/pickens-29671-24817/
910,https://savealot.com/grocery-stores/rock-hill-29732-594/
911,https://savealot.com/grocery-stores/union-29379-24851/
912,https://savealot.com/grocery-stores/west-union-29696-24734/
913,https://savealot.com/grocery-stores/athens-37303-22884/
914,https://savealot.com/grocery-stores/brownsville-38012-45042/
915,https://savealot.com/grocery-stores/camden-38320-24160/
916,https://savealot.com/grocery-stores/carthage-37030-45052/
917,https://savealot.com/grocery-stores/celina-38551-23470/
918,https://savealot.com/grocery-stores/centerville-37033-24163/
919,https://savealot.com/grocery-stores/chattanooga-37406/
920,https://savealot.com/grocery-stores/chattanooga-37421-24862/
921,https://savealot.com/grocery-stores/cleveland-37311-23306/
922,https://savealot.com/grocery-stores/clinton-37716-23335/
923,https://savealot.com/grocery-stores/columbia-38401-23318/
924,https://savealot.com/grocery-stores/cookeville-38501-23451/
925,https://savealot.com/grocery-stores/covington-38019-45040/
926,https://savealot.com/grocery-stores/crossville-38555-22604/
927,https://savealot.com/grocery-stores/dayton-37321-23869/
928,https://savealot.com/grocery-stores/decherd-37324-23452/
929,https://savealot.com/grocery-stores/dickson-37055-896/
930,https://savealot.com/grocery-stores/dunlap-37327-45050/
931,https://savealot.com/grocery-stores/east-ridge-37412-23701/
932,https://savealot.com/grocery-stores/elizabethton-37643-23348/
933,https://savealot.com/grocery-stores/fayetteville-37334-23453/
934,https://savealot.com/grocery-stores/gainesboro-38562-23462/
935,https://savealot.com/grocery-stores/gallatin-37066-23455/
936,https://savealot.com/grocery-stores/greeneville-37743-23644/
937,https://savealot.com/grocery-stores/harriman-37748-23580/
938,https://savealot.com/grocery-stores/henderson-38340-24195/
939,https://savealot.com/grocery-stores/hixson-37343-24492/
940,https://savealot.com/grocery-stores/jackson-38301-23558/
941,https://savealot.com/grocery-stores/jamestown-38556-23467/
942,https://savealot.com/grocery-stores/knoxville-37914-45145/
943,https://savealot.com/grocery-stores/knoxville-37917-45144/
944,https://savealot.com/grocery-stores/lafollette-37766-23437/
945,https://savealot.com/grocery-stores/lafayette-37083-22837/
946,https://savealot.com/grocery-stores/lavergne-37086-24793/
947,https://savealot.com/grocery-stores/lawrenceburg-38464-23563/
948,https://savealot.com/grocery-stores/lebanon-37087-23456/
949,https://savealot.com/grocery-stores/lexington-38351-24613/
950,https://savealot.com/grocery-stores/livingston-38570-23474/
951,https://savealot.com/grocery-stores/madison-37115-455/
952,https://savealot.com/grocery-stores/madisonville-37354-22922/
953,https://savealot.com/grocery-stores/manchester-37355-24179/
954,https://savealot.com/grocery-stores/mcminnville-37110-23464/
955,https://savealot.com/grocery-stores/mckenzie-38201-23859/
956,https://savealot.com/grocery-stores/memphis-38109-438/
957,https://savealot.com/grocery-stores/memphis-38109-897/
958,https://savealot.com/grocery-stores/memphis-38111-899/
959,https://savealot.com/grocery-stores/memphis-38114-452/
960,https://savealot.com/grocery-stores/memphis-38118-436/
961,https://savealot.com/grocery-stores/memphis-38122-434/
962,https://savealot.com/grocery-stores/memphis-38128-437/
963,https://savealot.com/grocery-stores/milan-38358-24183/
964,https://savealot.com/grocery-stores/millington-38053-45041/
965,https://savealot.com/grocery-stores/monterey-38574-23519/
966,https://savealot.com/grocery-stores/morristown-37814-23336/
967,https://savealot.com/grocery-stores/murfreesboro-37130-23466/
968,https://savealot.com/grocery-stores/nashville-37208-454/
969,https://savealot.com/grocery-stores/nashville-37209-432/
970,https://savealot.com/grocery-stores/nashville-37216-431/
971,https://savealot.com/grocery-stores/nashville-37217-465/
972,https://savealot.com/grocery-stores/newport-37821-23338/
973,https://savealot.com/grocery-stores/oneida-37841-23475/
974,https://savealot.com/grocery-stores/paris-38242-24188/
975,https://savealot.com/grocery-stores/parsons-38363-24790/
976,https://savealot.com/grocery-stores/pikeville-37367-24517/
977,https://savealot.com/grocery-stores/red-bank-37415-45032/
978,https://savealot.com/grocery-stores/ripley-38063-24090/
979,https://savealot.com/grocery-stores/rogersville-37857-23487/
980,https://savealot.com/grocery-stores/savannah-38372-24677/
981,https://savealot.com/grocery-stores/smithville-37166-23463/
982,https://savealot.com/grocery-stores/sparta-38583-23626/
983,https://savealot.com/grocery-stores/spencer-38585-23509/
984,https://savealot.com/grocery-stores/sweetwater-37874-22975/
985,https://savealot.com/grocery-stores/tellico-plains-37385-24004/
986,https://savealot.com/grocery-stores/tennessee-ridge-37178-23483/
987,https://savealot.com/grocery-stores/tracy-city-37387-24454/
988,https://savealot.com/grocery-stores/union-city-38261-23945/
989,https://savealot.com/grocery-stores/wartburg-37887-23639/
990,https://savealot.com/grocery-stores/whitwell-37397-23461/
991,https://savealot.com/grocery-stores/woodbury-37190-45167/
992,https://savealot.com/grocery-stores/athens-75751-24981/
993,https://savealot.com/grocery-stores/dallas-75215-725/
994,https://savealot.com/grocery-stores/dallas-75216-752/
995,https://savealot.com/grocery-stores/ft-worth-76103-24943/
996,https://savealot.com/grocery-stores/ft-worth-76119-24942/
997,https://savealot.com/grocery-stores/mineral-wells-76067-24441/
998,https://savealot.com/grocery-stores/paris-75460-45074/
999,https://savealot.com/grocery-stores/sherman-75090-45091/
1000,https://savealot.com/grocery-stores/texarkana-75501-24436/
1001,https://savealot.com/grocery-stores/danville-24540-45152/
1002,https://savealot.com/grocery-stores/hampton-23666-519/
1003,https://savealot.com/grocery-stores/hopewell-23860-511/
1004,https://savealot.com/grocery-stores/mt-jackson-22842-24144/
1005,https://savealot.com/grocery-stores/newport-news-23602-520/
1006,https://savealot.com/grocery-stores/norfolk-23518-515/
1007,https://savealot.com/grocery-stores/oakwood-24631-23484/
1008,https://savealot.com/grocery-stores/pennington-gap-24277-24470/
1009,https://savealot.com/grocery-stores/petersburg-23805-522/
1010,https://savealot.com/grocery-stores/portsmouth-23702-518/
1011,https://savealot.com/grocery-stores/richmond-23223-523/
1012,https://savealot.com/grocery-stores/richmond-23224-521/
1013,https://savealot.com/grocery-stores/amery-54001-24225/
1014,https://savealot.com/grocery-stores/fond-du-lac-54935-45146/
1015,https://savealot.com/grocery-stores/green-bay-54303-45097/
1016,https://savealot.com/grocery-stores/keshena-54135-24855/
1017,https://savealot.com/grocery-stores/milwaukee-53206-8033/
1018,https://savealot.com/grocery-stores/milwaukee-53209-8015/
1019,https://savealot.com/grocery-stores/milwaukee-53218-8013/
1020,https://savealot.com/grocery-stores/milwaukee-53223-8014/
1021,https://savealot.com/grocery-stores/racine-53404-881/
1022,https://savealot.com/grocery-stores/racine-53405-8050/
1023,https://savealot.com/grocery-stores/stevens-point-54481-45165/
1024,https://savealot.com/grocery-stores/west-allis-53219-8028/
1025,https://savealot.com/grocery-stores/beckley-25801-23725/
1026,https://savealot.com/grocery-stores/buckhannon-26201-23518/
1027,https://savealot.com/grocery-stores/cedar-grove-25039-23311/
1028,https://savealot.com/grocery-stores/charles-town-25414-23642/
1029,https://savealot.com/grocery-stores/clarksburg-26301-24930/
1030,https://savealot.com/grocery-stores/clendenin-25045-24116/
1031,https://savealot.com/grocery-stores/cross-lanes-25313-45054/
1032,https://savealot.com/grocery-stores/danville-25053-24124/
1033,https://savealot.com/grocery-stores/east-huntington-25705-23676/
1034,https://savealot.com/grocery-stores/elkins-26241-23714/
1035,https://savealot.com/grocery-stores/fairmont-26554-23826/
1036,https://savealot.com/grocery-stores/grafton-26354-23312/
1037,https://savealot.com/grocery-stores/hinton-25951-23344/
1038,https://savealot.com/grocery-stores/huntington-25704-23568/
1039,https://savealot.com/grocery-stores/kenova-25530-23543/
1040,https://savealot.com/grocery-stores/keyser-26726-24035/
1041,https://savealot.com/grocery-stores/kingwood-26537-24878/
1042,https://savealot.com/grocery-stores/martinsburg-25401-45111/
1043,https://savealot.com/grocery-stores/new-martinsville-26155-24527/
1044,https://savealot.com/grocery-stores/parkersburg-26101-24200/
1045,https://savealot.com/grocery-stores/pennsboro-26415-45075/
1046,https://savealot.com/grocery-stores/pineville-24874-24042/
1047,https://savealot.com/grocery-stores/princeton-24740-24012/
1048,https://savealot.com/grocery-stores/ripley-25271-22891/
1049,https://savealot.com/grocery-stores/sabraton-26505-24504/
1050,https://savealot.com/grocery-stores/scott-depot-25560-24947/
1051,https://savealot.com/grocery-stores/sissonville-25320-45103/
1052,https://savealot.com/grocery-stores/summersville-26651-24115/
1053,https://savealot.com/grocery-stores/warwood-26003-24699/
1054,https://savealot.com/grocery-stores/wayne-25570-23919/
1055,https://savealot.com/grocery-stores/welch-24801-23343/
1056,https://savealot.com/grocery-stores/weston-26452-24114/