store_id,address,city,state,zip_code,phone_number
1,"5850 Us Hwy 431 Albertville, AL 35950",,,,
2,"3108 McLellan Blvd Anniston, AL 36204",,,,
3,"625 US Hwy 72 Athens, AL 35611",,,,
4,"873 Dennison Ave Birmingham, AL 35211",,,,
5,"50468 AL Hwy 277 Bridgeport, AL 35740",,,,
6,"301b N 12th St Gadsden, AL 35901",,,,
7,"3505 Pulaski Pike NW Huntsville, AL 35810",,,,
8,"689 Hwy 78 W Jasper, AL 35501",,,,
9,"161 Bessemer Super Hwy Midfield, AL 35228",,,,
10,"3067 Mcfarland Blvd Northport, AL 35476",,,,
11,"1320 E Highland Ave Selma, AL 36703",,,,
12,"204 W Fort Williams Sylacauga, AL 35150",,,,
13,"1316 Edison Ave Benton, AR 72015",,,,
14,"429 E Main St Magnolia, AR 71753",,,,
15,"313 N Hyatt St Monticello, AR 71655",,,,
16,"6 College Hill Center Texarkana, AR 71854",,,,
17,"337 W Broadway West Memphis, AR 72301",,,,
18,"698 Peoria St Aurora, CO 80011",,,,
19,"15220 E 6th Ave Aurora, CO 80011",,,,
20,"405 South Circle Dr Colorado Springs, CO 80910",,,,
21,"7290 Monaco St Commerce City, CO 80022",,,,
22,"1951 S Federal Blvd Denver, CO 80219",,,,
23,"4255 W Florida Ave Denver, CO 80219",,,,
24,"4860 Pecos St Denver, CO 80221",,,,
25,"7150 Leetsdale Dr Denver, CO 80224",,,,
26,"4874 Chambers Rd Denver, CO 80239",,,,
27,"816 25th St Greeley, CO 80631",,,,
28,"1750 N Main St Longmont, CO 80501",,,,
29,"1000 W 104th Ave Northglenn, CO 80234",,,,
30,"1110 Bonforte Blvd Pueblo, CO 81001",,,,
31,"630 W 84th Ave Thornton, CO 80260",,,,
32,"3045 W 74th Ave Westminster, CO 80030",,,,
33,"540 Pequonnock St Bridgeport, CT 06604",,,,
34,"954 Main St East Hartford, CT 06108",,,,
35,"1125 Dixwell Ave Hamden, CT 06514",,,,
36,"1888 Main St Hartford, CT 06120",,,,
37,"425 Broad St Manchester, CT 06040",,,,
38,"311 W Main St Meriden, CT 06451",,,,
39,"205 Union St Waterbury, CT 06706",,,,
40,"514 Rhode Island Ave NE Washington, DC 20002",,,,
41,"401 Naamans Rd #3 Claymont, DE 19703",,,,
42,"696 N Dupont Blvd Milford, DE 19963",,,,
43,"28632 Dupont Blvd Millsboro, DE 19966",,,,
44,"196 Penn Mart Center New Castle, DE 19720",,,,
45,"401 W Stein Hwy Seaford, DE 19973",,,,
46,"1422 Lancaster Ave Wilmington, DE 19805",,,,
47,"714 S Maryland Ave Wilmington, DE 19805",,,,
48,"823 E Semoran Blvd Apopka, FL 32703",,,,
49,"1325 East Oak St Arcadia, FL 34266",,,,
50,"12859 SW St Rd 45 Archer, FL 32618",,,,
51,"464 Havendale Blvd Auburndale, FL 33823",,,,
52,"1020 US Hwy 27 S Avon Park, FL 33825",,,,
53,"330 E Van Fleet Dr Bartow, FL 33830",,,,
54,"12060 US Hwy 19 N Bayonet Point, FL 34667",,,,
55,"10751 US Hwy 441 SE Belleview, FL 34420",,,,
56,"5631 14th St W Bradenton, FL 34207",,,,
57,"661 E Hathaway Bronson, FL 32621",,,,
58,"20040 Cortez Blvd Brooksville, FL 34601",,,,
59,"13017 Cortez Blvd Brooksville, FL 34613",,,,
60,"110 E Rodgers Blvd Chiefland, FL 32626",,,,
61,"1209 Cleveland St Clearwater, FL 33755",,,,
62,"1203 W Hwy 50 Suite I Clermont, FL 34711",,,,
63,"900 W Sugarland Hwy Unit 10 Clewiston, FL 33440",,,,
64,"1208 Dixon Blvd Cocoa, FL 32922",,,,
65,"925 N Summit St Crescent City, FL 32112",,,,
66,"16702 SE Hwy 19 Cross City, FL 32628",,,,
67,"204 SE US Hwy 19 Crystal River, FL 34429",,,,
68,"12860 US Hwy 301 #5 Dade City, FL 33525",,,,
69,"288 N Nova Rd Daytona Beach, FL 32114",,,,
70,"939 N Woodland Blvd Deland, FL 32720",,,,
71,"221 S Woodland Dr Deland, FL 32720",,,,
72,"1382 Howland Blvd Deltona, FL 32738",,,,
73,"950 Patricia Ave Dunedin, FL 34698",,,,
74,"11582 N Williams St Suite 400 Dunnellon, FL 34432",,,,
75,"332 W Ardice Ave Eustis, FL 32726",,,,
76,"605 Delaware Ave Fort Pierce, FL 34950",,,,
77,"11 Highway 630 East Frostproof, FL 33843",,,,
78,"4901 Palm Beach Blvd Ft Myers, FL 33905",,,,
79,"18911 S Tamiami Trail Ft Myers, FL 33908",,,,
80,"3257 Cleveland Ave Ft. Myers, FL 33901",,,,
81,"2960 S US Hwy 1 Suite D-1 Ft Pierce, FL 34982",,,,
82,"4901 Palm Beach Blvd Ft Myers, FL 33905",,,,
83,"18911 S Tamiami Trail Ft Myers, FL 33908",,,,
84,"3257 Cleveland Ave Ft. Myers, FL 33901",,,,
85,"2605 NW 13th St Gainesville, FL 32601",,,,
86,"5015 Gulfport Blvd Gulfport, FL 33707",,,,
87,"1687 E Hinson Plaza Haines City, FL 33844",,,,
88,"1824 US Hwy 19 Holiday, FL 34691",,,,
89,"1603 N Nova Rd Holly Hill, FL 32117",,,,
90,"8854 SR 52 Hudson, FL 34669",,,,
91,"222 Hwy 41 S Inverness, FL 34450",,,,
92,"8000 Lem Turner Rd Jacksonville, FL 32208",,,,
93,"5276 Blanding Blvd Jacksonville, FL 32210",,,,
94,"5995 University Blvd Jacksonville, FL 32216",,,,
95,"10696 Lem Turner Rd Jacksonville, FL 32218",,,,
96,"762-1 Edgewood Ave N Jacksonville, FL 32254",,,,
97,"6014 Merrill Rd Jacksonville, FL 32277",,,,
98,"4380 66th St Kenneth City, FL 33709",,,,
99,"1702 N Main St Kissimmee, FL 34744",,,,
100,"71 S Lee St Labelle, FL 33935",,,,
101,"1036 E Duval St Lake City, FL 32055",,,,
102,"70 Plaza Ave Lake Placid, FL 33852",,,,
103,"630 State Rd 60 W Lake Wales, FL 33853",,,,
104,"917 E Memorial Blvd Lakeland, FL 33801",,,,
105,"4985 US Hwy 98 N Lakeland, FL 33809",,,,
106,"2021 George Jenkins Blvd Unit 9a Lakeland, FL 33815",,,,
107,"100 Clearwater Largo Rd N Largo, FL 33770",,,,
108,"2156 E Bay Dr Largo, FL 33771",,,,
109,"1415 S 14th St Leesburg, FL 34748",,,,
110,"1215 Homestead Rd Lehigh Acres, FL 33936",,,,
111,"1535 Ohio Ave S Live Oak, FL 32060",,,,
112,"262 N Hwy 17-92 Longwood, FL 32750",,,,
113,"816 S 6th St MacClenny, FL 32063",,,,
114,"8890 NW 7th Ave Miami, FL 33150",,,,
115,"3725 Tamiami Trail E Naples, FL 34112",,,,
116,"6536 Massachusetts Ave New Port Richey, FL 34653",,,,
117,"720 S Dixie Freeway New Smyrna Beach, FL 32168",,,,
118,"4150 Hancock Bridge Pkwy North Fort Myers, FL 33903",,,,
119,"12600 S Tamiami Trail N North Port, FL 34287",,,,
120,"1926 E Silver Spring Blvd Ocala, FL 34470",,,,
121,"9264 SE Maricamp Rd Unit #8 Ocala, FL 34472",,,,
122,"8585 SW Hwy 200 Ocala, FL 34481",,,,
123,"858 Saxon Blvd Orange City, FL 32763",,,,
124,"2200 Bruton Blvd Orlando, FL 32805",,,,
125,"6135 Silver Star Rd Orlando, FL 32808",,,,
126,"5800 N Orange Blossom Trail Orlando, FL 32810",,,,
127,"6341 W Colonial Dr Orlando, FL 32818",,,,
128,"702 S Goldenrod Rd Orlando, FL 32822",,,,
129,"4075-B S Goldenrod Rd Orlando, FL 32822",,,,
130,"4624 S Orange Blossom Trail Orlando, FL 32839",,,,
131,"600 E Main St Pahokee, FL 33476",,,,
132,"3210 Crill Ave Palatka, FL 32177",,,,
133,"4700 Babcock St Unit B2 Palm Bay, FL 32905",,,,
134,"2020 S Jefferson St Perry, FL 32347",,,,
135,"1401 S Collins St Plant City, FL 33563",,,,
136,"1040 E Sample Rd Pompano Beach, FL 33064",,,,
137,"1825 Tamiami Trail Port Charlotte, FL 33948",,,,
138,"3818 S Nova Rd Port Orange, FL 32127",,,,
139,"9332 US Hwy 19 Port Richey, FL 34668",,,,
140,"9624-A US Hwy 301 Riverview, FL 33578",,,,
141,"3000 Broadway Riviera Beach, FL 33404",,,,
142,"2440 S French Ave Sanford, FL 32771",,,,
143,"200 N Lime Ave Sarasota, FL 34237",,,,
144,"1544 Lakeview Dr Sebring, FL 33870",,,,
145,"729 W Dr. Martin Luther King Jr Blvd Seffner, FL 33584",,,,
146,"8815 Park Blvd Seminole, FL 33777",,,,
147,"7351 Spring Hill Dr Unit 1 Spring Hill, FL 34606",,,,
148,"2469 US #1 South St Augustine, FL 32086",,,,
149,"916 13th St St. Cloud, FL 34769",,,,
150,"701 9th St N St. Petersburg, FL 33701",,,,
151,"1804 62nd Ave N St. Petersburg, FL 33702",,,,
152,"4350 6th St S St. Petersburg, FL 33705",,,,
153,"890 49th St N St. Petersburg, FL 33710",,,,
154,"2804 34th St N St. Petersburg, FL 33713",,,,
155,"1371 Walnut Ave S Starke, FL 32091",,,,
156,"1625 Sun City Center Blvd Sun City, FL 33573",,,,
157,"2525 S Monroe St Tallahassee, FL 32301",,,,
158,"8320 N Florida Ave Tampa, FL 33604",,,,
159,"305 W Hillsborough Tampa, FL 33604",,,,
160,"4319 N Armenia Ave Tampa, FL 33607",,,,
161,"150 W Fletcher Ave Tampa, FL 33612",,,,
162,"2271 E Bearss Ave Tampa, FL 33613",,,,
163,"7537 W Waters Ave Tampa, FL 33615",,,,
164,"5002 E Broadway Tampa, FL 33619",,,,
165,"7430 Palm River Rd Tampa, FL 33619",,,,
166,"5014 Busch Blvd Temple Terrace, FL 33617",,,,
167,"700 Cheney Hwy Titusville, FL 32780",,,,
168,"120 S Hopkins Ave Titusville, FL 32796",,,,
169,"933 N Central Ave Umatilla, FL 32784",,,,
170,"360 Shopping Center Dr Wildwood, FL 34785",,,,
171,"13375 W Colonial Dr Suite 9 Winter Garden, FL 34787",,,,
172,"1534 3rd St SW Winter Haven, FL 33880",,,,
173,"36538 State Road 54 Zephyrhills, FL 33541",,,,
174,"7320 Gall Blvd Zephyrhills, FL 33541",,,,
175,"204 Manhattan St Americus, GA 31709",,,,
176,"117 Murphy Highway Blairsville, GA 30512",,,,
177,"72 Altama Village Dr Brunswick, GA 31520",,,,
178,"429 Second Ave SE Cairo, GA 39828",,,,
179,"4217 Hamilton Columbus, GA 31904",,,,
180,"1101 E 16th Ave Cordele, GA 31015",,,,
181,"2604 E Walnut Ave Dalton, GA 30720",,,,
182,"802 S Peterson Ave Douglas, GA 31533",,,,
183,"890 Elbert St Elberton, GA 30635",,,,
184,"2911 Lafayette Rd Ft. Olgethorpe, GA 30742",,,,
185,"1538 Eisenhower Pkwy Macon, GA 31206",,,,
186,"205 6th St SE Moultrie, GA 31768",,,,
187,"1870 Northside Dr E Statesboro, GA 30458",,,,
188,"121 Virginia Ave S Tifton, GA 31794",,,,
189,"808 Madison Hwy Valdosta, GA 31601",,,,
190,"619-A E First St Vidalia, GA 30474",,,,
191,"1625 J St SW Cedar Rapids, IA 52404",,,,
192,"1730 Pierce St Sioux City, IA 51105",,,,
193,"2980 Homer Adams Pkwy Alton, IL 62002",,,,
194,"700 E Jackson St Auburn, IL 62615",,,,
195,"210 N Lake St Aurora, IL 60506",,,,
196,"412 E 4th St Beardstown, IL 62618",,,,
197,"4515 W Main St Belleville, IL 62226",,,,
198,"309 E Main St Benton, IL 62812",,,,
199,"301 E Walnut St Carbondale, IL 62901",,,,
200,"2858 E 83rd St Chicago, IL 60617",,,,
201,"420 S Pulaski Chicago, IL 60624",,,,
202,"10700 S Halsted St Chicago, IL 60628",,,,
203,"4439 W 63rd St Chicago, IL 60629",,,,
204,"344 E 63rd St Chicago, IL 60637",,,,
205,"5555 W North Ave Chicago, IL 60639",,,,
206,"7240 S Stony Island Ave Chicago, IL 60649",,,,
207,"205 E Washington St Clinton, IL 61727",,,,
208,"2 E Main St Danville, IL 61832",,,,
209,"2280 E William St Decatur, IL 62521",,,,
210,"1175 W Grand Ave Decatur, IL 62522",,,,
211,"264 Southtowne Shopping Center Du Quoin, IL 62832",,,,
212,"10 Vieux Carre East St Louis, IL 62203",,,,
213,"2600 State St East St. Louis, IL 62205",,,,
214,"10 Vieux Carre East St Louis, IL 62203",,,,
215,"2600 State St East St. Louis, IL 62205",,,,
216,"101 Keller Dr Effingham, IL 62401",,,,
217,"709 W Main St Fairfield, IL 62837",,,,
218,"900 E Main St Galesburg, IL 61401",,,,
219,"2181 S Oakwood Geneseo, IL 61254",,,,
220,"204 Huffman St Georgetown, IL 61846",,,,
221,"3254 Nameoki Rd Granite City, IL 62040",,,,
222,"401 S Main St Kewanee, IL 61443",,,,
223,"802 Joliet St La Salle, IL 61301",,,,
224,"1301 State St Lawrenceville, IL 62439",,,,
225,"701 Pearl St Metropolis, IL 62960",,,,
226,"200 N Main St Monmouth, IL 61462",,,,
227,"1002 First Ave Ottawa, IL 61350",,,,
228,"1 W Fourth St Pana, IL 62557",,,,
229,"302 W Jasper St Paris, IL 61944",,,,
230,"1105 Derby St Pekin, IL 61554",,,,
231,"4425 N Prospect Peoria Heights, IL 61614",,,,
232,"215 S Walnut Pinckneyville, IL 62274",,,,
233,"1312 W Washington Pittsfield, IL 62363",,,,
234,"837 S Jefferson Quincy, IL 62301",,,,
235,"1120 Locust St Quincy, IL 62301",,,,
236,"3736 Sauk Trail Richton Park, IL 60471",,,,
237,"928 First Ave Rock Falls, IL 61071",,,,
238,"1701 W State St Rockford, IL 61102",,,,
239,"868 W Riverside Blvd Rockford, IL 61103",,,,
240,"2514 S Alpine Rd Rockford, IL 61108",,,,
241,"3310 Chicago Rd S S. Chicago Heights, IL 60411",,,,
242,"2520 Clearlake Dr Springfield, IL 62702",,,,
243,"220 N Broadway Urbana, IL 61801",,,,
244,"561 S Lewis Waukegan, IL 60085",,,,
245,"120 S Forest Ave Brazil, IN 47834",,,,
246,"11143 US 52 Brookville, IN 47012-9670",,,,
247,"1801 E State Rd 163 Clinton, IN 47842",,,,
248,"3100 Virginia Ave Connersville, IN 47331",,,,
249,"523 W Monroe St Delphi, IN 46923",,,,
250,"1708 Nappanee St Elkhart, IN 46516",,,,
251,"1840 Bluffton Rd Ft. Wayne, IN 46809",,,,
252,"3310 E Paulding Rd Ft. Wayne, IN 46816",,,,
253,"13325 State St Grabill, IN 46741",,,,
254,"3446 169th St Hammond, IN 46323",,,,
255,"1817 North Walnut Hartford City, IN 47348",,,,
256,"3739 E Washington Indianapolis, IN 46201",,,,
257,"2930 E 38th St Indianapolis, IN 46218",,,,
258,"5940 E 10th St Indianapolis, IN 46219",,,,
259,"8101 Pendleton Pike Indianapolis, IN 46226",,,,
260,"3898 Lafayette Rd Indianapolis, IN 46254",,,,
261,"7177 Michigan Rd Indianapolis, IN 46268",,,,
262,"1017 10th St Jeffersonville, IN 47130",,,,
263,"811 E North St Kendallville, IN 46755",,,,
264,"2580 S US Hwy 35 Knox, IN 46534",,,,
265,"1303 E Morgan Kokomo, IN 46901",,,,
266,"175 N Main St Kouts, IN 46347",,,,
267,"209 S Main St Linton, IN 47441",,,,
268,"5420 S Broadway Merrillville, IN 46410",,,,
269,"3830 S Franklin St Michigan City, IN 46360",,,,
270,"25 Broadway Plaza Peru, IN 46970",,,,
271,"1410 W Broadway Princeton, IN 47670",,,,
272,"396 S College Ave Rensselaer, IN 47978",,,,
273,"3775 National Rd E Richmond, IN 47374",,,,
274,"2318 E State Rd 14 Rochester, IN 46975",,,,
275,"5916 E State Rd 10 Roselawn, IN 46310",,,,
276,"1542 N Main St Rushville, IN 46173",,,,
277,"130 West McClain Ave Scottsburg, IN 47170",,,,
278,"310 S Chapin St South Bend, IN 46601",,,,
279,"42 Bob Babbs Dr Spencer, IN 47460",,,,
280,"230 W Wall St Sullivan, IN 47882",,,,
281,"1800 E Ft Harrison Ave Terre Haute, IN 47805",,,,
282,"126 North Main St Topeka, IN 46571",,,,
283,"380 W Deerfield Rd Union City, IN 47390",,,,
284,"392 W US Hwy 6 Valparaiso, IN 46385",,,,
285,"1015 S 15th St Vincennes, IN 47591",,,,
286,"300 SE 21st St Washington, IN 47501",,,,
287,"3944 W State Rd 10 Wheatfield, IN 46392",,,,
288,"903 E 8th St Coffeyville, KS 67337",,,,
289,"2815 State Ave Kansas City, KS 66102",,,,
290,"8115 State Ave Kansas City, KS 66112",,,,
291,"9850 W. 87th St Overland Park, KS 66212",,,,
292,"2402 E 13th Street Wichita, KS 67214",,,,
293,"2404 George Washington Blvd Wichita, KS 67218",,,,
294,"415 Burkesville Rd Albany, KY 42602",,,,
295,"5850 US Route 60 Summit Plaza Ashland, KY 41102",,,,
296,"786 Hwy 25 E Barbourville, KY 40906",,,,
297,"1500 E John Rowan Blvd Bardstown, KY 40004",,,,
298,"2093 Hwy 11 S Beattyville, KY 41311",,,,
299,"403 Richmond Rd N Berea, KY 40403",,,,
300,"600 31W Bypass Fairview Plaza Bowling Green, KY 42101",,,,
301,"2320-1 Bypass Rd Brandenburg, KY 40108",,,,
302,"1445 Hwy 259 Brownsville, KY 42210",,,,
303,"719 KY 15 S Campton, KY 41301",,,,
304,"210 E Market Carlisle, KY 40311",,,,
305,"509 East Happy Valley Rd Cave City, KY 42127",,,,
306,"1512 Everly Brothers Blvd Central City, KY 42330",,,,
307,"105 E Guardian Ave Columbia, KY 42728",,,,
308,"1100 E Cumberland Gap Pkwy Corbin, KY 40701",,,,
309,"1520 Cumberland Falls Corbin, KY 40701",,,,
310,"1616 Madison Ave Covington, KY 41011",,,,
311,"304 Church St Cynthiana, KY 41031",,,,
312,"1085 E Lexington Rd Danville, KY 40422",,,,
313,"20 Taft Ave Dry Ridge, KY 41035",,,,
314,"611 W Poplar Elizabethtown, KY 42701",,,,
315,"704 Elm St Eminence, KY 40019",,,,
316,"158 E Main St Evarts, KY 40828",,,,
317,"4833 N Hwy 421 Fall Rock, KY 40932",,,,
318,"201 Main Cross Flemingsburg, KY 41041",,,,
319,"833 Louisville Rd Frankfort, KY 40601",,,,
320,"113 Eastwood Shopping Ctr Frankfort, KY 40601",,,,
321,"120 Garrard Square Garrard, KY 40921",,,,
322,"217 N Broadway St Georgetown, KY 40324",,,,
323,"400 S Green St Glasgow, KY 42141",,,,
324,"28640 Hwy 119 Goody, KY 41514",,,,
325,"584 State Route 1947 Grayson, KY 41143",,,,
326,"996 Old Hwy 60 E Hardinsburg, KY 40143",,,,
327,"93 Industrial Park Rd Harlan, KY 40831",,,,
328,"900 S College St Harrodsburg, KY 40330",,,,
329,"163 Citizens Lane Hazard, KY 41701",,,,
330,"52 Grand Vue Plaza Hazard, KY 41701",,,,
331,"402 Hwy 899 Hindman, KY 41822",,,,
332,"102 Lincoln Dr Hodgenville, KY 42748",,,,
333,"92 Hwy 80 Hyden, KY 41749",,,,
334,"6127 Bypass Route 645 Inez, KY 41224",,,,
335,"1290 Richmond Rd Irvine, KY 40336",,,,
336,"1471 Hwy 15 N Jackson, KY 41339",,,,
337,"11 Freedom Ln Jenkins, KY 41537",,,,
338,"140 Pleasant Retreat Dr Lancaster, KY 40444",,,,
339,"506 Humston Dr Hwy 44 Lawrenceburg, KY 40342",,,,
340,"105 N English St Leitchfield, KY 42754",,,,
341,"2189 Versailles Rd Lexington, KY 40504",,,,
342,"1235 N Broadway Lexington, KY 40505",,,,
343,"1301 Winchester Rd Suite 99 Lexington, KY 40505",,,,
344,"675 N Wallace Wilkerson Blvd Liberty, KY 42539",,,,
345,"825 S Laurel Rd London, KY 40741",,,,
346,"4790 Hwy 2565 Louisa, KY 41230",,,,
347,"1804 Dixie Hwy Louisville, KY 40210",,,,
348,"2626 Portland Ave Louisville, KY 40212",,,,
349,"4148 Taylor Blvd Louisville, KY 40215",,,,
350,"5747 Preston Hwy Louisville, KY 40219",,,,
351,"39 Stephens Branch Rd Martin, KY 41649",,,,
352,"1210 State Route 45 N Mayfield, KY 42066",,,,
353,"930 Tucker Dr Maysville, KY 41056",,,,
354,"258 US-421 McKee, KY 40447",,,,
355,"415 Dansbury Ave Middlesboro, KY 40965",,,,
356,"1500 N Main St 124 Monticello, KY 42633",,,,
357,"303 Lee Clay Ave Morehead, KY 40351",,,,
358,"723 W GL Smith St Morgantown, KY 42261",,,,
359,"605 Doe Run Dr Mt. Sterling, KY 40353",,,,
360,"910 W Main St Mt. Vernon, KY 40456",,,,
361,"300 Interstate Dr Munfordville, KY 42765",,,,
362,"701 Edgewood Dr Nicholasville, KY 40356",,,,
363,"131 Jessica Lane Olive Hill, KY 41164",,,,
364,"805 Hwy 22 E Owenton, KY 40359",,,,
365,"78 Creekside Dr Owingsville, KY 40360",,,,
366,"229 N Mayo Trail Paintsville, KY 41240",,,,
367,"2236 Martin Luther King Jr Blvd Paris, KY 40361",,,,
368,"13300 Phelps 632 Road Phelps, KY 41553",,,,
369,"4195 N Mayo Trail Pikeville, KY 41501",,,,
370,"240 S Mayo Trail Pikeville, KY 41501",,,,
371,"622 Hwy 119 Pineville, KY 40977",,,,
372,"5042 Atwood Dr Richmond, KY 40475",,,,
373,"238 E Steve Warner Dr Russell Springs, KY 42642",,,,
374,"735 E Mountain Pkwy Salyersville, KY 41465",,,,
375,"1930 N KY-7 Sandy Hook, KY 41171",,,,
376,"1407 Gallatin Rd Scottsville, KY 42164",,,,
377,"22 Village Plaza Shelbyville, KY 40065",,,,
378,"445 Hwy 44 E Shepherdsville, KY 40165",,,,
379,"5194 S Hwy 27 Somerset, KY 42501",,,,
380,"1114 N Hwy 27 Somerset, KY 42503",,,,
381,"805 Bardstown Rd Springfield, KY 40069",,,,
382,"100 Lacey St Stanford, KY 40484",,,,
383,"576 E College Ave Stanton, KY 40380",,,,
384,"50 Market Dr Vanceburg, KY 41179",,,,
385,"480 Lexington Rd Versailles, KY 40383",,,,
386,"669 KY Hwy 610 Virgie, KY 41572",,,,
387,"201 Roberta Dr Warsaw, KY 41095",,,,
388,"7644 Liberty Rd W West Liberty, KY 41472",,,,
389,"136 Pkwy Plaza Loop Whitesburg, KY 41858",,,,
390,"65 Crit King Rd Whitley City, KY 42653",,,,
391,"1645 South Hwy 25 W Williamsburg, KY 40769",,,,
392,"12075 S Hwy 25 W Williamsburg, KY 40769",,,,
393,"755 Ecton Rd Winchester, KY 40391",,,,
394,"5186 Evangeline Baton Rouge, LA 70805",,,,
395,"849 Hwy 90 E Bayou Vista, LA 70380",,,,
396,"8700 W Judge Perez Dr Chalmette, LA 70043",,,,
397,"1011 N Pine St DeRidder, LA 70634",,,,
398,"716 Washington St Franklinton, LA 70438",,,,
399,"601 Terry Pkwy Gretna, LA 70056",,,,
400,"113 N Morrison Blvd Hammond, LA 70401",,,,
401,"836 Grand Caillou Rd Houma, LA 70363",,,,
402,"3406 Williams Blvd Kenner, LA 70065",,,,
403,"6525 Airline Hwy Metairie, LA 70003",,,,
404,"505 E Union St Minden, LA 71055",,,,
405,"229 Keyser Ave Broadmore Shopping Center Natchitoches, LA 71457",,,,
406,"3640 MacArthur Blvd Suite A-B New Orleans, LA 70114",,,,
407,"1841 Almonaster Blvd New Orleans, LA 70117",,,,
408,"3033 S Carrollton Ave New Orleans, LA 70118",,,,
409,"4726 Paris Ave New Orleans, LA 70122",,,,
410,"2841 S Claiborne Suite B New Orleans, LA 70125",,,,
411,"9999 Lake Forest Blvd New Orleans, LA 70127",,,,
412,"240 E Ashland St Brockton, MA 02302",,,,
413,"100 Griffin St Fall River, MA 02724",,,,
414,"235 South St Holyoke, MA 01040",,,,
415,"459 Main St Indian Orchard, MA 01151",,,,
416,"1339 Cove Rd New Bedford, MA 02744",,,,
417,"452 Mount Pleasant New Bedford, MA 02746",,,,
418,"650 American Legion Hwy Roslindale, MA 02131",,,,
419,"330 Martin Luther King Jr Blvd Roxbury, MA 02119",,,,
420,"655 Liberty Springfield, MA 01104",,,,
421,"1060 Wilbraham Rd Springfield, MA 01109",,,,
422,"5101 East Dr Arbutus, MD 21227",,,,
423,"1101 Pennsylvania Ave Baltimore, MD 21201",,,,
424,"2509 E Monument St Baltimore, MD 21205",,,,
425,"4001 Erdman Ave Baltimore, MD 21213",,,,
426,"2705 W Cold Spring Ln Baltimore, MD 21215",,,,
427,"6836 Reistertown Rd Baltimore, MD 21215",,,,
428,"3427 Clifton Ave Baltimore, MD 21216",,,,
429,"234-250 McMechen St Baltimore, MD 21217",,,,
430,"2008 Maryland Ave Baltimore, MD 21218",,,,
431,"5416 Annapolis Rd Bladensburg, MD 20710",,,,
432,"5007 Ritchie Hwy Brooklyn Park, MD 21225",,,,
433,"628 Sunburst Hwy Cambridge, MD 21613",,,,
434,"66 Queen City Dr Cumberland, MD 21502",,,,
435,"1050 W Industrial Blvd Cumberland, MD 21502",,,,
436,"1744 Merritt Blvd Dundalk, MD 21222",,,,
437,"1901 Pulaski Hwy Edgewood, MD 21040",,,,
438,"7782 Marlboro Pike Forestville, MD 20747",,,,
439,"10601 New Georges Creek Rd Frostburg, MD 21532",,,,
440,"13263 Greensboro Rd Greensboro, MD 21639",,,,
441,"1161 Maryland Ave Hagerstown, MD 21740",,,,
442,"214 W Main St Hancock, MD 21750",,,,
443,"6309 Livingston Rd Oxon Hill, MD 20745",,,,
444,"220 Cypress St Salisbury, MD 21801",,,,
445,"5933 Martin Luther King Hwy Seat Pleasant, MD 20743",,,,
446,"2346 Iverson St Temple Hills, MD 20748",,,,
447,"87 S Main St Brewer, ME 04412",,,,
448,"42 Skyway Plaza Caribou, ME 04736",,,,
449,"1090 W Main St Dover-Foxcroft, ME 04426",,,,
450,"654 Wilton Rd Farmington, ME 04938",,,,
451,"10 East Ave Lewiston, ME 04240",,,,
452,"820 Central St Millinocket, ME 04462",,,,
453,"268 St John St Portland, ME 04102",,,,
454,"76 Parsons St Presque Isle, ME 04769",,,,
455,"179 Main St Suite 1 South Paris, ME 04281",,,,
456,"20 W Concourse Waterville, ME 04901",,,,
457,"245 E Chisholm Rd Alpena, MI 49707",,,,
458,"740 Denmark St Baldwin, MI 49304",,,,
459,"250 E Roosevelt Ave Battle Creek, MI 49037",,,,
460,"904 Lafayette Ave Bay City, MI 48708",,,,
461,"7434 Storey Rd Belding, MI 48809",,,,
462,"1630 S M-139 Benton Harbor, MI 49022",,,,
463,"1579 Michigan Ave Benzonia, MI 49616",,,,
464,"802 N Mitchell Cadillac, MI 49601",,,,
465,"1253 E Caro Rd Caro, MI 48723",,,,
466,"14301 White Creek Ave NE Cedar Springs, MI 49319",,,,
467,"10203 N Straits Hwy Cheboygan, MI 49721",,,,
468,"10350 S Clare Ave Clare, MI 48617",,,,
469,"115 W McArthur Corunna, MI 48817",,,,
470,"6718 S Division Cutlerville, MI 49548",,,,
471,"15001 Houston-Whittier Detroit, MI 48205",,,,
472,"3681 Gratiot Ave Detroit, MI 48207",,,,
473,"5181 Grand River Ave Detroit, MI 48208",,,,
474,"4703 Conner Ave Detroit, MI 48215",,,,
475,"20811 W 8 Mile Rd Detroit, MI 48219",,,,
476,"13750 Fenkell St Detroit, MI 48227",,,,
477,"609 North Front St Dowagiac, MI 49047",,,,
478,"530 S Maple St East Jordan, MI 49727",,,,
479,"1700 East Huron Rd East Tawas, MI 48730",,,,
480,"2918 Flushing Rd Flint, MI 48504",,,,
481,"1918 N Dort Hwy Flint, MI 48506",,,,
482,"160 Robertson Dr Gladwin, MI 48624",,,,
483,"1625 Leonard St Grand Rapids, MI 49505",,,,
484,"2333 South I-75 Business Loop Grayling, MI 49738",,,,
485,"158 N First Harrison, MI 48625",,,,
486,"722 W Highland Rd Highland, MI 48357",,,,
487,"661 E 24th St Ste 810 Holland, MI 49423",,,,
488,"725 S Loxley Rd Houghton Lake, MI 48629",,,,
489,"3525 O'Neil Dr Jackson, MI 49202",,,,
490,"4404 Stadium Dr Kalamazoo, MI 49008",,,,
491,"1716 Fort St Lincoln Park, MI 48146",,,,
492,"160 Memorial Dr Manistee, MI 49660",,,,
493,"106 Redfield Plaza Marshall, MI 49068",,,,
494,"11972 N Saginaw St Mt. Morris, MI 48458",,,,
495,"870 W Sherman Blvd Muskegon, MI 49441",,,,
496,"2480 Apple Ave Muskegon, MI 49442",,,,
497,"257 E 82nd St Newaygo, MI 49337",,,,
498,"806 Shoppers Lane Parchment, MI 49004",,,,
499,"307 E Michigan Ave Paw Paw, MI 49079",,,,
500,"1249 Baldwin Pontiac, MI 48340",,,,
501,"657 24th St Port Huron, MI 48060",,,,
502,"32823 Fort Rd Rockwood, MI 48173",,,,
503,"146 E Erie St Rogers City, MI 49779",,,,
504,"3355 Holland Ave Saginaw, MI 48601",,,,
505,"321 N Michigan Ave Saginaw, MI 48602",,,,
506,"3805 N Michigan Ave Saginaw, MI 48604",,,,
507,"3356 I-75 Business Spur Sault Ste. Marie, MI 49783",,,,
508,"215 N State St Stanton, MI 48888",,,,
509,"27254 Eureka Rd Taylor, MI 48180",,,,
510,"1115 S Garfield Ave Traverse City, MI 49684",,,,
511,"417 W Houghton Ave West Branch, MI 48661",,,,
512,"8244 Merriman Rd Westland, MI 48185",,,,
513,"3001 Colby Rd Whitehall, MI 49461",,,,
514,"2830 Washtenaw Ave Ypsilanti, MI 48197",,,,
515,"3610 Richardson Square Dr Arnold, MO 63010",,,,
516,"2 Meramec Heights Shopping Center Arnold, MO 63010",,,,
517,"3 N Wood Bonne Terre, MO 63628",,,,
518,"1106 US-61 BUS Bowling Green, MO 63334",,,,
519,"709 N Business Rt 5 Camdenton, MO 65020",,,,
520,"121 S Sprigg Cape Girardeau, MO 63703",,,,
521,"7030 Hwy BB Cedar Hill, MO 63016",,,,
522,"511 W Washington Cuba, MO 65453",,,,
523,"2050 Rock Rd De Soto, MO 63020",,,,
524,"912 W Business US Hwy 60 Dexter, MO 63841",,,,
525,"140 Vierse Dr Farmington, MO 63640",,,,
526,"468 N Lindbergh Florissant, MO 63031",,,,
527,"12958 New Halls Ferry Rd Florissant, MO 63031",,,,
528,"142 Main St Forsyth, MO 65653",,,,
529,"6599 N Oak Trafficway Gladstone, MO 64118",,,,
530,"1222 Broadway Hannibal, MO 63401",,,,
531,"225 E First St Hermann, MO 65041",,,,
532,"11200 E Truman Rd Independence, MO 64050",,,,
533,"17403 E US Hwy 24 Independence, MO 64056",,,,
534,"1370 N Hwy 21 Ironton, MO 63650",,,,
535,"1370 North Highway 21 Ironton, MO 63650",,,,
536,"1228 East McCarty Jefferson City, MO 65101",,,,
537,"3410 Troost Ave Kansas City, MO 64109",,,,
538,"3821 E Truman Rd Kansas City, MO 64127",,,,
539,"8501 Holmes Rd Kansas City, MO 64131",,,,
540,"3500 Blue Ridge Cutoff Kansas City, MO 64133",,,,
541,"8744 Blueridge Blvd Kansas City, MO 64138",,,,
542,"185 S Main St Laurie, MO 65037",,,,
543,"809 S Hwy 13 Lexington, MO 64067",,,,
544,"1325 Gerken Dr Montgomery City, MO 63361",,,,
545,"1160 S Neosho Blvd Neosho, MO 64850",,,,
546,"515 Harold Meyer Dr New Haven, MO 63068",,,,
547,"2751 Burlington North Kansas City, MO 64116",,,,
548,"5651 MO-21 Otto, MO 63052",,,,
549,"9430 Midland Blvd Overland, MO 63114",,,,
550,"502 Hwy 19 Owensville, MO 65066",,,,
551,"2700 W Osage Pacific, MO 63069",,,,
552,"110 Strauss St Park Hills, MO 63601",,,,
553,"48 Gannon Sq Pevely, MO 63070",,,,
554,"451 Hwy 53 S Poplar Bluff, MO 63901",,,,
555,"840 E High St Potosi, MO 63664",,,,
556,"3040-200A W Broadway Sedalia, MO 65301",,,,
557,"601 S Main St Sikeston, MO 63801",,,,
558,"1117 E Commercial St Springfield, MO 65803",,,,
559,"3102 W Clay St. Charles, MO 63301",,,,
560,"1100 N Commercial St. Clair, MO 63077",,,,
561,"1631 S Jefferson Ave St. Louis, MO 63104",,,,
562,"1331 Union Blvd St. Louis, MO 63113",,,,
563,"3645 Page Blvd St. Louis, MO 63113",,,,
564,"8000 St. Charles Rock Rd St. Louis, MO 63114",,,,
565,"4447 Natural Bridge St. Louis, MO 63115",,,,
566,"4324 Loughborough St. Louis, MO 63116",,,,
567,"3427 S Jefferson St. Louis, MO 63118",,,,
568,"1501 S Florissant Rd St. Louis, MO 63121",,,,
569,"91 N Oaks Plaza St. Louis, MO 63121",,,,
570,"3661 Reavis Barracks St. Louis, MO 63125",,,,
571,"3160 Telegraph Rd St. Louis, MO 63125",,,,
572,"6840 Page Ave St. Louis, MO 63133",,,,
573,"10030 W Florissant St. Louis, MO 63136",,,,
574,"5437 Southwest Ave St. Louis, MO 63139",,,,
575,"8960 Riverview Blvd St. Louis, MO 63147",,,,
576,"11306 Save-A-Lot Dr Ste. Genevieve, MO 63670",,,,
577,"14795 Hwy 52 Versailles, MO 65084",,,,
578,"715 W Pearce Blvd Wentzville, MO 63385",,,,
579,"220 Hwy 6 W Batesville, MS 38606",,,,
580,"840 Brookway Blvd Brookhaven, MS 39601",,,,
581,"1050 E Peace St Canton, MS 39046",,,,
582,"535 E Second St Clarksdale, MS 38614",,,,
583,"719 W Park Ave Greenwood, MS 38930",,,,
584,"1234 Sunset Dr Grenada, MS 38901",,,,
585,"1225 Pass Rd Gulfport, MS 39501",,,,
586,"160 Trade Center Lane Hazlehurst, MS 39083",,,,
587,"945 E Madison St Houston, MS 38851",,,,
588,"2875 W McDowell Rd Jackson, MS 39204",,,,
589,"1411 Ellis Ave Jackson, MS 39204",,,,
590,"5465 I-55 North Jackson, MS 39206",,,,
591,"2441 Bailey Ave Jackson, MS 39213",,,,
592,"832 Hwy 19 N Suite 570 Meridian, MS 39307",,,,
593,"3501 Denny Ave Pascagoula, MS 39581",,,,
594,"3111 Hwy 80 E Ste D Pearl, MS 39208",,,,
595,"411 West Main St Westpoint, MS 39773",,,,
596,"110 N Jerry Clower Blvd Suite F Yazoo City, MS 39194",,,,
597,"2800 W Sugar Creek Rd Charlotte, NC 28262",,,,
598,"812 Liberty St Durham, NC 27701",,,,
599,"640 S Van Buren Rd Eden, NC 27288",,,,
600,"814 West Franklin Blvd Gastonia, NC 28052",,,,
601,"3111 Yanceyville St Greensboro, NC 27405",,,,
602,"429 W Meadowview Greensboro, NC 27407",,,,
603,"1701 Dickinson Ave Greenville, NC 27834",,,,
604,"940 S Cannon Blvd Kannapolis, NC 28083",,,,
605,"1240 Andrews Rd Murphy, NC 28906",,,,
606,"1160 Julian R Allsbrook Hwy Roanoke Rapids, NC 27870",,,,
607,"1305 E Broad Ave Rockingham, NC 28379",,,,
608,"1946 S Horner St Sanford, NC 27330",,,,
609,"4000-B Ward Blvd Wilson, NC 27894",,,,
610,"1501 Atlantic Ave Atlantic City, NJ 08401",,,,
611,"31 E Broad St Bridgeton, NJ 08302",,,,
612,"2780 Mt Ephraim Ave Camden, NJ 08104",,,,
613,"200 Central Ave City of Orange, NJ 07050",,,,
614,"1560 North Olden Ave Ewing, NJ 08638",,,,
615,"2465 S Broad St Hamilton, NJ 08610",,,,
616,"1303 North Broad St Hillside, NJ 07205",,,,
617,"1600 E St. Georges Ave Linden, NJ 07036",,,,
618,"803 Blackwood Clementon Rd Lindenwold, NJ 08021",,,,
619,"700 N Second St Millville, NJ 08332",,,,
620,"545 Springfield Ave Newark, NJ 07103",,,,
621,"545 W Broad St Paulsboro, NJ 08066",,,,
622,"3949 Route 130 Pennsauken, NJ 08110",,,,
623,"235 S Broadway Pennsville, NJ 08070",,,,
624,"48 West Landis Ave Vineland, NJ 08360",,,,
625,"612 Central Ave Albany, NY 12206",,,,
626,"320 West Ave Albion, NY 14411",,,,
627,"13107 Broadway Alden, NY 14004",,,,
628,"4908 State Hwy 30 Amsterdam, NY 12010",,,,
629,"45-47 Ellicott St Batavia, NY 14020",,,,
630,"400 Morris St Bath, NY 14810",,,,
631,"4271 Lake Ave Blasdell, NY 14219",,,,
632,"2160 Genesee St Buffalo, NY 14211",,,,
633,"999 Broadway Buffalo, NY 14212",,,,
634,"142 Grant St Buffalo, NY 14213",,,,
635,"5933 Route 11 Canton, NY 13617",,,,
636,"Ames Plaza Rt 16 #12179 Chaffee, NY 14030",,,,
637,"79 S Rossler St Cheektowaga, NY 14206",,,,
638,"4144 Union Rd Cheektowaga, NY 14225",,,,
639,"1111 State Route 222 Cortland, NY 13045",,,,
640,"9505 Airport Plaza Dansville, NY 14437",,,,
641,"166 E 4th St Dunkirk, NY 14048",,,,
642,"308 William St Elmira, NY 14901",,,,
643,"19 River St Fort Plain, NY 13339",,,,
644,"364 W 1st St S Fulton, NY 13069",,,,
645,"51 Arterial Plaza Route 30a Gloversville, NY 12078",,,,
646,"210 W Main St Gouverneur, NY 13642",,,,
647,"6000 S Park Ave Hamburg, NY 14075",,,,
648,"232 Mohawk St Herkimer, NY 13350",,,,
649,"16 Park Dr Hornell, NY 14843",,,,
650,"194 Fluvanna Ave Jamestown, NY 14701",,,,
651,"200 Main St Johnson City, NY 13790",,,,
652,"3640 Delaware Ave Kenmore, NY 14217",,,,
653,"1234 Abbott Rd Lackawanna, NY 14218",,,,
654,"169 W Fairmont Ave Lakewood, NY 14750",,,,
655,"10 Aurora St Lancaster, NY 14086",,,,
656,"15 W Main St LeRoy, NY 14482",,,,
657,"100 Mason St Newark, NY 14513",,,,
658,"1740 Pine Ave Niagara Falls, NY 14301",,,,
659,"2429 Military Rd Niagara Falls, NY 14304",,,,
660,"10833 Main St North Collins, NY 14111",,,,
661,"1365 Nash Road North Tonawanda, NY 14120",,,,
662,"701 Canton St Ogdensburg, NY 13669",,,,
663,"2080 Glenwood Plaza Oneida, NY 13421",,,,
664,"1250 SR 104 Ontario, NY 14519",,,,
665,"1099 N Division St Peekskill, NY 10566",,,,
666,"316 Cornelia St Plattsburgh, NY 12901",,,,
667,"100 Pike St Port Jervis, NY 12771",,,,
668,"200 Market Steet Potsdam, NY 13676",,,,
669,"569 Lyell Ave Suite 101 Rochester, NY 14606",,,,
670,"836 N Goodman Goodman Plaza Rochester, NY 14609",,,,
671,"801 Black River Rd Rome, NY 13440",,,,
672,"35 Church St Salamanca, NY 14779",,,,
673,"1520 Altamont Ave Schenectady, NY 12303",,,,
674,"1364 Route 20 Silver Creek, NY 14136",,,,
675,"220 S Geddes Plaza Syracuse, NY 13204",,,,
676,"500 Butternut St Syracuse, NY 13208",,,,
677,"120-156 Hoosick St Troy, NY 12180",,,,
678,"94 Demars Blvd Tupper Lake, NY 12986",,,,
679,"461 N Main St Warsaw, NY 14569",,,,
680,"1851 State St Watertown, NY 13601",,,,
681,"420 Bolivar Rd Wellsville, NY 14895",,,,
682,"2305 Union Rd West Seneca, NY 14224",,,,
683,"25 W Miller Ave Akron, OH 44301",,,,
684,"1400 S Arlington Akron, OH 44306",,,,
685,"530 E Tallmadge Ave Akron, OH 44310",,,,
686,"1540 Canton Rd Ste 170 Akron, OH 44312",,,,
687,"544 Canton Rd Akron, OH 44312",,,,
688,"3333 Manchester Rd Unit 1 Akron, OH 44319",,,,
689,"1375 Copley Rd Akron, OH 44320",,,,
690,"1110 E State St Unit 2 Alliance, OH 44601",,,,
691,"1965 Cooper-Foster Park Rd Amherst, OH 44001",,,,
692,"161 Center St Ashland, OH 44805",,,,
693,"822 Lake Ave Ashtabula, OH 44004",,,,
694,"910 E State St Athens, OH 45701",,,,
695,"1715 S Raccoon Rd Austintown, OH 44515",,,,
696,"205 Wooster Rd N Barberton, OH 44203",,,,
697,"801 E Main St Barnesville, OH 43713",,,,
698,"545 W Plane St Bethel, OH 45106",,,,
699,"9039 State Route 160 Bidwell, OH 45614",,,,
700,"1085 Pearl Rd Brunswick, OH 44212",,,,
701,"120 Olive St Caldwell, OH 43724",,,,
702,"906 W Tuscarawas St Canton, OH 44702",,,,
703,"2905 Mahoning Rd NE Canton, OH 44705",,,,
704,"2928 Cleveland Ave S Canton, OH 44707",,,,
705,"1436 Whipple Ave NW Canton, OH 44708",,,,
706,"1700 Western Ave Chillicothe, OH 45601",,,,
707,"6700 Hamilton Ave Cincinnati, OH 45224",,,,
708,"1864 Seymour Ave Cincinnati, OH 45237",,,,
709,"5901 Detroit Ave Cleveland, OH 44102",,,,
710,"7210 Superior Ave Cleveland, OH 44103",,,,
711,"6501 Harvard Ave Cleveland, OH 44105",,,,
712,"11905 Superior Ave Cleveland, OH 44106",,,,
713,"12432 St Clair Ave Cleveland, OH 44108",,,,
714,"3024 Clark Ave Cleveland, OH 44109",,,,
715,"10950 Lorain Ave #110 Cleveland, OH 44111",,,,
716,"18235 Euclid Ave Unit JJ Cleveland, OH 44112",,,,
717,"18501 Neff Rd Cleveland, OH 44119",,,,
718,"14301 Kinsman Rd Cleveland, OH 44120",,,,
719,"5841 Broadway Ave Cleveland, OH 44127",,,,
720,"2210 Brookpark Rd Cleveland, OH 44134",,,,
721,"14041 Puritas Ave Cleveland, OH 44135",,,,
722,"4215 Fulton Rd Cleveland, OH 44144",,,,
723,"2227 Noble Rd Cleveland Heights, OH 44112",,,,
724,"787 Fairfield Ave Columbiana, OH 44408",,,,
725,"154 N Wilson Rd Columbus, OH 43204",,,,
726,"2054 Lockbourne Rd Columbus, OH 43207",,,,
727,"2200 Mock Rd Columbus, OH 43219",,,,
728,"677 Harrisburg Pike Columbus, OH 43223",,,,
729,"3434 Cleveland Ave Columbus, OH 43224",,,,
730,"1230 S James Rd Columbus, OH 43227",,,,
731,"4930 West Broad St Columbus, OH 43228",,,,
732,"1254 Morse Rd Columbus, OH 43229",,,,
733,"350 W Main Rd Conneaut, OH 44030",,,,
734,"911 Graham Rd Suite 69-81 Cuyahoga Falls, OH 44221",,,,
735,"4233 N Main St Dayton, OH 45405",,,,
736,"2152 N Gettysburg Ave Dayton, OH 45406",,,,
737,"1026 Patterson Rd Dayton, OH 45420",,,,
738,"3932 Linden Ave Dayton, OH 45432",,,,
739,"406 Noble St W E. Canton, OH 44730",,,,
740,"33693 E Vine St Eastlake, OH 44095",,,,
741,"125 Cleveland St Elyria, OH 44035",,,,
742,"27591 Euclid Ave Euclid, OH 44132",,,,
743,"21 E Dayton Yellow Springs Rd Fairborn, OH 45324",,,,
744,"895 N County Line St Fostoria, OH 44830",,,,
745,"110 E Sixth St Franklin, OH 45005",,,,
746,"845 Portland Way N Galion, OH 44833",,,,
747,"4790 Turney Rd Garfield Heights, OH 44125",,,,
748,"12782 Rockside Rd Garfield Heights, OH 44125",,,,
749,"8005 State St Garrettsville, OH 44231",,,,
750,"4908 E State St Georgetown, OH 45121",,,,
751,"110 E Jefferson St Greenfield, OH 45123",,,,
752,"2320 Dixie Hwy Hamilton, OH 45015",,,,
753,"1472 N High St Hillsboro, OH 45133",,,,
754,"880 W Liberty St Hubbard, OH 44425",,,,
755,"400 N 2nd St Ironton, OH 45638",,,,
756,"71 E Huron St Jackson, OH 45640",,,,
757,"307 E Decatur St Kenton, OH 43326",,,,
758,"629 N Memorial Dr Lancaster, OH 43130",,,,
759,"1420 N Cole St Lima, OH 45801",,,,
760,"1330 Bellefontaine Suite A Lima, OH 45804",,,,
761,"201 E Lincoln Way Lisbon, OH 44432",,,,
762,"35107 Hocking Dr Logan, OH 43138",,,,
763,"405 W Fourth St Lorain, OH 44052",,,,
764,"2222 Fairless Dr Lorain, OH 44055",,,,
765,"1229 Ashland Rd Mansfield, OH 44905",,,,
766,"1270 Lexington Ave Mansfield, OH 44907",,,,
767,"5488 Warrensville Center Rd Maple Heights, OH 44137",,,,
768,"15870 Broadway Ave Maple Heights, OH 44137",,,,
769,"1306 Mount Vernon Ave Marion, OH 43302",,,,
770,"266 Federal Ave NE Massillon, OH 44646",,,,
771,"333 W Riverside McConnelsville, OH 43756",,,,
772,"15561 W High St Middlefield, OH 44062",,,,
773,"4525 Roosevelt Blvd Middletown, OH 45044",,,,
774,"512 N Main St New Lexington, OH 43764",,,,
775,"349 E Main St Newark, OH 43055",,,,
776,"912 Great East Plaza Niles, OH 44446",,,,
777,"23100 Lorain Rd North Olmsted, OH 44070",,,,
778,"21900 Emery Rd North Randall, OH 44128",,,,
779,"401 Hostetler Rd Orrville, OH 44667",,,,
780,"23 S Maple St Orwell, OH 44076",,,,
781,"1475 Mentor Ave Painesville, OH 44077",,,,
782,"6805 Ridge Rd Parma, OH 44129",,,,
783,"6339 Olde York Rd Parma Heights, OH 44130",,,,
784,"25805 State Route 41 S Peebles, OH 45660",,,,
785,"700 W Main St Pomeroy, OH 45769",,,,
786,"2507 Gallia Portsmouth, OH 45662",,,,
787,"6308 E Livingston Reynoldsburg, OH 43068",,,,
788,"7786 Depot St Rogers, OH 44455",,,,
789,"709 W Perkins Ave Sandusky, OH 44870",,,,
790,"23 E Whitney St Shelby, OH 44875",,,,
791,"2105 E Main St # 348 Springfield, OH 45503",,,,
792,"1519 Streetsboro Plza Streetsboro, OH 44241",,,,
793,"982 5th St Struthers, OH 44471",,,,
794,"65 Midway Plaza Tallmadge, OH 44278",,,,
795,"702 Woodville Rd Toledo, OH 43605",,,,
796,"657 E Manhattan Blvd Toledo, OH 43608",,,,
797,"1703 Airport Hwy Toledo, OH 43609",,,,
798,"2626 W Laskey Rd Toledo, OH 43613",,,,
799,"5229 Dorr St Toledo, OH 43615",,,,
800,"426 Trenton Ave Uhrichsville, OH 44683",,,,
801,"415 W Church St Upper Sandusky, OH 43351",,,,
802,"1022 S Shannon St Van Wert, OH 45891",,,,
803,"204-208 High St Wadsworth, OH 44281",,,,
804,"1020 North Park Ave Warren, OH 44482",,,,
805,"4329a Mahoning Ave NW Warren, OH 44483",,,,
806,"1151 Columbus Ave Washington Court House, OH 43160",,,,
807,"705 W Emmett Ave Waverly, OH 45690",,,,
808,"325 Wells Ave Wellsville, OH 43968",,,,
809,"11132 State Rt 41 West Union, OH 45693",,,,
810,"573 S Yearling Ave Whitehall, OH 43213",,,,
811,"20 Woodland Ave Willard, OH 44890",,,,
812,"1945 B Cleveland Rd Wooster, OH 44691",,,,
813,"2725 South Ave Youngstown, OH 44502",,,,
814,"653 Gypsy Lane Youngstown, OH 44505",,,,
815,"2998 McCartney Rd Youngstown, OH 44505",,,,
816,"223 Boardman-Canfield Rd Youngstown, OH 44512",,,,
817,"2772 Maysville Pike Zanesville, OH 43701",,,,
818,"1128 N Main St Altus, OK 73521",,,,
819,"320 N Commerce St Ardmore, OK 73401",,,,
820,"917 E Broadway Enid, OK 73701",,,,
821,"900 N Hinckley Holdenville, OK 74848",,,,
822,"1623 E Jackson Hugo, OK 74743",,,,
823,"300 SE Washington Idabel, OK 74745",,,,
824,"1732 E Carl Albert Pkwy McAlester, OK 74501",,,,
825,"749 E Independence Shawnee, OK 74802",,,,
826,"614 East Downing Tahlequah, OK 74464",,,,
827,"1526 N Lewis Ave Tulsa, OK 74110",,,,
828,"310 N Washington Ave Ste 1227 Weatherford, OK 73096",,,,
829,"3415 Pleasant Valley Blvd Altoona, PA 16602",,,,
830,"400 9th Ave Beaver Falls, PA 15010",,,,
831,"8772 Lincoln Hwy Bedford, PA 15522",,,,
832,"75 Forman St Unit A Bradford, PA 16701",,,,
833,"3520 Edgemont Ave Brookhaven, PA 19015",,,,
834,"300 Pullman Square Butler, PA 16001",,,,
835,"1025 Wayne Ave Chambersburg, PA 17201",,,,
836,"101 W Cheltenham Cheltenham, PA 19012",,,,
837,"200 Plaza Dr Clearfield, PA 16830",,,,
838,"324 W Columbus St Corry, PA 16407",,,,
839,"1 Foster Ave Crafton, PA 15205",,,,
840,"150 South Macdade Blvd Darby, PA 19023",,,,
841,"1000 S Brady St Du Bois, PA 15801",,,,
842,"2026 Broad St Erie, PA 16503",,,,
843,"2209 W 12th St Erie, PA 16505",,,,
844,"1850 Delmar Dr Folcroft, PA 19032",,,,
845,"317 Grant St Franklin, PA 16323",,,,
846,"404 E Pittsburgh St Greensburg, PA 15601",,,,
847,"2963 N 7th Harrisburg, PA 17110",,,,
848,"7505 Huntingdon Plaza Huntingdon, PA 16652",,,,
849,"346 Sheridan St Johnstown, PA 15906",,,,
850,"608 N Fraley St Kane, PA 16735",,,,
851,"222-26 S Queen St Lancaster, PA 17603",,,,
852,"63 N Union Ave Lansdowne, PA 19050",,,,
853,"611 N 12th St Lebanon, PA 17046",,,,
854,"120 E Walnut St Lock Haven, PA 17745",,,,
855,"182 Buchanan Trail McConnellsburg, PA 17233",,,,
856,"18967 Park Ave Meadville, PA 16335",,,,
857,"22 Front St Millsboro, PA 15348",,,,
858,"819 Cross Roads Plaza Mt. Pleasant, PA 15666",,,,
859,"1134 Butler Ave New Castle, PA 16101",,,,
860,"3332 D Wilmington Rd New Castle, PA 16105",,,,
861,"1721 Markley St Norristown, PA 19401",,,,
862,"355 Lincoln Hwy North Versailles, PA 15137",,,,
863,"3454 Pittsburgh Rd Perryopolis, PA 15473",,,,
864,"5201 Rising Sun Ave Philadelphia, PA 19120",,,,
865,"3901-29 M St Philadelphia, PA 19124",,,,
866,"2132 E Lehigh Ave #2158 Philadelphia, PA 19125",,,,
867,"5610 Lancaster Ave Philadelphia, PA 19125",,,,
868,"2101 W Lehigh Ave Philadelphia, PA 19132",,,,
869,"2801 W Dauphin Ave Philadelphia, PA 19132",,,,
870,"701 W Lehigh Ave Philadelphia, PA 19133",,,,
871,"400 W Allegheny Ave Philadelphia, PA 19133",,,,
872,"6801 Frankford Ave Philadelphia, PA 19135",,,,
873,"3801-03 Aramingo Ave Philadelphia, PA 19137",,,,
874,"6301 Chew Ave Philadelphia, PA 19138",,,,
875,"5601 Vine St Philadelphia, PA 19139",,,,
876,"4424 N Broad St Philadelphia, PA 19140",,,,
877,"5800 Woodland Ave Philadelphia, PA 19143",,,,
878,"5834 Pulaski St Philadelphia, PA 19144",,,,
879,"2201 W Oregon Ave Philadelphia, PA 19145",,,,
880,"6412-6422 Castor Ave Philadelphia, PA 19149",,,,
881,"4016 Woodhaven Rd Philadelphia, PA 19154",,,,
882,"725 Ross Ave Pittsburgh, PA 15221",,,,
883,"810 Oley St Reading, PA 19604",,,,
884,"110 S Water Ave Sharon, PA 16146",,,,
885,"1215 W Southern Ave South Williamsport, PA 17702",,,,
886,"391 Brusselles St St. Marys, PA 15857",,,,
887,"1125 North 4th Street Sunbury, PA 17801",,,,
888,"111 Diamond St Titusville, PA 16354",,,,
889,"111 W 13th St Tyrone, PA 16686",,,,
890,"132 Walnut Hill Rd Uniontown, PA 15401",,,,
891,"1249 W Penn Blvd Uniontown, PA 15401",,,,
892,"1500 Garrett Rd Upper Darby, PA 19082",,,,
893,"712 S Potomac St Waynesboro, PA 17268",,,,
894,"400 S Main St Wilkes-Barre, PA 18701",,,,
895,"1045 Mt Rose Ave York, PA 17403",,,,
896,"479 Mineral Spring Ave Pawtucket, RI 02860",,,,
897,"295 Armistice Blvd Ste #19 Pawtucket, RI 02861",,,,
898,"699 Hartford Ave Providence, RI 02909",,,,
899,"2830 Pawtucket Ave Riverside, RI 02914",,,,
900,"302 Pearman Dairy Rd Anderson, SC 29621",,,,
901,"205 N Goose Creek Blvd Goose Creek, SC 29445",,,,
902,"1 E Stone Ave Greenville, SC 29609",,,,
903,"7912 White Horse Rd Greenville, SC 29617",,,,
904,"917 E Main St Laurens, SC 29360",,,,
905,"4411 Durant Ave North Charleston, SC 29405",,,,
906,"5060 Dorchester Rd Unit 360 North Charleston, SC 29418",,,,
907,"529 Hampton Ave Pickens, SC 29671",,,,
908,"1102 Cherry Rd Rock Hill, SC 29732",,,,
909,"410 E North Duncan Bypass Union, SC 29379",,,,
910,"134 Foothills Center Dr Suite A West Union, SC 29696",,,,
911,"424 S White St Athens, TN 37303",,,,
912,"81 Bank Dr Brownsville, TN 38012",,,,
913,"147 Hwy 641 N Camden, TN 38320",,,,
914,"551 Industrial Dr Carthage, TN 37030",,,,
915,"5290 Burkesville Hwy Celina, TN 38551",,,,
916,"700 Hwy 100 Centerville, TN 37033",,,,
917,"2330 Dodson Avenue Chattanooga, TN 37406",,,,
918,"6901 Lee Hwy Chattanooga, TN 37421",,,,
919,"122 Keith St SW Cleveland, TN 37311",,,,
920,"512 Clinch Ave Clinton, TN 37716",,,,
921,"112 E James Campbell Blvd Columbia, TN 38401",,,,
922,"116 S Willow Ave Cookeville, TN 38501",,,,
923,"843 US HWY 51 Covington, TN 38019",,,,
924,"229 Interstate Dr Crossville, TN 38555",,,,
925,"4285 Rhea City Hwy Dayton, TN 37321",,,,
926,"2327 Decherd Blvd Decherd, TN 37324",,,,
927,"540 Hwy 46 S Dickson, TN 37055",,,,
928,"442 State Route 8 Suite A Dunlap, TN 37327",,,,
929,"3936 Ringgold Rd East Ridge, TN 37412",,,,
930,"135 W Elk Ave Elizabethton, TN 37643",,,,
931,"301 W College St Fayetteville, TN 37334",,,,
932,"705 S Grundy-Quarles Hwy Gainesboro, TN 38562",,,,
933,"351 E Main St Gallatin, TN 37066",,,,
934,"249 W Summer St Hwy 11 Greeneville, TN 37743",,,,
935,"1225 S Roane St Harriman, TN 37748",,,,
936,"129 Whitley Henderson, TN 38340",,,,
937,"6925 Middle Valley Rd Hixson, TN 37343",,,,
938,"903-4 Hollywood Jackson, TN 38301",,,,
939,"407 N Main St Jamestown, TN 38556",,,,
940,"3850 Holston Dr Knoxville, TN 37914",,,,
941,"2003 N Broadway Knoxville, TN 37917",,,,
942,"2010 Jacksboro Pike Suite 2 LaFollette, TN 37766",,,,
943,"415 Hwy 52 Bypass East Lafayette, TN 37083",,,,
944,"5154 Murfreesboro Rd Lavergne, TN 37086",,,,
945,"1608 N Locust St Ste A Lawrenceburg, TN 38464",,,,
946,"325 N Cumberland Lebanon, TN 37087",,,,
947,"421 S Broad St Lexington, TN 38351",,,,
948,"1032 E Main St Livingston, TN 38570",,,,
949,"1134 Gallatin Pike S Madison, TN 37115",,,,
950,"112 Wayman Rd Madisonville, TN 37354",,,,
951,"1224 Hillsboro Blvd Manchester, TN 37355",,,,
952,"231 Northgate Ste 216 McMinnville, TN 37110",,,,
953,"15730 N Highland Mckenzie, TN 38201",,,,
954,"4696 S US Hwy 61 Memphis, TN 38109",,,,
955,"1817 S Third St Memphis, TN 38109",,,,
956,"3941 Park Ave Memphis, TN 38111",,,,
957,"2258 Lamar Ave Memphis, TN 38114",,,,
958,"4679 Knight Arnold Rd Memphis, TN 38118",,,,
959,"3240 Jackson Ave Memphis, TN 38122",,,,
960,"3465 Austin Peay Hwy Memphis, TN 38128",,,,
961,"6042 S First Milan, TN 38358",,,,
962,"7775 HWY 51 N Millington, TN 38053",,,,
963,"201 Elmore Monterey, TN 38574",,,,
964,"3004 W Andrew Johnson Morristown, TN 37814",,,,
965,"750 Jessica St Murfreesboro, TN 37130",,,,
966,"2400 Clarksville Pike Nashville, TN 37208",,,,
967,"5404 Charlotte Ave Nashville, TN 37209",,,,
968,"2622 Gallatin Pike E Nashville, TN 37216",,,,
969,"1113 Murfreesboro Pike Nashville, TN 37217",,,,
970,"1043 Cosby Hwy Newport, TN 37821",,,,
971,"20475 Alberta St Oneida, TN 37841",,,,
972,"1031-B Mineral Wells Paris, TN 38242",,,,
973,"1182 E Main St Parsons, TN 38363",,,,
974,"1391 US 127 Bypass Pikeville, TN 37367",,,,
975,"2101 Dayton Blvd Red Bank, TN 37415",,,,
976,"435 S Washington Ripley, TN 38063",,,,
977,"420 Park Blvd Suite 6 Rogersville, TN 37857",,,,
978,"225 Water St Savannah, TN 38372",,,,
979,"509 S Congress Blvd Smithville, TN 37166",,,,
980,"179 Mose Dr Sparta, TN 38583",,,,
981,"15391 State Route 111 Spencer, TN 38585",,,,
982,"406 S Main St Sweetwater, TN 37874",,,,
983,"9170 Hwy 68 Tellico Plains, TN 37385",,,,
984,"11225 S Main St Tennessee Ridge, TN 37178",,,,
985,"840 Main St Tracy City, TN 37387",,,,
986,"1314 Nailling Dr Union City, TN 38261",,,,
987,"3910 Morgan County Hwy Wartburg, TN 37887",,,,
988,"13205 Hwy 28 Whitwell, TN 37397",,,,
989,"950 S Mccrary Woodbury, TN 37190",,,,
990,"505 S Palestine St Athens, TX 75751",,,,
991,"3021 Martin Luther King Jr Blvd Dallas, TX 75215",,,,
992,"2611 S Lancaster Rd Dallas, TX 75216",,,,
993,"4621 E Lancaster Ft. Worth, TX 76103",,,,
994,"3101 E Seminary Ft. Worth, TX 76119",,,,
995,"103 SE 17th Ave Mineral Wells, TX 76067",,,,
996,"630 Bonham Paris, TX 75460",,,,
997,"1733 Texoma Pkwy Sherman, TX 75090",,,,
998,"2806 New Boston Rd Texarkana, TX 75501",,,,
999,"703 Piney Forest Rd Danville, VA 24540",,,,
1000,"4902 W Mercury Blvd Hampton, VA 23666",,,,
1001,"206 Cavalier Square Hopewell, VA 23860",,,,
1002,"5836 Main St Mt. Jackson, VA 22842",,,,
1003,"14339 Warwick Blvd Newport News, VA 23602",,,,
1004,"2314 E Little Creek Rd Norfolk, VA 23518",,,,
1005,"13413 Riverside Dr Oakwood, VA 24631",,,,
1006,"102 US 58 Pennington Gap, VA 24277",,,,
1007,"2001-2003 S Crater Rd Petersburg, VA 23805",,,,
1008,"3816 George Washington Hwy Portsmouth, VA 23702",,,,
1009,"3808 Mechanicsville Turnpike Richmond, VA 23223",,,,
1010,"441 E Belt Ave Richmond, VA 23224",,,,
1011,"210 Keller Ave S Amery, WI 54001",,,,
1012,"794 S Main St Fond Du Lac, WI 54935",,,,
1013,"505 Dousman St Green Bay, WI 54303",,,,
1014,"W2818 Warrington Rd Keshena, WI 54135",,,,
1015,"2322 W Oak St Milwaukee, WI 53206",,,,
1016,"6201B N Teutonia Ave Milwaukee, WI 53209",,,,
1017,"4821 N 76th St Milwaukee, WI 53218",,,,
1018,"6410 N 76th St Milwaukee, WI 53223",,,,
1019,"1500 State St Racine, WI 53404",,,,
1020,"3701 Durand Ave Racine, WI 53405",,,,
1021,"3264 Church St Stevens Point, WI 54481",,,,
1022,"7540 W Oklahoma Ave West Allis, WI 53219",,,,
1023,"150 Value City Center Beckley, WV 25801",,,,
1024,"203 S Kanawha St Buckhannon, WV 26201",,,,
1025,"5555 US Route 60 Cedar Grove, WV 25039",,,,
1026,"130 Augustine Ave Charles Town, WV 25414",,,,
1027,"1720 Adams Ave Clarksburg, WV 26301",,,,
1028,"9857 Elk River Rd S Clendenin, WV 25045",,,,
1029,"901 Cross Lanes Dr Cross Lanes, WV 25313",,,,
1030,"124 Mall Rd Danville, WV 25053",,,,
1031,"4341 Route 60 E East Huntington, WV 25705",,,,
1032,"388 Beverly Pike Elkins, WV 26241",,,,
1033,"609 Bellview Blvd Fairhill Plaza Fairmont, WV 26554",,,,
1034,"245 Greene's Plaza Grafton, WV 26354",,,,
1035,"206 Main St Hinton, WV 25951",,,,
1036,"920 14th St W Huntington, WV 25704",,,,
1037,"1400 Chestnut St Kenova, WV 25530",,,,
1038,"220 Keyser Mall Keyser, WV 26726",,,,
1039,"402 E Main St Kingwood, WV 26537",,,,
1040,"205 Eagle School Rd Martinsburg, WV 25401",,,,
1041,"223 N State Rte 2 New Martinsville, WV 26155",,,,
1042,"1805 Broadway Ave Parkersburg, WV 26101",,,,
1043,"4456 Lamberton Rd Pennsboro, WV 26415",,,,
1044,"St Rt 10 N Pineville, WV 24874",,,,
1045,"1055 Stafford Dr Princeton, WV 24740",,,,
1046,"100 Academy Dr Ripley, WV 25271",,,,
1047,"1420 Earl Core Rd Sabraton, WV 26505",,,,
1048,"4335 Teays Valley Rd Scott Depot, WV 25560",,,,
1049,"7703 Sissonville Dr Sissonville, WV 25320",,,,
1050,"840 Broad St Summersville, WV 26651",,,,
1051,"141 Warwood Ave Warwood, WV 26003",,,,
1052,"7123 Rt 152 Wayne, WV 25570",,,,
1053,"700 Virginia Ave Welch, WV 24801",,,,
1054,"52 Arnold Ave Weston, WV 26452",,,,
