address,city,state,zip_code,phone_number
27 E Ave,Lewiston,ME,04240,(207) 784-6900
200 Lower Main St,Freeport,ME,04032,(207) 865-0094
147 Bath Rd,Brunswick,ME,04011,(207) 721-9996
251 Kennedy Memorial Dr,Waterville,ME,04901,(207) 873-6224
670 Bath Rd,Wiscasset,ME,04578,(207) 882-8424
600 Center St,Auburn,ME,04210,(207) 784-6971
175 High St,Ellsworth,ME,04605,(207) 667-2293
1073 W Main St,Dover Foxcroft,ME,04426,(207) 564-3500
1 Chandler Dr,Bath,ME,04530,(207) 443-9179
353 Main St,Bangor,ME,04401,(207) 942-9441
235 Camden St,Rockland,ME,04841,(207) 594-8615
91 Auburn St,Portland,ME,04103,(207) 797-4304
1364 Congress St,Portland,ME,04102,(207) 774-7661
31 Main St,Westbrook,ME,04092,(207) 857-9299
251 US Hwy 1,Falmouth,ME,04105,(207) 781-6581
150 Western Ave,Augusta,ME,04330,(207) 623-4520
417 Payne Rd,Scarborough,ME,04074,(207) 883-2443
180 Waterman Dr,South Portland,ME,04106,(207) 799-8149
851 Central Ave,Dover,NH,03820,(603) 749-5389
4 Scammon St Suite 10,Saco,ME,04072,(207) 284-9666
65 Main St,Medway,MA,02053,(508) 533-0606
230 Main St,Medfield,MA,02052,(508) 359-8713
509 Boston Post Rd,Sudbury,MA,01776,(978) 443-7066
68 Stafford St,Worcester,MA,01603,(508) 755-5808
14 W Boylston St,Worcester,MA,01605,(508) 852-5833
50 Boston Turnpike Rd,Shrewsbury,MA,01545,(508) 797-1126
114-128 Essex Center Dr,Peabody,MA,01960,(978) 532-5434
11 Traders Way,Salem,MA,01970,(978) 741-8660
146 High St,Ipswich,MA,01938,(978) 356-8451
610 Middle St,Weymouth,MA,02189,(781) 331-5108
121 Memorial Pkwy,Randolph,MA,02368,(781) 963-6995
1377 Hyde Park Ave,Hyde Park,MA,02136,(617) 364-9375
641 Belmont St,Brockton,MA,02301,(508) 588-7746
715 Crescent St,Brockton,MA,02302,(508) 583-2581
134 Water St,Wakefield,MA,01880,(781) 245-0032
34 Essex St,Melrose,MA,02176,(781) 665-8512
130 River St,Waltham,MA,02453,(781) 647-5341
134 Nahatan St,Norwood,MA,02062,(781) 762-0610
780 S Main St,Sharon,MA,02067,(781) 784-5995
476 Liberty St,Hanson,MA,02341,(781) 293-3008
127 Marion Rd,Wareham,MA,02571,(508) 295-7813
300 New State Hwy,Raynham,MA,02767,(508) 822-5660
201 Washington St,Hudson,MA,01749,(978) 562-4549
155 Great Rd,Stow,MA,01775,(978) 897-5140
35 Columbia Rd,Hanover,MA,02339,(781) 826-2864
125 Pearl St,Braintree,MA,02184,(781) 228-4406
4171 N Main St,Fall River,MA,02720,(508) 677-0940
186 County Rd,Barrington,RI,02806,(401) 245-5882
625 W Main St,Hyannis,MA,02601,(508) 775-3421
1070 Iyannough Rd,Hyannis,MA,02601,(508) 775-7611
15 State Rd,Dartmouth,MA,02747,(508) 993-9995
93 Prospect St,Milford,MA,01757,(508) 478-4519
127 Eastern Ave,Gloucester,MA,01930,(978) 281-4844
7 Railroad Ave,Gloucester,MA,01930,(978) 283-2601
213 Daniel Webster Hwy,Nashua,NH,03060,(603) 891-1649
300 Main St,Nashua,NH,03060,(603) 579-6966
739 Chief Justice Cushing Hwy,Cohasset,MA,02025,(781) 383-2315
1108 State Road,South Yarmouth,MA,02664,(508) 394-0995
9 West Rd,Orleans,MA,02653,(508) 240-1021
1175 Main St,Clinton,MA,01510,(978) 368-0306
71 Dodge St,Beverly,MA,01915,(978) 232-9104
45 Storey Ave,Newburyport,MA,01950,(978) 462-7121
125 Robert Toner Blvd,North Attleboro,MA,02763,(508) 643-2259
690 Depot St,North Easton,MA,02356,(508) 238-0165
255 E Central St,Franklin,MA,02038,(508) 520-6880
301 Pond St,Ashland,MA,01721,(508) 881-5125
246 Border St,East Boston,MA,02128,(617) 567-4116
180 A Cambridge St,Burlington,MA,01803,(781) 221-3002
1177 Providence Rd,Whitinsville,MA,01588,(508) 234-0457
4 Plaistow Rd,Plaistow,NH,03865,(603) 382-0489
33 Lafayette Rd Unit 4,North Hampton,NH,03862,(603) 964-4662
390 West St,Mansfield,MA,02048,(508) 339-3987
95 Washington St,Canton,MA,02021,(781) 828-1446
18 Sisson Rd,Harwich Port,MA,02646,(508) 432-3433
100 N Main St,Carver,MA,02330,(508) 866-2168
368 Southbridge St,Auburn,MA,01501,(508) 832-0440
2260 State Rd,Plymouth,MA,02360,(508) 833-2975
1400 Lakeshore Dr,Gilford,NH,03249,(603) 528-2929
20 D'amante Dr,Concord,NH,03301,(603) 228-1440
20 Fort Eddy Rd,Concord,NH,03301,(603) 228-0770
770 Roosevelt Trail,Windham,ME,04062,(207) 892-5159
96 Daniel Webster Hwy,Belmont,NH,03220,(603) 524-3941
1 Orchard View Dr,Londonderry,NH,03053,(603) 432-8846
43 Indian Rock Rd,Windham,NH,03087,(603) 432-2607
570 Daniel Webster Hwy,Merrimack,NH,03054,(603) 424-3759
1364 Main St,Sanford,ME,04073,(207) 490-5309
100 Shaws Ln,Stratham,NH,03885,(603) 773-9994
135 Dublin Rd,Peterborough,NH,03458,(603) 924-9192
48 John Stark Hwy,Newport,NH,03773,(603) 863-4173
625 Meadow St,Littleton,NH,03561,(603) 444-1017
15 Forest St,Woodsville,NH,03785,(603) 747-3461
1150 Eastman Rd,Center Conway,NH,03813,(603) 356-5471
199 Main St,Lancaster,NH,03584,(603) 788-4065
2 Main St,Montpelier,VT,05602,(802) 223-7587
55 Crystal Ave,Derry,NH,03038,(603) 432-9592
7 Continental Blvd,Merrimack,NH,03054,(603) 429-0714
2 Chester Rd,Springfield,VT,05156,(802) 885-8450
10 Benning Dr,West Lebanon,NH,03784,(603) 298-0388
32 Ames Plaza Ln #441,Walpole,NH,03608,(603) 756-3771
276 W Main St,Hillsborough,NH,03244,(603) 464-5110
586 Nashua St,Milford,NH,03055,(603) 672-3336
213 Main St,Ludlow,VT,05149,(802) 228-8468
160 Paine Turnpike N,Berlin,VT,05602,(802) 223-2652
1050 Willet Ave,Riverside,RI,02915,(401) 433-3180
320 Warwick Ave,Warwick,RI,02888,(401) 941-4553
585 Taunton Ave,East Providence,RI,02914,(401) 434-0029
15 Smithfield Rd,North Providence,RI,02904,(401) 353-2075
160 Old Tower Hill Rd,Wakefield,RI,02879,(401) 792-9888
8 Chapel View Blvd,Cranston,RI,02920,(401) 464-8388
71 E Main Rd,Middletown,RI,02842,(401) 848-7560
820 Waterbury Stowe Rd,Waterbury,VT,05676,(802) 241-4113
27 Mad River Canoe Rd,Waitsfield,VT,05673,(802) 496-5330
115c Monkton Rd,Vergennes,VT,05491,(802) 877-3418
8 Washington St,Middlebury,VT,05753,(802) 388-0930
66 Mountain View,Colchester,VT,05446,(802) 654-7803
71 Boxwood St,Williston,VT,05495,(802) 878-9770
570 Shelburne Rd,Burlington,VT,05401,(802) 860-2255
751 Maple St,Stowe,VT,05672,(802) 253-4793
55 Depot St,Poultney,VT,05764,(802) 287-4387
64 Equinox Terrace,Manchester Center,VT,05255,(802) 362-4447
97 E Main St,Wilmington,VT,05363,(802) 464-2161
7 Prince Ln,Bristol,VT,05443,(802) 453-4865
654 Route 22A North,Fair Haven,VT,05743,(802) 265-8100
