store_id,address
1,"5250 Medford Dr. Suite #120 Hoover, AL 35244"
2,"7504 Hwy. 72 West Madison, AL 35758"
3,"Brook Highland Plaza 5265 US Hwy. 280 Birmingham, AL 35242"
4,"6284 S. State St. Murray, UT 84107"
5,"1375 S. State St. Orem, UT 84097"
6,"216 S. 700 East Salt Lake City, UT 84102"
7,"1785 E. Murray Holladay Rd. Holladay, UT 84117"
8,"11519 S. 4000 W. South Jordan, UT 84095"
9,"1000 S. Broad St. Philadelphia, PA 19146"
10,"2001 Welsh Rd. Dresher, PA 19025"
11,"227 Route 73 S Marlton, NJ 08053"
12,"Perkins Rd. & Rouzan Ave. 4841 Rouzan Square Ave Baton Rouge, LA 70808"
13,"Concord Mall 4801 Concord Pike Wilmington, DE 19803"
14,"Boardwalk at Andersen Springs Center 1959 W. Ray Rd. Chandler, AZ 85224"
15,"5225 E. Southern Ave. Mesa, AZ 85206"
16,"Oracle Crossings Shopping Center 7665 N. Oracle Way Oro Valley, AZ 85704"
17,"13759 W. Bell Rd. Surprise, AZ 85374"
18,"Alameda Crossing Center 1813 N. Dysart Rd. Avondale, AZ 85392"
19,"Spectrum Falls Center 2582 S. Val Vista Dr. Gilbert, AZ 85295"
20,"Las Tiendas Shopping Center 2855 S. Alma School Rd. Chandler, AZ 85248"
21,"4735 E. Ray Rd., #100 Phoenix, AZ 85044"
22,"1625 E. Glendale Ave. Phoenix, AZ 85020"
23,"245 E. Bell Rd. #15 Phoenix, AZ 85022"
24,"4402 N. Miller Rd. Scottsdale, AZ 85251"
25,"Mercado del Rancho Center 9301 E. Shea Blvd. #132 Scottsdale, AZ 85260"
26,"1706 E. Southern Ave. Tempe, AZ 85282"
27,"3860 W. River Rd. Tucson, AZ 85741"
28,"Broadway Plaza 7877 E. Broadway Blvd. Tucson, AZ 85710"
29,"4282 N. 1st Ave. Tucson, AZ 85719"
30,"4645 E. Speedway Blvd. Tucson, AZ 85712"
31,"1560 Riordan Ranch St. Flagstaff, AZ 86001"
32,"6760 W. Deer Valley Rd. Glendale, AZ 85310"
33,"5645 E. State Route 69 Prescott Valley, AZ 86314"
34,"Silverstone at Pinnacle Peak 23269 N. Scottsdale Rd. Scottsdale, AZ 85255"
35,"5665 W. Bell Rd. Glendale, AZ 85308"
36,"Lake Pleasant Towne Center 10134 W. Happy Valley Rd. Peoria, AZ 85383"
37,"Queen Creek Market Place 21181 S. Ellsworth Loop Rd. Queen Creek, AZ 85142"
38,"The Plant 4065 S. Gilbert Rd. Chandler, AZ 85249"
39,"Mesa Shores 2060 E. Baseline Rd. Mesa, AZ 85204"
40,"1590 S. 4th Ave. Yuma, AZ 85364"
41,"The Depot Marketplace 174 E. Sheldon St Prescott, AZ 86301"
42,"5918 E Longbow Pkwy Mesa, AZ 85215"
43,"931 E. Elliot Rd. Tempe, AZ 85284"
44,"8787 N. Scottsdale Rd. Scottsdale, AZ 85253"
45,"Village Plaza Shopping Center 12415 N. Tatum Blvd. Phoenix, AZ 85032"
46,"59th Ave. & Baseline 7700 S. 59th Ave. Laveen, AZ 85339"
47,"3320 N. 7th Ave. Phoenix, AZ 85013"
48,"18755 S. Nogales Hwy. Green Valley, AZ 85614"
49,"1240 S. Signal Butte Rd Mesa, AZ 85209"
50,"5355 E. Carefree Hwy, Building A Cave Creek, AZ 85331"
51,"Brown & Gilbert Plaza Shopping Center 1933 E. Brown Rd. Mesa, AZ 85213"
52,"Thunderbird Crossing Shopping Center 8375 W. Thunderbird Rd. Peoria, AZ 85381"
53,"8040 N. 19th Ave. Phoenix, AZ 85021"
54,"Indian Village Shopping Center 2824 E. Indian School Rd. #126 Phoenix, AZ 85016"
55,"5130 W. Peoria Ave. Glendale, AZ 85302"
56,"1523 S. Dale Mabry Hwy. Tampa, FL 33629"
57,"33650 US Hwy 19 N Palm Harbor, FL 34684"
58,"Carrollwood Commons 15110 N. Dale Mabry Hwy. Tampa, FL 33618"
59,"3315 Lithia Pinecrest Rd. Valrico, FL 33596"
60,"Pelican Plaza 8330 S. Tamiami Trail Sarasota, FL 34238"
61,"2224 Logan Blvd. N. Naples, FL 34119"
62,"Winter Park Corners 1999 Aloma Ave. Winter Park, FL 32792"
63,"23656 US Hwy 19 N. Clearwater, FL 33765"
64,"Shoppes at Deerfield 930 S. Federal Hwy Deerfield Beach, FL 33441"
65,"Shoppes at Isla Verde 820 S. State Rd.7 Wellington, FL 33414"
66,"1121 Alafaya Trl. Ste. 1091 Oviedo, FL 32765"
67,"The Village at Mitchell Ranch 8840 Strength Ave. New Port Richey, FL 34655"
68,"US-301 & Summerfield Crossing Blvd. 12960 S. US HWY 301 Riverview, FL 33578"
69,"4873 Town Center Parkway Jacksonville, FL 32246"
70,"Admirals Crossing 3757 Military Trail Jupiter, FL 33458"
71,"12216 Miramar Parkway Miramar, FL 33025"
72,"12675 Beach Blvd, Suite 200 Jacksonville, FL 32246"
73,"7263 Seminole Blvd. Seminole, FL 33772"
74,"3150 SE Federal Highway Stuart, FL 34994"
75,"8620 Hunters Village Road New Tampa, FL 33647"
76,"19990 S. Tamiami Trail Estero, FL 33928"
77,"10619 Sheldon Rd. Tampa, FL 33626"
78,"7603 Turkey Lake Rd., Suite 101 Orlando, FL 32819"
79,"9150 Baltimore National Pike, Ellicott City, MD 21042"
80,"803 Goucher Blvd. Towson, MD 21286"
81,"Tollgate Marketplace 680 Marketplace Drive Bel Air, MD 21014"
82,"8048 Ritchie Highway, Suite 6B Pasadena, MD 21122"
83,"3800 Boston St. Baltimore, MD 21224"
84,"10701 Corrales Rd., NW Albuquerque, NM 87114"
85,"5112 Lomas Blvd., NE Albuquerque, NM 87110"
86,"11201 Montgomery Blvd., NE Albuquerque, NM 87111"
87,"6300 San Mateo Blvd., NE Albuquerque, NM 87109"
88,"3201 Zafarano Dr., Suite 20 Santa Fe, NM 87507"
89,"199 Paseo de Peralta Santa Fe, NM 87501"
90,"Four Hills Shopping Center 13150 Central Ave. SE Albuquerque, NM 87123"
91,"5600 Coors Blvd. NW Albuquerque, NM 87120"
92,"2340 E. Lohman Ave. Las Cruces, NM 88001"
93,"2200 Woodruff Rd. Simpsonville, SC 29681"
94,"Herndon Centre 494 Elden St., Suite 110 Herndon, VA 20170"
95,"152 N. 2nd St. El Cajon, CA 92021"
96,"149 S. Las Posas Rd. San Marcos, CA 92078"
97,"4230 Pacific Coast Hwy. Torrance, CA 90505"
98,"835 W. Foothill Blvd. Claremont, CA 91711"
99,"Westpark Plaza 3775 Alton Pkwy. Irvine, CA 92606"
100,"14945 Holt Ave. Tustin, CA 92780"
101,"Shops at Rossmoor Shopping Center 12301 Seal Beach Blvd. Seal Beach, CA 90740"
102,"Brea Marketplace Shopping Center 735 E. Birch St. Brea, CA 92821"
103,"Mission Grove Shopping Center 475 E. Alessandro Blvd. Riverside, CA 92508"
104,"Village at Orange 1500 E. Village Way, Suite #2279 Orange, CA 92865"
105,"9861 Adams Ave. Huntington Beach, CA 92646"
106,"Carmel Mountain Ranch Shopping Center 11710 Carmel Mountain Rd. San Diego, CA 92128"
107,"600 W. Hillcrest Dr. Thousand Oaks, CA 91360"
108,"5660 Sepulveda Blvd. Culver City, CA 90230"
109,"111 E. El Camino Real Sunnyvale, CA 94087"
110,"39 N. Rosemead Blvd. Pasadena, CA 91107"
111,"River Oaks 24285 Magic Mountain Pkwy. Valencia, CA 91355"
112,"Stanford Ranch Shopping Center 6760 Stanford Ranch Rd. Roseville, CA 95678"
113,"1012 S. Westlake Blvd. Westlake Village, CA 91361"
114,"7153 Amador Plaza Rd. Dublin, CA 94568"
115,"1515 Hawthorne Blvd. Redondo Beach, CA 90278"
116,"10821 N. Zelzah Ave. Granada Hills, CA 91344"
117,"1327 Encinitas Blvd. Encinitas, CA 92024"
118,"4630 Palm Ave. La Mesa, CA 91941"
119,"4175 Park Blvd. San Diego, CA 92103"
120,"1260 Garnet Ave. San Diego, CA 92109"
121,"Loma Square Shopping Center 3315 Rosecrans St., Suite B San Diego, CA 92110"
122,"13536 Poway Rd. Poway, CA 92064"
123,"Laguna Gateway Shopping Center 8211 Laguna Blvd. Elk Grove, CA 95758"
124,"Solana Beach Town Center 659 Lomas Sante Fe Dr. Solana Beach, CA 92075"
125,"3358 Governor Dr. San Diego, CA 92122"
126,"3205 Lemon Grove Ave. Lemon Grove, CA 91945"
127,"4439 Genesee Ave. San Diego, CA 92117"
128,"2207 W. Florida Ave. Hemet, CA 92545"
129,"1011 N. San Fernando Blvd. Burbank, CA 91504"
130,"Plaza de Paz Shopping Center 27271 La Paz Rd. Laguna Niguel, CA 92677"
131,"17482 Yorba Linda Blvd. Yorba Linda, CA 92886"
132,"Carlsbad Plaza South Shopping Center 2618 El Camino Real Carlsbad, CA 92008"
133,"Costa Mesa Square Shopping Center 3030 Harbor Blvd., Suite D Costa Mesa, CA 92626"
134,"Gateway Village Shopping Center 3630 Grand Ave. Chino Hills, CA 91709"
135,"27765 Santa Margarita Pkwy. Mission Viejo, CA 92691"
136,"120 W. Ontario Ave. Corona, CA 92882"
137,"1447 S. Harbor Blvd. Fullerton, CA 92832"
138,"Winery Estates Shopping Center 7355 Day Creek Blvd. Rancho Cucamonga, CA 91739"
139,"Pavillion Shopping Center 79050 Hwy. 111 La Quinta, CA 92253"
140,"3243 Camino De Los Coches Carlsbad, CA 92009"
141,"32413 Hwy. 79 South Temecula, CA 92592"
142,"15727 Bernardo Heights Pwky. San Diego, CA 92128"
143,"Mission Market Place Shopping Center 471 College Blvd. Oceanside, CA 92057"
144,"Rancho Temecula Shopping Center 39606 Winchester Rd. Temecula, CA 92591"
145,"820 N. Western Ave. San Pedro, CA 90732"
146,"510 W. 13th Ave. Escondido, CA 92025"
147,"9361 Mission Gorge Rd. Santee, CA 92071"
148,"Warner Center 21821 Ventura Blvd. Woodland Hills, CA 91364"
149,"Tustin Marketplace 3011 El Camino Real Tustin, CA 92782"
150,"Huntington Plaza 400 W. Huntington Dr. Monrovia, CA 91016"
151,"225 E. 17th St. Costa Mesa, CA 92627"
152,"1530 Geary Rd. Walnut Creek, CA 94597"
153,"4253 Woodruff Ave. Lakewood, CA 90713"
154,"920 Foothill Blvd. La Canada Flintridge, CA 91011"
155,"22401 Old Canal Rd. Yorba Linda, CA 92887"
156,"7905 Greenback Ln. Citrus Heights, CA 95610"
157,"15801 Whittier Blvd. Whittier, CA 90603"
158,"1700 McHenry Blvd. Modesto, CA 95350"
159,"4408 Del Rio Rd. Sacramento, CA 95822"
160,"3900 Mowry Ave. Fremont, CA 94538"
161,"5205 Prospect Rd. San Jose, CA 95129"
162,"1130 Branham Ln. San Jose, CA 95118"
163,"630 San Antonio Rd. Mountain View, CA 94040"
164,"6607 Fallbrook Ave. West Hills, CA 91307"
165,"7477 N. Blackstone Ave. Fresno, CA 93720"
166,"401 Kenilworth Dr., Suite 1040 Petaluma, CA 94952"
167,"1751 Westwood Blvd. Los Angeles, CA 90024"
168,"301 Gellert Blvd. Daly City, CA 94015"
169,"6942 Warner Ave. Huntington Beach, CA 92647"
170,"Crow Canyon Commons 3181 Crow Canyon Pl. San Ramon, CA 94583"
171,"The Shops on Broadway 3035 Broadway Oakland, CA 94611"
172,"10650 Stockdale Hwy. Bakersfield, CA 93311"
173,"847 W. Foothill Blvd. Upland, CA 91786"
174,"2060 El Camino Real Santa Clara, CA 95050"
175,"1075 Monroe St. Albany, CA 94706"
176,"West Hollywood Gateway 915 N La Brea Ave. Los Angeles, CA 90038"
177,"1431 W. Imperial Hwy. La Habra, CA 90631"
178,"20558 Stevens Creek Blvd. Cupertino, CA 95014"
179,"Shamrock Center 655 Irwin St. San Rafael, CA 94901"
180,"Santa Monica Blvd. & N. W. Knoll Dr 8550 Santa Monica Blvd. West Hollywood, CA 90069"
181,"550 Camino De Estrella San Clemente, CA 92672"
182,"1300 Pinole Valley Rd. Pinole, CA 94564"
183,"2245 Yosemite Dr. Los Angeles, CA 90041"
184,"The Streets of Brentwood 2325 Sand Creek Rd. Brentwood, CA 94513"
185,"Clovis Crossing 850 Herndon Ave. Clovis, CA 93612"
186,"1028 E. Brokaw Rd. San Jose, CA 95131"
187,"Alhambra Place 150 E. Main St. Alhambra, CA 91801"
188,"Rocky Ridge Town Center 2030 Douglas Blvd. Roseville, CA 95661"
189,"Del Sur Town Center 16415 Paseo Del Sur San Diego, CA 92127"
190,"Sprouts Center 655 S. Grand Ave. Glendora, CA 91740"
191,"8985 Venice Blvd. Los Angeles, CA 90034"
192,"Fairview 175 N. Fairview Ave. Goleta, CA 93117"
193,"Sycamore Village 2800 Cochran St. Simi Valley, CA 93065"
194,"905 E. Bidwell St. Folsom, CA 95630"
195,"Ventura Gateway 4870 Telephone Rd. Ventura, CA 93003"
196,"2634 Gateway Rd. Carlsbad, CA 92009"
197,"3015 Clairemont Dr. San Diego, CA 92117"
198,"Gateway Pointe 1375 Foothill Blvd. La Verne, CA 91750"
199,"2400 Las Posas Rd. Camarillo, CA 93010"
200,"239 S. Diamond Bar Blvd. Diamond Bar, CA 91765"
201,"560 W. Stuart Ave. Redlands, CA 92373"
202,"2810 Del Paso Rd. Sacramento, CA 95834"
203,"6753 Carnelian St. Rancho Cucamonga, CA 91701"
204,"6399 Jarvis Ave. Newark, CA 94560"
205,"11900 South St. Cerritos, CA 90703"
206,"313 Madonna Rd. Ste A San Luis Obispo, CA 93405"
207,"115 Ferrari Ranch Rd. Lincoln, CA 95648"
208,"16964 S Highland Ave. Fontana, CA 92336"
209,"Mira Mesa Mall 8142 Mira Mesa Blvd. San Diego, CA 92126"
210,"250 E. Harney Ln. Lodi, CA 95240"
211,"1041 Helen Power Dr. Vacaville, CA 95687"
212,"Silver Creek Plaza 1771 E. Capitol Expwy. San Jose, CA 95121"
213,"Town & Country Village 2735 Marconi Ave. Sacramento, CA 95821"
214,"E. Vista Way & Foothill Dr. 1400 E. Vista Way Vista, CA 92084"
215,"1401 Hilltop Dr. Redding, CA 96003"
216,"1302 S. La Brea Avenue, Suite C Los Angeles, CA 90019"
217,"Eastland Center 2630 E. Workman Ave. West Covina, CA 91791"
218,"El Toro Rd. and Rockfield Blvd. 24332 Rockfield Blvd. Lake Forest, CA 92630"
219,"13985 Limonite Ave. Eastvale, CA 92880"
220,"29 S. Milpas St. Santa Barbara, CA 93103"
221,"1250 Scenic Highway, Ste. 1704 Lawrenceville, GA 30045"
222,"5130 Peachtree Pkwy. Peachtree Corners, GA 30092"
223,"Lakeland Plaza 530 Lakeland Plz. Cumming, GA 30040"
224,"3630 Peachtree Pkwy. Suwanee, GA 30024"
225,"Sandy Springs Gateway 4600 Roswell Rd. #A100 Sandy Springs, GA 30342"
226,"Olde Ivy Village 4330 East-West Conn. Smyrna, GA 30082"
227,"Rock Springs 1845 Piedmont Ave. Atlanta, GA 30324"
228,"Roswell Market Place 10800 Alpharetta Hwy. Roswell, GA 30076"
229,"Providence Square 4101 Roswell Rd. Marietta, GA 30062"
230,"Sugarloaf Marketplace 2220 Peachtree Industrial Blvd. Duluth, GA 30097"
231,"1430 Towne Lake Pkwy. Woodstock, GA 30189"
232,"2015 E. Highway 54 Peachtree City, GA 30269"
233,"2551 Blackmon Dr. Decatur, GA 30033"
234,"3805 Dallas Hwy. SW Marietta, GA 30064"
235,"4310 Lavista Rd. Tucker, GA 30084"
236,"630 Crane Creek Dr. Augusta, GA 30907"
237,"8383 N. Booth Ave. Kansas City, MO 64158"
238,"6061 NW. 64th St. Kansas City, MO 64151"
239,"800 NE Hwy. 291 Lee's Summit, MO 64086"
240,"9414 Falls of Neuse Rd. Raleigh, NC 27615"
241,"15121 Ballancroft Pkwy. Charlotte, NC 28277"
242,"Freedom Town Center 2810 Freedom Parkway Dr. Fayetteville, NC 28314"
243,"105 W. NC Hwy 54 Durham, NC 27713"
244,"Westridge Square 3357 Battleground Ave Greensboro, NC 27410"
245,"9050 Hwy. 64 Lakeland, TN 38002"
246,"The Shops at Forest Hill 3150 Village Shops Dr. Germantown, TN 38138"
247,"Maples Shopping Center 1010 Murfreesboro Rd. Franklin, TN 37064"
248,"143 Wendelwood Dr. Murfreesboro, TN 37129"
249,"7620 Hwy. 70 S. Nashville, TN 37221"
250,"576 S. Perkins Memphis, TN 38117"
251,"19630 Hwy 99 Lynnwood, WA 98036"
252,"Gateway 13314 Bothell Everett Hwy Mill Creek, WA 98012"
253,"13010 Aurora Ave. N. Seattle, WA 98133"
254,"11066 Pacific Crest Place NW, Suite A150 Silverdale, WA 98383"
255,"5150 W. 120th Ave. Westminster, CO 80030"
256,"9751 S. Parker Rd. Parker, CO 80134"
257,"Front Range Village Shopping Center 4345 Corbett Dr. Fort Collins, CO 80525"
258,"2950 Baseline Rd. Boulder, CO 80303"
259,"Gardens on Havana Shopping Center 1150 S. Ironton St. Aurora, CO 80012"
260,"20831 E. Smoky Hill Rd. Centennial, CO 80015"
261,"Shoppes at Castle Rock Shopping Center 5650 Allen Way Castle Rock, CO 80108"
262,"Greeley Commons Shopping Center 4759 W. 29th St., Unit B Greeley, CO 80634"
263,"Lincoln Commons North 10018 Commons St. Lone Tree, CO 80124"
264,"7725 Wadsworth Blvd. Arvada, CO 80003"
265,"2525 Arapahoe Ave. Boulder, CO 80302"
266,"1730 Dublin Blvd. Colorado Springs, CO 80918"
267,"4700 West 38th Ave. Denver, CO 80212"
268,"2880 S. Colorado Blvd. Denver, CO 80222"
269,"2601 S. Lemay Ave. Fort Collins, CO 80525"
270,"8557 E. Arapahoe Rd. Greenwood Village, CO 80112"
271,"1980 E. County Line Rd. Highlands Ranch, CO 80126"
272,"555 W. South Boulder Rd. Lafayette, CO 80026"
273,"8601 W. Cross Dr. Littleton, CO 80123"
274,"1131 E. 120th Ave. Thornton, CO 80233"
275,"3625 E. Colfax Ave. Denver, CO 80206"
276,"1101 S. Hover Longmont, CO 80501"
277,"1450 W. Independent Ave. Grand Junction, CO 81505"
278,"5001 S. Broadway Englewood, CO 80113"
279,"Kipling Ridge 3725 Kipling St. Wheat Ridge, CO 80033"
280,"Fairfield Commons 98 Wadsworth Blvd. Lakewood, CO 80226"
281,"Lion Stone 197 E. Mississippi Ave. Denver, CO 80209"
282,"13415 Voyager Pkwy. Colorado Springs, CO 80921"
283,"1440 N. Lincoln Ave. Loveland, CO 80538"
284,"Powers Pointe 5617 Barnes Rd. Colorado Springs, CO 80917"
285,"15050 West 64th Ave. Arvada, CO 80007"
286,"3555 N. Central Park Blvd. Stapleton, CO 80238"
287,"3365 E. Tropicana Ave. Las Vegas, NV 89121"
288,"4020 S. Rainbow Blvd. Las Vegas, NV 89103"
289,"635 S. Green Valley Pkwy. Henderson, NV 89052"
290,"515 N. Stephanie St. Henderson, NV 89014"
291,"10000 W. Sahara Ave. Las Vegas, NV 89117"
292,"8441 Farm Rd. Las Vegas, NV 89131"
293,"Summerlin Gateway Plaza 7530 W. Lake Mead Blvd. Las Vegas, NV 89128"
294,"587 S. Meadows Pkwy. Reno, NV 89521"
295,"1140 E. Silverado Ranch Blvd. Las Vegas, NV 89183"
296,"7375 S. Rainbow Blvd. Las Vegas, NV 89139"
297,"125 Disc Dr. Sparks, NV 89436"
298,"6150 N. Decatur Blvd. Las Vegas, NV 89031"
299,"771 S. Rainbow Blvd. Las Vegas, NV 89145"
300,"6410 North May Ave. Oklahoma City, OK 73116"
301,"24 E. 2nd St. Edmond, OK 73034"
302,"559 W. Main St. Norman, OK 73069"
303,"10111 S. Memorial Dr. Tulsa, OK 74133"
304,"4123 S. Harvard Ave. Tulsa, OK 74135"
305,"851 E. Hillside Dr. Broken Arrow, OK 74012"
306,"9601 N. 133rd E. Ave. Owasso, OK 74055"
307,"12200 N. MacArthur Blvd. Oklahoma City, OK 73162"
308,"Chisholm Shopping Center 1105 Garth Brooks Blvd. Yukon, OK 73099"
309,"909 W. 6th Ave. Stillwater, OK 74074"
310,"12100 S Pennsylvania Ave. Oklahoma City, OK 73170"
311,"4100 Legacy Dr. #401 Plano, TX 75024"
312,"Marketplace at Flower Mound 2301 Cross Timbers Rd. Flower Mound, TX 75028"
313,"Park Forest Shopping Center 11722 Marsh Ln. Dallas, TX 75229"
314,"220 Randol Mill Ave. Southlake, TX 76092"
315,"5190 Preston Rd. Frisco, TX 75034"
316,"1343 W. Campbell Rd. Richardson, TX 75080"
317,"Murphy Marketplace Shopping Center 207 E. FM 544 Murphy, TX 75094"
318,"110 W. Sandy Lake Rd. Coppell, TX 75019"
319,"Market at Round Rock Shopping Center 110 Interstate Hwy. 35 N. Round Rock, TX 78681"
320,"Great Hills Station Shopping Center 10225 Research Blvd. Austin, TX 78759"
321,"362 E. FM 1382 Cedar Hill, TX 75104"
322,"Overton Park Plaza 4650 SW Loop 820 Fort Worth, TX 76109"
323,"1745 E. Hebron Pkwy. Carrollton, TX 75010"
324,"Brodie Oaks Shopping Center 4006 S. Lamar Blvd. Austin, TX 78704"
325,"Grand View Shopping Center 8101 Callaghan Rd. San Antonio, TX 78230"
326,"Gulf Way Shopping Center 1440 Airline Rd. Corpus Christi, TX 78412"
327,"Coronado Hills Shopping Center 655 Sunland Park Dr. El Paso, TX 79912"
328,"5800 N. 10th St. McAllen, TX 78504"
329,"We've Moved - Explore your new store at: 22135 S. Bulverde Rd. San Antonio, TX 78259"
330,"Kings Gate South Shopping Center 8201 Quaker Ave., Suite 140 Lubbock, TX 79424"
331,"6920 Manchaca Rd. Austin, TX 78745"
332,"1800 N. Henderson Ave. Dallas, TX 75206"
333,"23105 Cinco Ranch Blvd. Katy, TX 77494"
334,"22506 Tomball Pkwy. Houston, TX 77070"
335,"7055 Hwy 6 N Houston, TX 77095"
336,"9241 Virginia Pkwy. McKinney, TX 75071"
337,"11940 Westheimer Rd. Houston, TX 77077"
338,"2003 S. Main St. Keller, TX 76248"
339,"195 Yale St. Houston, TX 77007"
340,"1831 South Lakeline Blvd. Cedar Park, TX 78613"
341,"20708 Kuykendahl Rd. Spring, TX 77379"
342,"5711 W. Interstate 20 Hwy. Arlington, TX 76017"
343,"316 Grapevine Hwy. Hurst, TX 76054"
344,"1550 E. Debbie Ln. Mansfield, TX 76063"
345,"Village at Camp Bowie 6300 Waverly Wy. Fort Worth, TX 76116"
346,"3001 Lakeview Pkwy. Rowlett, TX 75088"
347,"2718 Old Chocolate Bayou Rd. Pearland, TX 77584"
348,"Exchange Center 1265 W. Exchange Pkwy. Allen, TX 75013"
349,"Hickory Creek Plaza 4930 Teasley Lane Denton, TX 76210"
350,"Lake Highlands Town Center 7110 Skillman St. Dallas, TX 75231"
351,"2036 N Zaragoza Rd. El Paso, TX 79938"
352,"2500 Eldorado Pkwy. Frisco, TX 75033"
353,"13550 University Blvd. Sugar Land, TX 77479"
354,"9801 Gateway Blvd. West El Paso, TX 79925"
355,"1220 N Town East Blvd, Suite 650 Mesquite, TX 75150"
356,"1212 Old Spanish Trail Houston, TX 77054"
357,"4015 S. Broadway Ave. Tyler, TX 75701"
