address,city,state,zip_code,phone_number
15 Franklin Street,Seymour,CT,06483,(203) 881-2641
112 Amity Road,New Haven,CT,06515,(203) 389-8600
898 Bridgeport Avenue,Shelton,CT,06484,(203) 929-7516
470 Monroe Turnpike,Monroe,CT,06468,(203) 268-0589
1309 Corbin Avenue,New Britain,CT,06053,(860) 348-9856
206 Kitts Lane,Newington,CT,06111,(860) 665-8166
195 West Street,Cromwell,CT,06416,(860) 635-8300
44 Fenn Road,Newington,CT,06111,(860) 667-8380
150 New Park Avenue,Hartford,CT,06106,(860) 232-8777
1235 Farmington Avenue,West Hartford,CT,06107,(860) 521-5010
1095 Kennedy Road,Windsor,CT,06095,(860) 688-0860
176 Newington Road,West Hartford,CT,06110,(860) 231-8082
370 Hemingway Avenue,East Haven,CT,06512,(203) 468-7012
79 Washington Avenue,North Haven,CT,06473,(203) 234-1757
128 Samson Rock Road,Madison,CT,06443,(203) 245-7204
150 Whalley Avenue,New Haven,CT,06515,(203) 503-0105
2145 Fairfield Avenue,Bridgeport,CT,06605,(203) 333-0333
4531 Main Street,Bridgeport,CT,06606,(203) 371-6972
597 Farmington Avenue,Bristol,CT,06010,(860) 582-5674
747 Pine Street,Bristol,CT,06010,(860) 582-3154
200 New Hartford Road,Winsted,CT,06098,(860) 379-9995
211 High Street,Torrington,CT,06790,(860) 482-4460
931 Torringford Street,Torrington,CT,06790,(860) 482-5125
55 Village Green Drive,Litchfield,CT,06759,(860) 393-4051
77 Centennial Plaza,Meriden,CT,06450,(203) 238-1235
930 North Colony Road,Wallingford,CT,06492,(203) 265-6972
410 Reidville Drive,Waterbury,CT,06705,(203) 755-8605
485 Broad Street,Meriden,CT,06450,(203) 238-1235
665 Boston Post Road,Old Saybrook,CT,06475,(860) 388-6354
22 Leetes Island Rd,Branford,CT,06405,(203) 488-1325
248 Flanders Road,East Lyme,CT,06333,(860) 691-2146
11 E High Street,East Hampton,CT,06424,(860) 267-2039
1391 Main Street,Willimantic,CT,06226,(860) 456-8768
70 Town Street,Norwich,CT,06360,(860) 887-1611
2020 Norwich New London Tpke,Uncasville,CT,06382,(860) 848-6960
416 East Main Street,Middletown,CT,06457,(860) 346-0160
1135 Farmington Avenue,Berlin,CT,06037,(860) 828-0276
80 Town Line Road,Rocky Hill,CT,06067,(860) 563-1169
44 Lake Avenue Ext,Danbury,CT,06811,(203) 797-8901
72 Newtown Road,Danbury,CT,06810,(203) 798-0555
385 Connecticut Avenue,Norwalk,CT,06854,(203) 299-1715
2200 Bedford Street,Stamford,CT,06905,(203) 356-0109
380 Main Avenue,Norwalk,CT,06851,(203) 840-1001
1937 West Main Street,Stamford,CT,06905,(203) 323-1458
60 Providence Turnpike,Putnam,CT,06260,(860) 963-2640
446 Putnam Pike,Greenville,RI,02828,(401) 949-4800
900 Tiogue Avenue,Coventry,RI,02816,(401) 823-1515
11 Commerce Way,Johnston,RI,02919,(401) 861-7610
99 Linwood Avenue,Colchester,CT,06415,(860) 537-2361
55 Oak Street,Glastonbury,CT,06033,(860) 652-8925
215 Glastonbury Boulevard,Glastonbury,CT,06033,(860) 659-4553
318 West Middle Turnpike,Manchester,CT,06040,(860) 645-8050
1739 Ellington Road,South Windsor,CT,06074,(860) 648-4026
460 Elm Street,West Haven,CT,06516,(203) 931-8843
2335 Dixwell Avenue,Hamden,CT,06514,(203) 248-9615
155 Boston Post Road,Waterford,CT,06385,(860) 444-6772
220 Route 12,Groton,CT,06340,(860) 445-4440
470 North Main Street,East Longmeadow,MA,01028,(413) 525-5747
1282 Springfield Street,Feeding Hills,MA,01030,(413) 789-2224
415 Cooley Street,Springfield,MA,01119,(413) 426-9504
1160 Kings Highway Cut-Off,Fairfield,CT,06824,(203) 254-8478
760 Villa Avenue,Fairfield,CT,06825,(203) 333-8715
498 Bushy Hill Road,Simsbury,CT,06070,(860) 651-4787
313 Cottage Grove Rd,Bloomfield,CT,06002,(860) 242-5954
11 Glen Ridge Road,Greenwich,CT,06831,(203) 531-0541
161 West Putnam Avenue,Greenwich,CT,06831,(203) 625-0622
91 Voluntown Road,Pawcatuck,CT,06379,(860) 535-8234
1380 Berlin Turnpike,Wethersfield,CT,06109,(860) 956-0477
763 Straits Turnpike,Watertown,CT,06795,(860) 274-7459
215 East Main Street,Clinton,CT,06413,(860) 669-2228
940 Silver Lane,East Hartford,CT,06118,(860) 569-7050
10 Pitkin Road,Vernon,CT,06066,(860) 871-0897
1360 East Town Road,Milford,CT,06460,(203) 877-1841
855 Bridgeport Avenue,Milford,CT,06460,(203) 876-0467
100 Quality Street,Trumbull,CT,06611,(203) 445-1006
228 South Main Street,Newtown,CT,06470,(203) 270-0177
920 Wolcott Road,Waterbury,CT,06705,(203) 755-9489
240 Chase Avenue,Waterbury,CT,06704,(203) 756-4678
180 Danbury Road,New Milford,CT,06776,(860) 355-3234
125 Danbury Road,Ridgefield,CT,06877,(203) 438-7317
25 State Route 39,New Fairfield,CT,06812,(203) 312-0482
100 Main Street North,Southbury,CT,06488,(203) 262-4555
149 Franklin Street,Westerly,RI,02891,(401) 596-0169
3 Stilson Rd,Richmond,RI,02898,(401) 539-8800
1094 Killingly Commons Drive,Dayville,CT,06241,(860) 779-2070
100 Charlton Road,Sturbridge,MA,01566,(508) 347-9500
595 Smithfield Road,North Smithfield,RI,02896,(401) 769-0112
5 River Road,Wilton,CT,06897,(203) 834-9735
100 Division Street,Ansonia,CT,06401,(203) 732-3901
727 Rubber Avenue,Naugatuck,CT,06770,(203) 729-4182
200 East Main Street,Stratford,CT,06614,(203) 375-8787
1799 Farmington Avenue,Unionville,CT,06085,(860) 404-0341
120 Salmon Brook Street,Granby,CT,06035,(860) 844-8331
50 Windsorville Rd,Vernon Rockville,CT,06066,(860) 871-0498
275 Highland Avenue,Cheshire,CT,06410,(203) 272-3628
1790 Post Road East,Westport,CT,06880,(203) 254-8484
54 Hazard Avenue,Enfield,CT,06082,(860) 741-2200
475 Bedford Street,Whitman,MA,02382,(781) 447-7817
932 North Montello Street,Brockton,MA,02301,(508) 427-0537
468 Washington Street,Norwell,MA,02061,(781) 982-9876
700 Middle Street,Weymouth,MA,02188,(781) 337-2782
101 Andrew Avenue,Wayland,MA,01778,(508) 358-0740
10 Technology Drive,Hudson,MA,01749,(978) 562-4111
337 Great Road,Bedford,MA,01730,(781) 271-9400
235 Old Connecticut Path,Framingham,MA,01701,(508) 820-0900
155 Harvard Street,Brookline,MA,02446,(617) 566-4559
1620 Tremont Street,Boston,MA,02120,(617) 232-3572
171 Watertown Street,Watertown,MA,02472,(617) 969-6410
240 Elm Street,Somerville,MA,02144,(857) 997-2292
757 Turnpike Street,North Andover,MA,01845,(978) 683-9666
209 North Main Street,Andover,MA,01810,(978) 623-9912
37 Enon Street,Beverly,MA,01915,(978) 921-0920
301 Newbury Street,Danvers,MA,01923,(978) 762-4444
265 Main Street,North Reading,MA,01864,(978) 664-0192
299 Chelmsford St,Chelmsford,MA,01824,(978) 250-4102
25 Walkers Brook Drive,Reading,MA,01867,(781) 944-2919
105 Alewife Brook Parkway,Somerville,MA,02144,(617) 625-1546
695 Main Street,Winchester,MA,01890,(781) 721-1028
760 Fellsway,Medford,MA,02155,(781) 391-5869
251 Washington Street,Attleboro,MA,02703,(508) 399-6019
469 Pleasant Street,Attleboro,MA,02703,(508) 226-2400
36 Bedford Street,Lexington,MA,02420,(781) 861-0457
2 Elm Street,Woburn,MA,01801,(781) 935-0821
905 Massachusetts Avenue,Arlington,MA,02476,(781) 646-3625
440 Russell Street,Hadley,MA,01035,(413) 253-3227
1600 Boston Road,Springfield,MA,01129,(413) 543-1041
672 Memorial Drive,Chicopee,MA,01020,(413) 593-1111
28 Lincoln Street,Holyoke,MA,01040,(413) 536-1247
622 George Washington Highway,Lincoln,RI,02865,(401) 334-6006
40 Franklin Village Drive,Franklin,MA,02038,(508) 520-4102
70 Mendon Road,Cumberland,RI,02864,(401) 722-3300
224 Elliott Street,Beverly,MA,01915,(978) 232-9359
301 Centre Street,Jamaica Plain,MA,02130,(617) 522-4300
460 Blue Hill Avenue,Dorchester,MA,02121,(617) 427-6752
1100 Massachusetts Avenue,Dorchester,MA,02125,(617) 541-4700
495 Southern Artery,Quincy,MA,02169,(617) 773-4510
400 Lincoln Street,Hingham,MA,02043,(781) 749-1143
65 Newport Avenue,Quincy,MA,02171,(617) 328-4477
278 Washington Street,Stoughton,MA,02072,(781) 341-1797
375 Centre Avenue,Abington,MA,02351,(781) 871-0020
316 Grove Street,Braintree,MA,02184,(781) 356-1730
60 Everett Street,Allston,MA,02134,(617) 779-9116
1277 Liberty Street,Springfield,MA,01104,(413) 732-6920
2265 Northampton Street,Holyoke,MA,01040,(413) 536-9287
935 Riverdale Street,West Springfield,MA,01089,(413) 737-8770
19 Howley Street,Peabody,MA,01960,(978) 977-3900
450 Paradise Road,Swampscott,MA,01907,(781) 596-1445
438 Dartmouth Street,New Bedford,MA,02740,(508) 993-1791
1001 King's Highway,New Bedford,MA,02745,(508) 998-2000
221 Huttleston Avenue,Fairhaven,MA,02719,(508) 990-4500
501 Rodman Street,Fall River,MA,02721,(508) 672-2177
1025 Truman Parkway,Hyde Park,MA,02136,(617) 333-0273
950 American Legion Highway,Roslindale,MA,02131,(617) 327-2160
165 Needham Street,Newton,MA,02461,(617) 831-1213
545 Freeport Street,Dorchester,MA,02122,(617) 265-2766
39 Nathan Ellis Hwy,Mashpee,MA,02649,(508) 539-1800
50 Water Street,Vineyard Haven,MA,02568,(508) 693-8339
3900 Falmouth Road,Marstons Mills,MA,02648,(508) 428-1278
71 Quaker Meeting House Road,Sandwich,MA,02563,(508) 477-1449
65 Route 6A,Sandwich,MA,02563,(508) 833-1302
127 Samoset Street,Plymouth,MA,02360,(508) 746-1444
225 Upper Main Street,Edgartown,MA,02539,(508) 627-9522
245 Vineyard Haven Road,Edgartown,MA,02539,(508) 627-5107
99 Charles Street,Malden,MA,02148,(781) 397-0006
40 Furlong Drive,Revere,MA,02151,(781) 284-0717
779 McGrath Highway,Somerville,MA,02145,(617) 666-1024
25 Faunce Corner Road,Dartmouth,MA,02747,(508) 999-7200
2991 Cranberry Highway,East Wareham,MA,02538,(508) 291-1110
333 Mariano Bishop Boulevard,Fall River,MA,02721,(508) 675-0391
57 Main Street,Westfield,MA,01085,(413) 562-2300
377 Chauncy Street,Mansfield,MA,02048,(508) 337-9450
109 Taunton Street,Plainville,MA,02762,(508) 643-2603
565 Main Street,Walpole,MA,02081,(508) 668-7722
1415 Providence Highway,Norwood,MA,02062,(781) 255-1141
19 Temple Street,Framingham,MA,01701,(508) 879-4044
126 Medway Rd,Milford,MA,01757,(508) 478-8941
70 Pulaski Boulevard,Bellingham,MA,02019,(508) 883-2179
141 Main Street,Foxboro,MA,02035,(508) 543-5791
949 Grafton Street,Worcester,MA,01604,(508) 791-8855
539-571 Boston Turnpike,Shrewsbury,MA,01545,(508) 842-1911
290 Turnpike Road,Westborough,MA,01581,(508) 366-9190
32 Lyman Street,Westborough,MA,01581,(508) 366-3961
228 King Street,Northampton,MA,01060,(413) 584-9200
40 George Hannum Street,Belchertown,MA,01007,(413) 323-6546
24 Mattakeesett Street,Pembroke,MA,02359,(781) 293-1262
160 Summer Street,Kingston,MA,02364,(781) 582-3700
125 Chuch Street,Pembroke,MA,02359,(781) 826-9802
24 Route 6A,Orleans,MA,02653,(508) 255-5288
500 Route 134,South Dennis,MA,02660,(508) 394-4535
474 Station Avenue,South Yarmouth,MA,02664,(508) 394-0431
55 Long Pond Drive,South Yarmouth,MA,02664,(508) 394-1234
400 Chief Justice Cushing Highway,Cohasset,MA,02025,(781) 383-2101
100 Powder Mill Road,Acton,MA,01720,(978) 897-6449
160 Providence Highway,Dedham,MA,02026,(781) 329-1050
341 Plymouth Street,Halifax,MA,02338,(781) 293-1961
164 Main Street,Saugus,MA,01906,(781) 233-8228
540 Squire Road,Revere,MA,02151,(781) 286-2200
1690 Revere Beach Parkway,Everett,MA,02149,(617) 381-1647
206 East Washington Street,North Attleboro,MA,02763,(508) 695-1999
425 Attucks Lane,Hyannis,MA,02601,(508) 771-0709
20 Teaticket Highway,East Falmouth,MA,02536,(508) 540-7481
31 Sparks Ave,Nantucket,MA,02554,(508) 228-2178
9 Salem Street,Nantucket,MA,02554,(508) 825-8833
700 Pleasant Street,Watertown,MA,02472,(617) 923-3007
660 Merrill Road,Pittsfield,MA,01201,(413) 499-0745
1 Dan Fox Drive,Pittsfield,MA,01201,(413) 442-7600
89 French King Highway,Greenfield,MA,01301,(413) 774-6096
111 Brewster-Chatham Rd,Harwich,MA,02645,(508) 432-5000
35 Washington Street,Lynn,MA,01901,(781) 596-1882
259 Main Street,Stoneham,MA,02180,(781) 438-3737
1045 Fallriver Avenue,Seekonk,MA,02771,(508) 336-2550
1475 Newman Avenue,Seekonk,MA,02771,(508) 399-5624
545 Lincoln Street,Worcester,MA,01605,(508) 853-8791
100 Worcester Street,Grafton,MA,01519,(508) 887-9500
605 Metacom Avenue,Bristol,RI,02809,(401) 254-2525
940 West Boylston Street,Worcester,MA,01605,(508) 852-0505
829 Worcester Street,Natick,MA,01760,(508) 650-4050
100 State Route 36,Keyport,NJ,07735,(732) 203-2233
850 State Route 35,Middletown,NJ,07748,(732) 957-0088
647 Route 18 South,East Brunswick,NJ,08816,(732) 967-9410
4343 Amboy Road,Staten Island,NY,10312,(718) 608-8950
404 Springfield Avenue,Berkeley Heights,NJ,07922,(908) 464-8997
1511 US Highway 22 West,Watchung,NJ,07069,(908) 754-6691
133 Main Street,Madison,NJ,07940,(973) 593-8484
120 Orlando Drive,Raritan,NJ,08869,(908) 685-1204
1351 Forest Ave,Staten Island,NY,10302,(718) 981-1900
1441 Richmond Ave,Staten Island,NY,10314,(718) 698-1138
801 Newark Avenue,Elizabeth,NJ,07208,(908) 436-1344
232 Central Avenue,Jersey City,NJ,07306,(201) 653-6508
219 Elm Street,Westfield,NJ,07090,(908) 232-1292
553 South Finley Avenue,Basking Ridge,NJ,07920,(908) 221-9400
425 Lewandowski Street,Lyndhurst,NJ,07071,(201) 438-1747
160 Kingsland Road,Clifton,NJ,07014,(973) 779-6697
1189 Broad Street,Clifton,NJ,07013,(973) 365-8040
407 Valley Street,South Orange,NJ,07079,(973) 762-6608
2360 Lakewood Road,Toms River,NJ,08755,(732) 942-9860
3208 Bridge Ave,Point Pleasant,NJ,08742,(732) 892-0808
353 Route 37 East,Toms River,NJ,08753,(732) 341-1327
505 Richmond Avenue,Point Pleasant Beach,NJ,08742,(732) 899-8485
380 W Pleasantview Avenue,Hackensack,NJ,07601,(201) 342-6030
20 Washington Avenue,Dumont,NJ,07628,(201) 385-3652
34 West Railroad Avenue,Tenafly,NJ,07670,(201) 894-5111
600 Kinderkamack Road,Emerson,NJ,07630,(201) 262-1834
170 NY-303,Orangeburg,NY,10962,(845) 359-0673
3333 Route 27,Franklin Park,NJ,08823,(732) 422-4420
1600 Perrineville Road,Monroe Township,NJ,08831,(609) 655-8900
1221 State Route 27,Somerset,NJ,08873,(732) 214-1127
400 Demarest Ave,Closter,NJ,07624,(201) 784-7180
665 American Legion Drive,Teaneck,NJ,07666,(201) 287-9400
424 Raritan Avenue,Highland Park,NJ,08904,(732) 572-4155
1049 US Highway 1 South,Edison,NJ,08837,(732) 906-5600
24 Summerfield Boulevard,Dayton,NJ,08810,(732) 329-0398
1083 Inman Avenue,Edison,NJ,08820,(908) 769-6173
1201 Stuyvesant Avenue,Union,NJ,07083,(908) 729-9030
1 Lefante Way,Bayonne,NJ,07002,(201) 823-9292
859 South State Route 17,Paramus,NJ,07652,(201) 652-9830
175 Franklin Avenue,Ridgewood,NJ,07450,(201) 444-6222
800 F Denow Road,Pennington,NJ,08534,(609) 737-9327
1278 US Highway 22,Phillipsburg,NJ,08865,(908) 859-8220
337 Franklin Avenue,Wyckoff,NJ,07481,(201) 848-1046
1220 Hamburg Turnpike,Wayne,NJ,07470,(973) 305-1333
4 Union Avenue,Haskell,NJ,07420,(973) 616-1181
130 Skyline Drive,Ringwood,NJ,07456,(973) 962-0043
940 Easton Avenue,Somerset,NJ,08873,(732) 828-0139
2275 West County Line Road,Jackson,NJ,08527,(732) 905-3300
4861 US Highway 9,Howell,NJ,07731,(732) 901-9200
1129 Route 34,Aberdeen,NJ,07747,(732) 290-7544
625 Paterson Avenue,Carlstadt,NJ,07072,(201) 842-9993
25 Kinnelon Road,Kinnelon,NJ,07405,(973) 838-8210
500 Rte 23 North,Pompton Plains,NJ,07444,(973) 839-5510
816 Franklin Avenue,Franklin Lakes,NJ,07417,(201) 891-9300
581 Stelton Road,Piscataway,NJ,08854,(732) 968-5100
55 Brick Boulevard,Brick,NJ,08723,(732) 255-9879
160 Village Center Drive,Freehold,NJ,07728,(732) 308-1666
625 Atlantic Ave,Brooklyn,NY,11217,(718) 399-6161
34-51 48th Street,Long Island City,NY,11104,(718) 728-7724
116 Route 35,Neptune City,NJ,07753,(732) 776-9564
8 Franklin Street,Bloomfield,NJ,07003,(973) 743-6413
245 Littleton Road,Morris Plains,NJ,07950,(973) 683-0100
150 West End Court,Long Branch,NJ,07740,(732) 229-9411
875 Bloomfield Avenue West,West Caldwell,NJ,07006,(973) 227-0319
334 State Route 31,Flemington,NJ,08822,(908) 782-8700
5716 Broadway,Bronx,NY,10463,(718) 548-3344
575 West Montauk Highway,West Babylon,NY,11704,(631) 321-9046
365 Rt 109,West Babylon,NY,11704,(631) 587-9452
4055 Merrick Road,Seaford,NY,11783,(516) 826-4090
702 Hickville Road,Massapequa,NY,11758,(516) 809-8636
112-15 Beach Channel Drive,Rockaway Park,NY,11694,(718) 945-4894
253-01 Rockaway Blvd,Woodmere,NY,11422,(516) 374-0512
156-01 Cross Bay Blvd,Howard Beach,NY,11414,(718) 738-6875
134-40 Springfield Blvd,Springfield Gardens,NY,11413,(718) 525-0600
3577 Long Beach Road,Oceanside,NY,11572,(516) 678-0720
465 Atlantic Avenue,Oceanside,NY,11572,(516) 594-1019
2160 South Merrick Mall,Merrick,NY,11566,(516) 867-9892
85 East Park Ave,Long Beach,NY,11561,(516) 432-9077
1001 US Route 6,Mahopac,NY,10541,(914) 483-4188
1831 East Main Street,Peekskill,NY,10566,(914) 739-3356
195 N Bedford Street,Mount Kisco,NY,10549,(914) 241-1494
2650 Sunrise Highway,East Islip,NY,11730,(631) 859-5090
400 Union Blvd,West Islip,NY,11795,(631) 661-8230
421 Commack Road,Deer Park,NY,11729,(631) 274-0931
1730 Veterans Memorial Highway,Islandia,NY,11749,(631) 348-2556
24926 Northern Boulevard,Little Neck,NY,11362,(718) 423-5601
3106 Farrington Street,Flushing,NY,11354,(718) 886-4488
653 Hillside Avenue,New Hyde Park,NY,11040,(516) 616-9170
65 Shore Road,Port Washington,NY,11050,(516) 767-6910
1720 Eastchester Rd,Bronx,NY,10461,(718) 823-6068
2136 Bartow Ave,Bronx,NY,10475,(718) 320-2902
691 Co Op City Boulevard,Bronx,NY,10475,(718) 862-2809
961 East 174th Street,Bronx,NY,10460,(718) 860-3139
1009 Flatbush Avenue,Brooklyn,NY,11226,(718) 469-1300
1710 Avenue Y,Brooklyn,NY,11235,(718) 648-0202
2965 Cropsey Ave,Brooklyn,NY,11214,(718) 266-2705
132 Fulton Avenue,Hempstead,NY,11550,(516) 539-1994
50 Cherry Valley Road,West Hempstead,NY,11552,(516) 539-7860
530 West Old Country Road,Hicksville,NY,11801,(516) 937-7060
2525 Hempstead Turnpike,East Meadow,NY,11554,(516) 796-5547
2350 North Ocean Avenue,Farmingville,NY,11738,(631) 732-6757
700-60 Patchogue Yaphank,Medford,NY,11763,(631) 345-0250
385 Route 25A,Miller Place,NY,11764,(631) 642-1211
260 Pond Path,South Setauket,NY,11720,(631) 585-4585
533 Montauk Hwy,Bay Shore,NY,11706,(631) 665-5625
3126 Jericho Turnpike,East Northport,NY,11731,(631) 462-5555
610 White Plains Rd,Tarrytown,NY,10591,(914) 631-8566
420 White Plains Road,Eastchester,NY,10709,(914) 337-6670
167 Main Street,Southampton,NY,11968,(631) 283-0045
194 West Montauk Highway,Hampton Bays,NY,11946,(631) 728-2020
3750 Hempstead Turnpike,Levittown,NY,11756,(516) 796-0300
2450 Jerusalem Avenue,North Bellmore,NY,11710,(516) 826-0880
95 Old Country Road,Carle Place,NY,11514,(516) 739-1535
1100 Jericho Turnpike,Huntington,NY,11743,(631) 547-6970
454 Fort Salonga Road,Northport,NY,11768,(631) 757-4394
291 West Main Street,Smithtown,NY,11787,(631) 366-0038
111 Vredenburgh Avenue,Yonkers,NY,10704,(914) 378-9312
2425 Palmer Avenue,New Rochelle,NY,10801,(914) 632-7084
28 Harrison Street,New Rochelle,NY,10801,(914) 637-2510
1326 W Boston Post Road,Mamaroneck,NY,10543,(914) 834-9560
351 Merrick Road,Amityville,NY,11701,(631) 691-0304
294 Middle Country Road,Coram,NY,11727,(631) 736-4772
425 Portion Road,Lake Ronkonkoma,NY,11779,(631) 737-1576
57-01 Sunrise Highway,Holbrook,NY,11741,(631) 218-8626
21315 26th Ave,Bayside,NY,11360,(718) 279-3188
74-17 Grand Avenue,Maspeth,NY,11378,(718) 803-0863
8989 Union Turnpike,Glendale,NY,11385,(718) 846-2310
130 Wheatley Plaza,Greenvale,NY,11548,(516) 484-1391
295 Pine Hollow Road,Oyster Bay,NY,11771,(516) 922-0800
64-66 Myrtle Avenue,Glendale,NY,11385,(718) 381-5136
177 Forest Avenue,Glen Cove,NY,11542,(516) 759-1440
1615 Old Country Road,Riverhead,NY,11901,(631) 727-6751
999 Montauk Hwy,Shirley,NY,11967,(631) 281-3610
67 Newtown Lane,East Hampton,NY,11937,(631) 324-6215
460 Franklin Ave,Franklin Square,NY,11010,(516) 352-5332
191 Montauk Highway,Sayville,NY,11782,(631) 589-9677
59 Burnett Boulevard,Poughkeepsie,NY,12603,(845) 471-2313
2540 South Road,Poughkeepsie,NY,12601,(845) 483-9000
3999 Albany Post Road,Hyde Park,NY,12538,(845) 229-9615
92-10 Atlantic Ave,Ozone Park,NY,11416,(718) 835-7900
60 Wall Street,Huntington,NY,11743,(631) 351-8356
1328 Beekman Road,Hopewell Junction,NY,12533,(845) 227-3163
1429 Route 300,Newburgh,NY,12550,(845) 566-4214
55 Motor Avenue,Farmingdale,NY,11735,(631) 756-5130
905 Atlantic Ave,Baldwin,NY,11510,(516) 867-7301
80 US-6,Baldwin Place,NY,10505,(914) 628-5602
240 East Sandford Boulevard,Mount Vernon,NY,10550,(914) 663-8752
245 Route 25A,Rocky Point,NY,11778,(631) 228-3089
158 Route 25A,Setauket,NY,11733,(631) 751-1526
60 Brotherhood Plaza Drive,Washingtonville,NY,10992,(845) 496-8656
1581 Route 202,Pomona,NY,10970,(845) 354-9673
7 Samsondale Plaza,West Haverstraw,NY,10993,(845) 947-2153
246 South Highland Ave,Ossining,NY,10562,(914) 923-6550
670 North Broadway,White Plains,NY,10603,(914) 682-3279
320 Route 59,West Nyack,NY,10994,(845) 358-9680
180 North Main Street,New City,NY,10956,(845) 634-2687
32 South Middletown Road,Nanuet,NY,10954,(845) 624-1514
475 State Route 17M,Monroe,NY,10950,(845) 774-8448
390 Broadway,Dobbs Ferry,NY,10522,(914) 693-9274
8101 Jericho Turnpike,Woodbury,NY,11797,(516) 692-8292
154 Westchester Avenue,White Plains,NY,10604,(914) 997-0715
70-20 Rockaway Beach Blvd,Arverne,NY,11692,(718) 318-6281
2754 Hylan Boulevard,Staten Island,NY,10306,(718) 980-0892
2795 Richmond Avenue,Staten Island,NY,10314,(718) 761-4856
815 Grand Army Highway,Somerset,MA,02725,(508) 679-1373
2470 Warwick Avenue,Warwick,RI,02889,(401) 732-4616
300 Quaker Lane,Warwick,RI,02886,(401) 828-9360
575 Greenwich Avenue,Warwick,RI,02888,(401) 739-1696
90 Frenchtown Road,North Kingstown,RI,02852,(401) 884-9400
1300 Ten Rod Road,North Kingstown,RI,02852,(401) 268-3808
200 Atwood Avenue,Cranston,RI,02910,(401) 944-6300
204 Garfield Avenue,Cranston,RI,02920,(401) 943-7601
275 Warwick Avenue,Cranston,RI,02905,(401) 941-6100
368-398 Cottage Street,Pawtucket,RI,02860,(401) 721-9821
1128 Mineral Spring Avenue,North Providence,RI,02908,(401) 727-3400
165 Pitman Street,Providence,RI,02906,(401) 831-7771
333 West River Street,Providence,RI,02904,(401) 861-9300
850 Manton Avenue,Providence,RI,02909,(401) 453-3899
199 Connell Highway,Newport,RI,02840,(401) 845-2220
250 Bellevue Avenue,Newport,RI,02840,(401) 848-7200
66 Point Judith Rd,Narragansett,RI,02882,(401) 783-9614
