store_id,address,city,state,zip_code,phone_number
1,"205 Summit Blvd, Suite 100",Birmingham,AL,35243,205-969-7801
2,11500 Financial Centre Pky,Little Rock,AR,72211,501-954-7659
3,1779 E. Williams Field Rd.,Gilbert,AZ,85295,480-857-9878
4,7720 West Bell Rd,Glendale,AZ,85308,623-776-7414
5,2050 E Baseline Rd,Mesa,AZ,85204,480-632-0951
6,7912 N Oracle,Oro Valley,AZ,85704,520-797-4207
7,4025 E Chandler Blvd,Phoenix,AZ,85048,480-759-2295
8,4726 East Shea Blvd,Phoenix,AZ,85028,602-485-7788
9,4821 N 20th St,Phoenix,AZ,85016,602-912-9022
10,252 N Lee Blvd,Prescott,AZ,86303,928-443-9075
11,21186 S. Ellsworth Loop Rd,Queen Creek,AZ,85142,480-877-7213
12,7555 E Frank Lloyd Wright,Scottsdale,AZ,85260,480-367-8920
13,6202 N Scottsdale Rd,Scottsdale,AZ,85253,480-948-9886
14,14095 W Grand Ave,Surprise,AZ,85374,623-546-1640
15,940 E. University Drive,Tempe,AZ,85281,480-303-9974
16,6460 S McClintock Dr,Tempe,AZ,85283,480-838-4142
17,1101 N Wilmot Rd,Tucson,AZ,85712,520-733-1313
18,4209 N Campbell Ave,Tucson,AZ,85719,520-325-0069
19,4766 E Grant Rd,Tucson,AZ,85712,520-323-4500
20,28941 Canwood St,Agoura Hills,CA,91301,818-865-8217
21,2217 South Shore Center,Alameda,CA,94501,510-769-5450
22,26541 Aliso Creek Rd,Aliso Viejo,CA,92656,949-643-5531
23,955 Rancho Pkwy,Arroyo Grande,CA,93420,805-474-6114
24,8200 Stockdale Hwy,Bakersfield,CA,93311,661-837-8863
25,1885 University Ave,Berkeley,CA,94703,510-204-9074
26,2500 E Imperial Hwy,Brea,CA,92821,714-257-1180
27,5451 Lone Tree Way,Brentwood,CA,94513,925-516-3044
28,214 E Alameda Ave,Burbank,CA,91502,818-848-4299
29,23741 Calabasas Rd.,Calabasas,CA,91302,818-591-6758
30,363 Carmen Dr,Camarillo,CA,93010,805-388-1925
31,1875 Bascom Ave,Campbell,CA,95008,408-369-7823
32,3555 Clares St #D,Capitola,CA,95010,831-464-0115
33,2629 Gateway Rd,Carlsbad,CA,92009,760-603-8473
34,22224 Redwood Rd,Castro Valley,CA,94546,510-538-2738
35,67720 E Palm Canyon Dr,Cathedral City,CA,92234,760-202-0090
36,12861 Towne Center Dr,Cerritos,CA,90703,562-402-5148
37,10330 Mason Ave,Chatsworth,CA,91311,818-341-3010
38,801 East Ave,Chico,CA,95926,530-343-9920
39,13911 Peyton Drive,Chino Hills,CA,91709,909-627-1404
40,878 Eastlake Pkwy,Chula Vista,CA,91914,619-656-5370
41,475 W Foothill Blvd,Claremont,CA,91711,909-625-8784
42,1077 N Willow Ave,Clovis,CA,93611,559-325-3120
43,1150 Concord Ave,Concord,CA,94520,925-689-2990
44,785 Oak Grove Rd,Concord,CA,94518,925-521-1134
45,2790 Cabot Dr,Corona,CA,92883,951-603-0299
46,640 W 17th St,Costa Mesa,CA,92627,949-642-5134
47,6150 Slauson Ave,Culver City,CA,90230,310-313-0441
48,9290 Culver Blvd,Culver City,CA,90232,310-202-1108
49,417 Westlake Center,Daly City,CA,94015,650-755-3825
50,85 Railroad Ave,Danville,CA,94526,925-838-5757
51,885 Russell Blvd,Davis,CA,95616,530-757-2693
52,1566 Colorado Blvd,Eagle Rock,CA,90041,323-257-6422
53,225 El Cerrito Plaza,El Cerrito,CA,94530,510-524-7609
54,9670 Bruceville Road,Elk Grove,CA,95757,916-686-9980
55,5700 Christie Ave,Emeryville,CA,94608,510-658-8091
56,115 N El Camino Real,Encinitas,CA,92024,760-634-2114
57,17640 Burbank Blvd,Encino,CA,91316,818-990-7751
58,1885 S Centre City Pkwy,Escondido,CA,92025,760-233-4020
59,1350 Gateway Blvd,Fairfield,CA,94533,707-434-0144
60,5309 Sunrise Blvd,Fair Oaks,CA,95628,916-863-1744
61,850 East Bidwell,Folsom,CA,95630,916-817-8820
62,39324 Argonaut Way,Fremont,CA,94538,510-794-1386
63,8478 N. Friant Road,Fresno,CA,93720,559-433-6478
64,103 E Glenoaks Blvd,Glendale,CA,91207,818-507-8192
65,5767 Calle Real,Goleta,CA,93117,805-692-2234
66,11114 Balboa Blvd,Granada Hills,CA,91344,818-368-6461
67,2052 Redwood Hwy,Greenbrae,CA,94904,415-945-7955
68,1100 Pacific Coast Hwy,Hermosa Beach,CA,90254,310-318-1767
69,18681 Main St,Huntington Beach,CA,92648,714-848-9640
70,21431 Brookhurst St,Huntington Beach,CA,92646,714-968-4070
71,16821 Algonquin St,Huntington Beach,CA,92649,714-846-7307
72,4225 Campus Dr,Irvine,CA,92612,949-509-6138
73,14443 Culver Dr,Irvine,CA,92604,949-857-8108
74,6222 Irvine Blvd,Irvine,CA,92620,949-551-6402
75,475 Foothill Blvd,La Canada,CA,91011,818-790-6373
76,3649 Mt Diablo Blvd,Lafayette,CA,94549,925-299-9344
77,24231 Avenida De La Carlota,Laguna Hills,CA,92653,949-461-0927
78,32351 Street of the Golden Lantern,Laguna Niguel,CA,92677,949-493-8599
79,"2101 W. Imperial Hwy, Suite A",La Habra,CA,90631,562-266-1428
80,8657 Villa la Jolla Dr,La Jolla,CA,92037,858-546-8629
81,5495 Grossmont Center Dr,La Mesa,CA,91942,619-466-0105
82,46400 Washington St,La Quinta,CA,92253,760-777-1553
83,1122 A East Stanley Blvd,Livermore,CA,94550,925-243-1947
84,2222 North Bellflower Blvd,Long Beach,CA,90815,562-596-2514
85,4210 Long Beach Blvd,Long Beach,CA,90807,562-422-1020
86,6451 E Pacific Coast  Hwy,Long Beach,CA,90803,562-596-4388
87,2310 Homestead Rd,Los Altos,CA,94024,408-245-1917
88,1600 N Vine St,Los Angeles,CA,90028,323-856-0689
89,263 S La Brea Ave,Los Angeles,CA,90036,323-965-1989
90,175 South Fairfax Ave,Los Angeles,CA,90036,323-931-4012
91,8500 Burton Way,Los Angeles,CA,90048,310-248-2984
92,11755 Olympic Blvd,Los Angeles,CA,90064,310-477-5949
93,2738 Hyperion Ave,Los Angeles,CA,90027,323-665-6774
94,8000 W Sunset Blvd,Los Angeles,CA,90046,323-822-7663
95,3131 S Hoover Street,Los Angeles,CA,90089,213-749-1497
96,10850 National Blvd,Los Angeles,CA,90064,310-470-1917
97,3456 S Sepulveda Blvd,Los Angeles,CA,90034,310-836-2458
98,1000 Glendon Ave,Los Angeles,CA,90024,310-824-1495
99,15466 Los Gatos Blvd,Los Gatos,CA,95032,408-356-2324
100,1821 Manhattan Beach Blvd,Manhattan Bch.,CA,90266,310-372-1274
101,1800 Rosecrans Blvd,Manhattan Beach,CA,90266,310-725-9800
102,4675 Admiralty Way,Marina Del Rey,CA,90292,310-301-4461
103,720 Menlo Ave,Menlo Park,CA,94025,650-323-2134
104,765 Broadway,Millbrae,CA,94030,650-259-9142
105,1306 Great Mall Pkwy,Milpitas,CA,95035,408-942-6957
106,25410 Marguerite Pkwy,Mission Viejo,CA,92692,949-581-5638
107,3250 Dale Road,Modesto,CA,95356,209-491-0445
108,604 W Huntington Dr,Monrovia,CA,91016,626-358-8884
109,570 Munras Ave,Monterey,CA,93940,831-372-2010
110,2462 Honolulu Ave,Montrose,CA,91020,818-957-3613
111,17035 Laurel Rd,Morgan Hill,CA,95037,408-778-6409
112,590 Showers Dr,Mountain View,CA,94040,650-917-1013
113,3654 Bel Aire Plaza,Napa,CA,94558,707-256-0806
114,8086 E Pacific Coast Hwy,Newport Beach,CA,92657,949-494-7404
115,6130 Laurel Canyon Bl,North Hollywood,CA,91606,818-762-2963
116,7514 Redwood Blvd,Novato,CA,94945,415-898-9359
117,3250 Lakeshore Ave,Oakland,CA,94610,510-238-9076
118,5727 College Ave,Oakland,CA,94618,510-923-9428
119,2570 Vista Way,Oceanside,CA,92054,760-433-9994
120,2114 N Tustin St,Orange,CA,92865,714-283-5697
121,1170 Forest Ave,Pacific Grove,CA,93950,831-656-0180
122,39507 10th St W,Palmdale,CA,93551,661-947-2890
123,44250 Town Center Way,Palm Desert,CA,92260,760-340-2291
124,855 El Camino Real,Palo Alto,CA,94301,650-327-7018
125,467 N Rosemead Blvd,Pasadena,CA,91107,626-351-3399
126,610 S Arroyo Pkwy,Pasadena,CA,91105,626-568-9254
127,3035 E Huntington Dr,Pasadena,CA,91107,626-356-2963
128,345 S Lake Ave,Pasadena,CA,91101,626-395-9553
129,169 N McDowell Blvd,Petaluma,CA,94954,707-769-2782
130,2742 Pinole Valley Rd,Pinole,CA,94564,510-222-3501
131,3903 Santa Rita Road,Pleasanton,CA,94588,925-468-0763
132,6401 Haven Ave,Rancho Cucamonga,CA,91737,909-476-1410
133,31176 Hawthorne Blvd,Rancho Palos Verdes,CA,90275,310-544-1727
134,28901 S Western Ave,Rancho Palos Verdes,CA,90275,310-832-1241
135,30652 Santa Margarita Pkwy,Rancho Santa Margarita,CA,92688,949-888-3640
136,845 Browning St,Redding,CA,96003,530-223-4875
137,552 Orange St,Redlands,CA,92374,909-798-3888
138,1761 S Elena Ave,Redondo Bch.,CA,90277,310-316-1745
139,6225 Riverside Plaza,Riverside,CA,92506,951-781-2378
140,1117 Roseville Square,Roseville,CA,95678,916-784-9084
141,5000 Folsom Blvd,Sacramento,CA,95819,916-456-1853
142,2625 Marconi Ave,Sacramento,CA,95821,916-481-8797
143,1482 El Camino Real,San Carlos,CA,94070,650-594-2138
144,638 Camino de Los Mares,San Clemente,CA,92673,949-240-9996
145,13480 Highlands Place,San Diego,CA,92130,858-755-7130
146,1072 Camino Del Rio North,San Diego,CA,92108,619-297-0749
147,11955 Carmel Mountain Rd,San Diego,CA,92128,858-673-0526
148,1090 University Avenue,San Diego,CA,92103,619-296-3122
149,1640 Garnet Ave,San Diego,CA,92109,858-581-9101
150,2401 Truxtun Rd,San Diego,CA,92106,619-758-9272
151,5140 College Ave,San Diego,CA,92115,619-229-9092
152,9850 Hibert St,San Diego,CA,92131,858-549-9185
153,856 W Arrow Hwy,San Dimas,CA,91773,909-305-4757
154,3 Masonic Ave,San Francisco,CA,94118,415-346-9964
155,555 9th St,San Francisco,CA,94103,415-863-1292
156,1095 Hyde St,San Francisco,CA,94109,415-292-7665
157,401 Bay St,San Francisco,CA,94133,415-351-1013
158,10 4th Street,San Francisco,CA,94103,415-536-7801
159,265 Winston Dr,San Francisco,CA,94132,415-665-1835
160,7250 Bollinger Rd,San Jose,CA,95129,408-873-7384
161,635 Coleman Ave,San Jose,CA,95110,408-298-9731
162,5353 Almaden Expressway #J-38,San Jose,CA,95118,408-264-8120
163,5269 Prospect,San Jose,CA,95129,408-446-5055
164,32151 Camino Capistrano,San Juan Capistrano,CA,92675,949-496-4150
165,3977 Higuera Street,San Luis Obispo,CA,93401,805-783-2780
166,1820-22 S Grant Street,San Mateo,CA,94402,650-570-6140
167,45 W Hillsdale Blvd,San Mateo,CA,94403,650-286-1509
168,337 3rd St,San Rafael,CA,94901,415-454-9530
169,300 Market Place,San Ramon,CA,94583,925-275-8140
170,3329 S Bristol St,Santa Ana,CA,92704,714-424-9304
171,3025 De La Vina St,Santa Barbara,CA,93105,805-563-7383
172,222 North Milpas Street,Santa Barbara,CA,93103,805-560-1182
173,26517 Bouquet Canyon Rd,Santa Clarita,CA,91350,661-263-3796
174,700 Front St,Santa Cruz,CA,95060,831-425-0140
175,1303 S Bradley Rd,Santa Maria,CA,93454,805-925-1657
176,3212 Pico Blvd,Santa Monica,CA,90405,310-581-0253
177,2300 Wilshire Blvd #101,Santa Monica,CA,90403,310-264-2223
178,2100 Santa Rosa Ave,Santa Rosa,CA,95407,707-535-0788
179,3225 Cleveland Ave,Santa Rosa,CA,95403,707-525-1406
180,14119 Riverside Dr,Sherman Oaks,CA,91423,818-789-2771
181,2975-A Cochran St,Simi Valley,CA,93065,805-520-3135
182,301 MC Lellan Dr,South San Francisco,CA,94080,650-583-6401
183,613 Mission St,S. Pasadena,CA,91030,626-441-6263
184,6535 Pacific Ave,Stockton,CA,95207,209-951-7597
185,11976 Ventura Blvd,Studio City,CA,91604,818-509-0168
186,316 West El Camino Real,Sunnyvale,CA,94087,408-736-7573
187,40665 Winchester Rd,Temecula,CA,92591,951-296-9964
188,1111 Rossi Road,Templeton,CA,93465,805-434-9562
189,125 N Reino Road,Thousand Oaks,CA,91320,805-375-1984
190,451 Avenida De Los Arboles,Thousand Oaks,CA,91360,805-492-7107
191,10130 Riverside Dr,Toluca Lake,CA,91602,818-762-2787
192,19720 Hawthorne Blvd,Torrance,CA,90503,310-793-8585
193,2545 Pacific Coast Hwy,Torrance,CA,90505,310-326-9520
194,1198 Irvine Blvd.,Tustin,CA,92780,714-505-3289
195,1795 S. Victoria Ave,Ventura,CA,93003,805-650-9977
196,103 S Mills Rd,Ventura,CA,93003,805-658-2664
197,1372 S California Blvd,Walnut Creek,CA,94596,925-945-1674
198,8645 S Sepulveda,Westchester,CA,90045,310-338-9238
199,6751 Fallbrook Ave,West Hills,CA,91307,818-347-2591
200,8611 Santa Monica Blvd,West Hollywood,CA,90069,310-657-0152
201,7310 Santa Monica Blvd,West Hollywood,CA,90046,323-969-8048
202,3835 E Thousand Oaks Blvd,Westlake Village,CA,91362,805-494-5040
203,15025 E Whittier Blvd,Whittier,CA,90603,562-698-1642
204,21055 Ventura Blvd,Woodland Hills,CA,91364,818-712-9475
205,19655 Yorba Linda Blvd,Yorba Linda,CA,92886,714-970-0116
206,1906 28th St,Boulder,CO,80301,303-443-0160
207,5342 N Nevada Ave,Colorado Springs,CO,80918,719-264-0123
208,661 Logan Street,Denver,CO,80203,303-318-7112
209,750 N Colorado Blvd,Denver,CO,80206,303-321-1003
210,790 N Colorado Blvd,Denver,CO,80206,303-321-3245
211,"3500 S College Ave, Ste 110",Fort Collins,CO,80525,970-223-3560
212,"5910 S University Blvd, Suite E1",Greenwood Village,CO,80121,303-730-3848
213,8055 West Bowles Ave,Littleton,CO,80123,720-981-4563
214,113 Mill Plain Rd,Danbury,CT,06811,203-739-0098
215,436 Boston Post Rd,Darien,CT,06820,203-656-1414
216,2258 Black Rock Turnpike,Fairfield,CT,06825,203-330-8301
217,1510 Pleasant Valley Road,Manchester,CT,06042,860-644-3182
218,560 Boston Post Rd,Orange,CT,06477,203-795-5505
219,1041 High Ridge Rd,Stamford,CT,06905,203-321-8440
220,1489 New Britain Ave,West Hartford,CT,06110,860-561-4771
221,400 Post Road E,Westport,CT,06880,203-226-8966
222,2101 Wisconsin Ave NW Suite A,Washington,DC,20007,202-944-8403
223,1914 14th St NW,Washington,DC,20009,202-986-1591
224,1101 25th Street NW,Washington,DC,20037,202-296-1921
225,750 Pennsylvania Ave SE,Washington,DC,20003,202-698-0190
226,350 Florida Ave. NE,Washington,DC,20002,202-608-1023
227,5605 Concord Pike,Wilmington,DE,19803,302-478-8494
228,855 S Federal Hwy,Boca Raton,FL,33432,561-338-5031
229,2796 N. University Drive,Coral Springs,FL,33065,954-227-3407
230,2296 S University Dr,Davie,FL,33324,954-512-2968
231,1851 S Federal Highway #500,Delray Beach,FL,33483,561-278-1493
232,1560 N Federal Hwy,Fort Lauderdale,FL,33304,954-537-3585
233,3724 SW Archer Rd,Gainesville,FL,32608,352-378-9321
234,11112 San Jose Blvd,Jacksonville,FL,32223,904-880-0582
235,4180 S 3rd St,Jacksonville Beach,FL,32250,904-241-1770
236,9205 S Dixie Hwy,Miami,FL,33156,305-661-1432
237,1683 West Ave,Miami Beach,FL,33139,305-534-4951
238,10600 Tamiami Trail N,Naples,FL,34108,239-596-5631
239,8323 Sand Lake Rd,Orlando,FL,32819,407-345-0611
240,2560 PGA Blvd,Palm Beach Gardens,FL,33410,561-514-6455
241,11960 Pines Blvd,Pembroke Pines,FL,33026,954-432-0405
242,4101 S Tamiami Trail,Sarasota,FL,34231,941-922-5727
243,2742 4th St N,St. Petersburg,FL,33704,727-824-0907
244,3425 Thomasville Rd,Tallahassee,FL,32309,850-894-2538
245,3808 W Swann Ave,Tampa,FL,33609,813-872-6846
246,2877 South State Rd 7,Wellington,FL,33414,561-656-1067
247,131 Orlando Ave.,Winter Park,FL,32789,407-622-0874
248,1850 Epps Bridge Pkwy,Athens,GA,30606,706-583-8934
249,931 Monroe Dr,Atlanta,GA,30308,404-815-9210
250,3183 Peachtree Rd,Atlanta,GA,30305,404-842-0907
251,4250 Roswell Road NE,Marietta,GA,30062,678-560-3585
252,5185 Peachtree Pkwy,Norcross,GA,30092,678-966-9236
253,635 W Crossville Rd,Roswell,GA,30075,770-645-8505
254,6277 Roswell Road NE,Sandy Springs,GA,30328,404-236-2414
255,920 Ponseti Way,Coralville,IA,52241,319-351-7223
256,6305 Mills Civic Pkwy,West Des Moines,IA,50266,515-225-3820
257,300 S Capitol Blvd,Boise,ID,83702,208-336-7282
258,2986 N. Eagle RD.,Meridian,ID,83648,208-506-2978
259,1800 S Randall Rd,Algonquin,IL,60102,847-854-4886
260,17 W Rand Rd,Arlington Heights,IL,60004,847-506-0752
261,1942 W Fabyan Pkwy,Batavia,IL,60510,630-879-3234
262,3745 N Lincoln Ave,Chicago,IL,60613,773-248-4920
263,667 W Diversey Pkwy,Chicago,IL,60614,773-935-7255
264,1840 N Clybourn Ave,Chicago,IL,60614,312-274-9733
265,44 E Ontario St,Chicago,IL,60611,312-951-6369
266,1147 S Wabash Ave,Chicago,IL,60605,312-588-0489
267,1528 E 55th Street,Chicago,IL,60615,773-363-8831
268,122 Ogden Ave,Downers Grove,IL,60515,630-241-1662
269,1211 Chicago Avenue,Evanston,IL,60202,847-733-0690
270,680 Roosevelt Rd,Glen Ellyn,IL,60137,630-858-5077
271,1407 Waukegan Rd,Glenview,IL,60025,847-657-7821
272,25 N La Grange Rd,La Grange,IL,60525,708-579-0838
273,735 W Route 22,Lake Zurich,IL,60047,847-550-7827
274,1600 S Milwaukee Ave,Libertyville,IL,60048,847-680-1739
275,44 W Gartner Rd,Naperville,IL,60540,630-355-4389
276,127 Skokie Blvd,Northbrook,IL,60062,847-480-9280
277,483 N Harlem Ave,Oak Park,IL,60301,708-386-1169
278,14924 S La Grange Rd,Orland Park,IL,60462,708-349-9021
279,190 N NW Highway,Park Ridge,IL,60068,847-292-1108
280,1426 E Golf Rd,Schaumburg,IL,60173,847-619-0095
281,4110 W. Jefferson Blvd.,Fort Wayne,IN,46804,260-432-5828
282,5473 E 82nd St,Indianapolis,IN,46250,317-595-8950
283,2902 W 86th St,Indianapolis,IN,46268,317-337-1880
284,4201 W 119th St,Leawood,KS,66209,913-327-7209
285,1800 N. Rock Road,Wichita,KS,67206,316-634-1846
286,2326 Nicholasville Rd,Lexington,KY,40503,859-313-5030
287,2320 Nicholasville Road,Lexington,KY,40503,859-277-0144
288,4600 Shelbyville Rd Ste 111,Louisville,KY,40207,502-895-1361
289,4600 Shelbyville Rd Ste 112,Louisville,KY,40207,502-895-7872
290,3535 Perkins Rd,Baton Rouge,LA,70808,225-382-0588
291,2949 Veterans Blvd,Metairie,LA,70002,504-831-0253
292,145 Great Rd,Acton,MA,01720,978-266-8908
293,199 North Harvard Street,Allston,MA,02134,617-787-1238
294,1427 Massachusetts Ave,Arlington,MA,02476,781-646-9138
295,899 Boylston St,Boston,MA,02115,617-262-6505
296,44 Thomson Place,Boston,MA,02210,617-941-3714
297,1317 Beacon St,Brookline,MA,02446,617-278-9997
298,51 Middlesex Turnpike,Burlington,MA,01803,781-273-2310
299,748 Memorial Dr,Cambridge,MA,02139,617-491-8582
300,211 Alewife Brook Pkwy,Cambridge,MA,02138,617-498-3201
301,350 Patriot Place,Foxborough,MA,02035,508-543-1978
302,659 Worcester Rd,Framingham,MA,01701,508-935-2931
303,375 Russell St,Hadley,MA,01035,413-587-3260
304,1775 Washington St,Hanover,MA,02339,781-826-5389
305,5 Essington Drive,Hingham,MA,02043,781-740-2038
306,655 Iyannough Road Rt 132,Hyannis,MA,02601,508-790-3008
307,958 Highland Ave,Needham,MA,02494,781-449-6993
308,300 Andover St,Peabody,MA,01960,978-977-5316
309,358 Broadway,Saugus,MA,01906,781-231-0848
310,77 Boston Turnpike,Shrewsbury,MA,01545,508-755-9560
311,145 Middlesex Ave,Somerville,MA,02145,617-591-0124
312,1121 Washington St,West Newton,MA,02465,617-244-1620
313,160 F Jennifer Rd,Annapolis,MD,21401,410-573-0505
314,6831 Wisconsin Ave,Bethesda,MD,20815,301-907-0982
315,6610 Marie Curie Dr,Elkridge,MD,21075,410-953-8139
316,1809 Reisterstown Rd,Pikesville,MD,21208,410-484-8373
317,10076 Darnestown Rd,Rockville,MD,20850,301-762-0782
318,12268-H Rockville Pike,Rockville,MD,20852,301-468-6656
319,10741 Columbia Pike,Silver Spring,MD,20901,301-681-1675
320,800 Kenilworth Drive,Towson,MD,21204,410-321-0276
321,87 Marginal Way,Portland,ME,04101,207-699-3799
322,2398 East Stadium Blvd,Ann Arbor,MI,48104,734-975-2455
323,6536 Telegraph Rd,Bloomfield Hills,MI,48301,248-855-2283
324,17028 Kercheval Ave,Grosse Pointe,MI,48230,313-640-7794
325,5099 Century Ave,Kalamazoo,MI,49006,269-372-2049
326,3684 28th St SE,Kentwood,MI,49512,616-977-1819
327,18771 Traditions Drive,Northville,MI,48167,248-349-4909
328,3044 Walton Blvd,Rochester Hills,MI,48309,248-375-2190
329,27880 Woodward Ave,Royal Oak,MI,48067,248-582-9002
330,4270 W 78th St,Bloomington,MN,55435,952-835-8640
331,12105 Elm Creek Blvd N,Maple Grove,MN,55369,763-315-1739
332,721 Washington Ave S,Minneapolis,MN,55415,612-339-2110
333,11220 Wayzata Blvd,Minnetonka,MN,55305,952-417-9080
334,1200 16th St SW,Rochester,MN,55902,507-281-4411
335,1041 Red Fox Rd,Shoreview,MN,55126,651-765-1398
336,4500 Excelsior Blvd,St. Louis Park,MN,55416,952-285-1053
337,484 Lexington Pkwy S,St. Paul,MN,55105,651-698-3119
338,8960 Hudson Rd. Ste. 801,Woodbury,MN,55125,651-735-0269
339,48 Brentwood Promenade Court,Brentwood,MO,63144,314-963-0253
340,1679 Clarkson Rd,Chesterfield,MO,63017,636-536-7846
341,11505 Olive Blvd,Creve Coeur,MO,63141,314-569-0427
342,13343 Manchester Rd,Des Peres,MO,63131,314-984-5051
343,8600 Ward Pkwy,Kansas City,MO,64114,816-333-5322
344,120 Merrimon Ave,Asheville,NC,28801,828-232-5078
345,1393 Kildaire Farm Rd,Cary,NC,27511,919-465-5984
346,1800 E Franklin St,Chapel Hill,NC,27514,919-918-7871
347,1133 Metropolitan Ave,Charlotte,NC,28204,704-334-0737
348,1820 E Arbors Dr,Charlotte,NC,28262,704-688-9578
349,6418 Rea Rd,Charlotte,NC,28277,704-543-5249
350,3721 Battleground Ave.,Greensboro,NC,27410,336-286-7859
351,3000 Wake Forest Rd,Raleigh,NC,27609,919-981-7422
352,1437 S College Rd,Wilmington,NC,28403,910-395-5173
353,252 South Stratford Road,Winston Salem,NC,27103,336-721-1744
354,3120 Pine Lake Rd,Lincoln,NE,68516,402-328-0120
355,10305 Pacific St,Omaha,NE,68114,402-391-3698
356,2 Market Street,Bedford,NH,03110,603-222-3074
357,262 Daniel Webster HWY,Nashua,NH,03060,603-888-5460
358,45 Gosling Rd,Portsmouth,NH,03801,603-431-2654
359,110 Brick Plaza,Brick,NJ,08723,732-477-4781
360,315 Promenade Blvd,Bridgewater,NJ,08807,732-805-0268
361,775 Haddonfield Rd,Cherry Hill,NJ,08002,856-488-0801
362,259 Allwood Road,Clifton,NJ,07012,973-777-5020
363,3056 State Route 10 West,Denville,NJ,07834,973-537-3672
364,715 River Rd,Edgewater,NJ,07020,201-945-5932
365,176 Columbia Turnpike,Florham Park,NJ,07932,973-377-0679
366,4331 US 9 #3,Freehold,NJ,07728,732-462-1539
367,1350 Willow Ave.,Hoboken,NJ,07030,201-714-4790
368,300 P Route 73 S,Marlton,NJ,08053,856-988-3323
369,187 Millburn Ave,Millburn,NJ,07041,973-218-0912
370,869 US-1,North Brunswick,NJ,08902,732-993-1403
371,404 Rt 17 N,Paramus,NJ,07652,201-265-9624
372,3528 Brunswick Pike,Princeton,NJ,08540,609-897-0581
373,1031 Broad St,Shrewsbury,NJ,07702,732-389-2535
374,910 Hamburg Turnpike,Wayne,NJ,07470,973-872-4604
375,155 Elm St,Westfield,NJ,07090,908-301-0910
376,20 Irvington St,Westwood,NJ,07675,201-263-0134
377,8928 Holly Ave NE,Albuquerque,NM,87122,505-796-0311
378,2200 Uptown Loop NE,Albuquerque,NM,87110,505-883-3662
379,530 W Cordova Rd,Santa Fe,NM,87505,505-995-8145
380,3790 US Hwy 395 S,Carson City,NV,89705,775-267-2486
381,10345 S Eastern Ave,Henderson,NV,89052,702-407-8673
382,2716 N Green Valley Pkwy,Henderson,NV,89014,702-433-6773
383,5639 Centennial Ctr Blvd,Las Vegas,NV,89149,702-396-3372
384,2315 Summa Dr Ste 100,Las Vegas,NV,89135,702-242-0597
385,7575 W Washington,Las Vegas,NV,89128,702-242-8240
386,5035 S McCarran Blvd,Reno,NV,89502,775-826-1621
387,130 Court St,Brooklyn,NY,11201,718-246-8460
388,445 Gold St,Brooklyn,NY,11201,718-243-0107
389,1565 Niagara Falls Blvd,Buffalo,NY,14228,716-833-4687
390,79 Wolf Rd,Colonie,NY,12205,518-482-4538
391,5900 Jericho Turnpike,Commack,NY,11725,631-499-0898
392,910 Old Country Rd,Garden City,NY,11530,516-794-0174
393,215 N Central Ave,Hartsdale,NY,10530,914-997-1960
394,1280 West Broadway,Hewlett,NY,11557,516-569-7191
395,2085 Smith Haven Plaza,Lake Grove,NY,11755,631-366-2094
396,1260 Boston Post Rd,Larchmont,NY,10538,914-833-9110
397,1714 Merrick Rd,Merrick,NY,11566,516-771-1012
398,2073 Broadway,New York,NY,10023,212-799-0028
399,675 6th Ave,New York,NY,10010,212-255-2106
400,436 East 14th St,New York,NY,10009,212-777-9412
401,400 Grand St. (Cellar),New York,NY,10002,212-477-8340
402,200 E 32nd St,New York,NY,10016,212-889-3279
403,233 Spring Street,New York,NY,10013,212-691-2721
404,142 E 14th St,New York,NY,10003,212-529-4612
405,138 E 14th St,New York,NY,10003,212-529-6326
406,670 Columbus Ave,New York,NY,10025,212-678-1680
407,3418 Long Beach Rd,Oceanside,NY,11572,516-536-9163
408,425 S Oyster Bay Rd,Plainview,NY,11803,516-933-6900
409,9030 Metropolitan Ave,Rego Park,NY,11374,718-275-1791
410,3349 Monroe Ave,Rochester,NY,14618,585-248-5011
411,727 White Plains Rd,Scarsdale,NY,10583,914-472-2988
412,2385 Richmond Ave,Staten Island,NY,10314,718-370-1085
413,3422 Erie Blvd E,Syracuse,NY,13214,315-446-1629
414,7788 Montgomery Rd,Cincinnati,OH,45236,513-984-3452
415,3888 Townsfair Way,Columbus,OH,43219,614-473-0794
416,6355 Sawmill Rd,Dublin,OH,43017,614-793-8505
417,328 East Stroop Rd,Kettering,OH,45429,937-294-5411
418,175 Market St,Westlake,OH,44145,440-250-1592
419,28425 Chagrin Blvd,Woodmere,OH,44122,216-591-9457
420,6409 Avondale Dr,Nichols Hills,OK,73116,405-843-5655
421,3702 S Peoria Ave,Tulsa,OK,74105,918-712-9768
422,11753 SW Beaverton Hillsdale Hwy,Beaverton,OR,97005,503-626-3794
423,63455 N Hwy 97,Bend,OR,97701,541-312-4198
424,9345 SE 82nd Ave,Clackamas,OR,97086,503-771-6300
425,1550 NW 9th St,Corvallis,OR,97330,541-753-0048
426,85 Oakway Center,Eugene,OR,97401,541-485-1744
427,2285 NW 185th Ave,Hillsboro,OR,97124,503-645-8321
428,15391 SW Bangy Rd,Lake Oswego,OR,97035,503-639-3238
429,55 Rossanley Dr,Medford,OR,97501,541-608-4993
430,4121 NE Halsey St,Portland,OR,97232,503-284-4232
431,2122 NW Glisan St,Portland,OR,97210,971-544-0788
432,4715 SE Cesar Chavez Blvd,Portland,OR,97202,503-777-1601
433,4450 Commercial St SE,Salem,OR,97302,503-378-9042
434,112 Coulter Ave,Ardmore,PA,19003,610-658-0645
435,933 Old York Rd,Jenkintown,PA,19046,215-885-5240
436,12 E State St,Media,PA,19063,610-891-2752
437,1460 Bethlehem Pike,North Wales,PA,19454,215-646-5870
438,1324 Arch St.,Philadelphia,PA,19107,215-563-2170
439,2121 Market St,Philadelphia,PA,19103,215-569-9282
440,6343 Penn Ave,Pittsburgh,PA,15206,412-363-5748
441,9020 Covenant Ave,Pittsburgh,PA,15237,412-366-1131
442,1630 Washington Rd,Pittsburgh,PA,15241,412-835-2212
443,243 Patriot Lane,State College,PA,16803,814-234-2224
444,171 E Swedesford Rd,Wayne,PA,19087,610-225-0925
445,1000 Bald Hill Rd,Warwick,RI,02886,401-821-5368
446,4516 Forest Drive,Columbia,SC,29206,803-790-2404
447,59 Woodruff Industrial Ln,Greenville,SC,29607,864-286-0231
448,401 Johnnie Dodds Blvd,Mt. Pleasant,SC,29464,843-884-4037
449,2130 Exeter Rd.,Germantown,TN,38138,901-759-2803
450,8001 Kingston Pike,Knoxville,TN,37919,865-670-4088
451,90 White Bridge Rd,Nashville,TN,37205,615-356-1066
452,3909 Hillsboro Pike,Nashville,TN,37215,615-297-6560
453,9722 Great Hills Trail,Austin,TX,78759,512-241-1248
454,2805 Bee Cave Rd,Austin,TX,78746,512-306-1032
455,"211 Walter Seaholm Dr, Ste 100",Austin,TX,78701,512-474-2263
456,14856 Preston Rd,Dallas,TX,75254,972-239-3901
457,4525 Cole Ave,Dallas,TX,75205,214-599-2155
458,2001 Greenville Ave,Dallas,TX,75206,469-334-0614
459,7939 Walnut Hill Lane,Dallas,TX,75230,214-346-6579
460,5550 W Lovers Lane,Dallas,TX,75209,214-366-0205
461,2701 S Hulen St,Fort Worth,TX,76109,817-922-9107
462,2922 S Shepherd Drive,Houston,TX,77098,713-526-4034
463,1440 South Voss Road,Houston,TX,77057,713-266-2377
464,11683 Westheimer Rd,Houston,TX,77077,281-496-2488
465,2717 Commercial Center Blvd,Katy,TX,77494,281-392-4200
466,2851 Craig Dr Ste 100,McKinney,TX,75070,214-491-1893
467,2400 Preston Rd,Plano,TX,75093,972-312-9538
468,350 East Basse Road,San Antonio,TX,78209,210-826-1110
469,403 N Loop 1604 W,San Antonio,TX,78232,210-545-3123
470,1492 E Southlake Blvd,Southlake,TX,76092,817-251-0360
471,10868 Kuykendahl Road,The Woodlands,TX,77381,281-465-0254
472,6989 S 1300 E,Cottonwood Heights,UT,84047,801-562-3024
473,440 East Park Avenue,Orem,UT,84097,801-224-1453
474,634 East 400 South,Salt Lake City,UT,84102,801-359-2462
475,612 N Saint Asaph St,Alexandria,VA,22314,703-548-0611
476,1109 N Highland St,Arlington,VA,22201,703-351-8015
477,44755 Brimfield Dr,Ashburn,VA,20147,703-858-5993
478,5847 Leesburg Pike,Bailey's Crossroads,VA,22041,703-379-5883
479,14100 Lee Hwy,Centreville,VA,20120,703-815-0697
480,2025 Bond St.,Charlottesville,VA,22901,434-974-1466
481,9464 Main St,Fairfax,VA,22031,703-764-8550
482,7514 Leesburg Turnpike,Falls Church,VA,22043,703-288-0566
483,11331 W Broad St,Glen Allen,VA,23060,804-360-4098
484,12551 Jefferson Ave,Newport News,VA,23602,757-890-0235
485,11958 Killingsworth Ave,Reston,VA,20194,703-689-0865
486,3000 Stony Point Rd,Richmond,VA,23235,804-323-4292
487,6394 Springfield Plaza,Springfield,VA,22150,703-569-9301
488,503 Hilltop Plaza,Virginia Beach,VA,23454,757-422-4840
489,5000 Settlers Market Blvd,Williamsburg,VA,23188,757-259-2135
490,200 Dorset St,South Burlington,VT,05403,802-658-4500
491,15563 NE 24th St,Bellevue,WA,98007,425-641-5069
492,416 116th Ave NE,Bellevue,WA,98004,425-454-9799
493,2410 James St,Bellingham,WA,98225,360-734-5166
494,15868 1st Ave S,Burien,WA,98148,206-901-9339
495,811 SE Everett Mall Way,Everett,WA,98208,425-513-2210
496,1758 S 320th St,Federal Way,WA,98003,253-941-6138
497,975 NW Gilman Blvd,Issaquah,WA,98027,425-557-6420
498,12966 SE Kent-Kangley Rd,Kent,WA,98030,253-639-3419
499,12520 Totem Lake Blvd NE,Kirkland,WA,98034,425-814-9181
500,19715 Highway 99,Lynnwood,WA,98036,425-670-0623
501,1530 Black Lake Blvd SW,Olympia,WA,98502,360-352-7440
502,15932 Redmond Way,Redmond,WA,98052,425-883-1624
503,490 228th Ave NE,Sammamish,WA,98074,425-836-0837
504,4609 14th Ave NW,Seattle,WA,98107,206-783-0498
505,1700 Madison St,Seattle,WA,98122,206-322-7268
506,1916 Queen Anne Ave N,Seattle,WA,98109,206-284-2546
507,4555 Roosevelt Way NE,Seattle,WA,98105,206-547-6299
508,4545 Fauntleroy Way SW,Seattle,WA,98116,206-913-0013
509,1201 N 175th St,Shoreline,WA,98133,206-542-5336
510,9991 Mickelberry Rd,Silverdale,WA,98383,360-307-7224
511,2975 East 29th Ave,Spokane,WA,99223,509-534-1077
512,5520 N Division St,Spokane,WA,99208,509-487-4188
513,3800 Bridgeport Way W,University Place,WA,98466,253-460-2672
514,305 SE Chkalov Dr,Vancouver,WA,98683,360-883-9000
515,12665 W. Bluemound Rd,Brookfield,WI,53005,262-784-4806
516,1810 Monroe St,Madison,WI,53711,608-257-1916
517,5600 N Port Washington Rd,Milwaukee,WI,53217,414-962-3382
