address,city,state,zip_code,phone_number
2725 Agoura Rd,Thousand Oaks,CA,91361,(805) 497-1921
2048 Avenida De Los Arboles,Thousand Oaks,CA,91362,(805) 492-2497
1790 Moorpark Rd,Thousand Oaks,CA,91360,(805) 497-1803
130 W Lincoln,Anaheim,CA,92805,(714) 535-2288
5600 Santa Ana Canyon Rd,Anaheim,CA,92807,(714) 998-3751
20445 Yorba Linda Blvd,Yorba Linda,CA,92886,(714) 777-0781
2684 N Tustin Ave,Orange,CA,92865,(714) 637-6651
2355 E Colorado Blvd,Pasadena,CA,91107,(626) 744-2615
130 W Foothill Blvd,Monrovia,CA,91016,(626) 303-4547
1129 S Fair Oaks Ave,South Pasadena,CA,91030,(626) 441-3898
3900 Broad St,San Luis Obispo,CA,93401,(805) 541-1055
1758 W Grand Ave,Grover Beach,CA,93433,(805) 481-0877
520 W Tefft St,Nipomo,CA,93444,(805) 931-1850
1440 W 25th St,San Pedro,CA,90732,(310) 832-8459
1221 S Gaffey St,San Pedro,CA,90731,(310) 832-7063
8891 Atlanta Ave,Huntington Beach,CA,92646,(714) 960-4747
4500 Coffee Rd,Bakersfield,CA,93308,(661) 589-0316
5700 Stockdale Hwy,Bakersfield,CA,93309,(661) 328-6950
9000 Ming Ave,Bakersfield,CA,93311,(661) 663-0595
33644 Yucaipa Blvd,Yucaipa,CA,92399,(909) 797-7052
522 N Orange St,Redlands,CA,92374,(909) 793-0447
12199 Hesperia Rd,Victorville,CA,92395,(760) 241-2288
481 Old Mammoth Rd,Mammoth Lakes,CA,93546,(760) 934-4536
2250 Otay Lakes Rd,Chula Vista,CA,91915,(619) 656-0406
1745 Eastlake Pkwy,Chula Vista,CA,91915,(619) 397-3467
620 Dennery Rd,San Diego,CA,92154,(619) 428-3302
750 N Imperial Ave,El Centro,CA,92243,(760) 353-4603
15740 La Forge St,Whittier,CA,90603,(562) 943-0516
2122 S Hacienda Blvd,Hacienda Heights,CA,91745,(626) 330-4216
350 N Lemon Ave,Walnut,CA,91789,(909) 595-6465
4033 Laurel Canyon Blvd,Studio City,CA,91604,(818) 985-5401
4520 Sunset Blvd,Los Angeles,CA,90027,(323) 662-8107
311 W Los Feliz Blvd,Glendale,CA,91204,(818) 246-7161
5275 Mission Oaks Blvd,Camarillo,CA,93012,(805) 482-7933
820 Arneill Rd,Camarillo,CA,93010,(805) 482-8802
2560 El Camino Real,Carlsbad,CA,92008,(760) 729-2771
3439 Via Montebello,Carlsbad,CA,92009,(760) 633-0114
6951 El Camino Real,Carlsbad,CA,92009,(760) 431-0157
985 Tamarack Ave,Carlsbad,CA,92008,(760) 729-4722
9119 Reseda Blvd,Northridge,CA,91324,(818) 349-2494
16830 San Fernando Mission Blvd,Granada Hills,CA,91344,(818) 831-8511
19333 Victory Blvd,Reseda,CA,91335,(818) 881-7020
81 W Foothill Blvd,Upland,CA,91786,(909) 981-7709
1600 Foothill Blvd,La Verne,CA,91750,(909) 593-2572
8778 19th St,Rancho Cucamonga,CA,91701,(909) 989-1000
1650 Herndon Ave,Clovis,CA,93611,(559) 297-6410
3100 Fowler Ave,Clovis,CA,93611,(559) 294-6720
11800 De Palma Rd,Corona,CA,92883,(951) 603-0809
369 Magnolia Ave,Corona,CA,92879,(951) 549-1900
535 N Mckinley St,Corona,CA,92879,(951) 278-8012
2495 Truxtun Rd Bldg 28,San Diego,CA,92106,(619) 758-1725
515 W Washington St,San Diego,CA,92103,(619) 220-0195
3645 Midway Dr,San Diego,CA,92110,(619) 222-6462
185 E 17th St,Costa Mesa,CA,92627,(949) 515-3444
2701 B Harbor Blvd,Costa Mesa,CA,92626,(714) 751-4270
1160 Via Verde Ave,San Dimas,CA,91773,(909) 592-3261
435 W Foothill Blvd,Glendora,CA,91741,(626) 963-2913
777 Glendora Ave,West Covina,CA,91790,(626) 337-5615
4627 Carmel Mountain Rd,San Diego,CA,92130,(858) 523-1842
931 Lomas Santa Fe Dr,Solana Beach,CA,92075,(858) 481-1008
7895 Highland Village Place,San Diego,CA,92129,(858) 780-9026
4733 E Palm Canyon Dr,Palm Springs,CA,92264,(760) 324-4502
57590 29 Palms Hwy,Yucca Valley,CA,92284,(760) 365-8998
78-271 State Hwy 111,La Quinta,CA,92253,(760) 564-2001
8011 University Ave,La Mesa,CA,91942,(619) 464-1011
9643 Mission Gorge Rd,Santee,CA,92071,(619) 596-5930
5630 Lake Murray Blvd,La Mesa,CA,91942,(619) 589-0342
475 W Main St,Brawley,CA,92227,(760) 351-3002
262 N El Camino Real,Encinitas,CA,92024,(760) 942-4044
453 Santa Fe Dr,Encinitas,CA,92024,(760) 633-9770
1000 W El Norte Pkwy,Escondido,CA,92026,(760) 747-5920
2345 E Valley Pkwy,Escondido,CA,92027,(760) 489-5950
330 W El Norte Pkwy,Escondido,CA,92026,(760) 741-0928
351 W Felicita Ave,Escondido,CA,92025,(760) 743-8860
4241 Tierra Rejada Rd,Moorpark,CA,93021,(805) 530-3770
576 W Main St,Santa Paula,CA,93060,(805) 525-6356
1855 E Cochran St,Simi Valley,CA,93065,(805) 522-9394
6351 Haven Ave,Rancho Cucamonga,CA,91737,(909) 980-4277
5638 E Kings Canyon,Fresno,CA,93727,(559) 458-0209
8949 N Cedar Ave,Fresno,CA,93720,(559) 438-1403
11861 Valley View St,Garden Grove,CA,92845,(714) 889-9955
12961 W Chapman Ave,Garden Grove,CA,92840,(714) 750-3663
4001 Inglewood Ave,Redondo Beach,CA,90278,(310) 349-0860
4705 Torrance Blvd,Torrance,CA,90503,(310) 371-1172
1212 Beryl St,Redondo Beach,CA,90277,(310) 374-7987
561 N Glendale Ave,Glendale,CA,91206,(818) 242-5926
932 E Badillo St,Covina,CA,91724,(626) 967-0072
2010 Cliff Dr,Santa Barbara,CA,93109,(805) 966-5011
1040 Coast Village Rd,Montecito,CA,93108,(805) 969-2112
115 W Main St,Ventura,CA,93001,(805) 653-6874
10321 Sepulveda Blvd,Mission Hills,CA,91345,(818) 891-1352
13730 Foothill Blvd,Sylmar,CA,91342,(818) 367-1849
817 E Main St,Santa Maria,CA,93454,(805) 922-0772
780 N Brea Blvd,Brea,CA,92821,(714) 529-4941
410 Manhattan Beach Blvd,Manhattan Beach,CA,90266,(310) 379-3051
5922 Edinger Ave,Huntington Beach,CA,92649,(714) 846-6356
6571 W 80th St,Los Angeles,CA,90045,(310) 641-9423
4030 Centinela Ave,Los Angeles,CA,90066,(310) 391-1503
2039 Verdugo Blvd,Montrose,CA,91020,(818) 249-4595
7789 Foothill Blvd,Tujunga,CA,91042,(818) 353-4917
7788 Regents Rd,San Diego,CA,92122,(858) 455-6130
1702 Garnet Ave,San Diego,CA,92109,(858) 273-8340
4725 Clairemont Dr,San Diego,CA,92117,(858) 483-4670
14200 Palm Dr,Desert Hot Springs,CA,92240,(760) 251-1636
550 E Baseline Rd,Claremont,CA,91711,(909) 621-4644
4226 Woodruff Ave,Lakewood,CA,90713,(562) 496-4144
5500 Woodruff Ave,Lakewood,CA,90713,(562) 866-3781
3027 Rancho Vista Blvd,Palmdale,CA,93551,(661) 265-9285
16550 W Soledad Canyon Rd,Santa Clarita,CA,91387,(661) 252-3838
26518 Bouquet Canyon Rd,Saugus,CA,91350,(661) 296-0031
1820 Ximeno Ave,Long Beach,CA,90815,(562) 498-2111
3900 E Ocean Ave,Long Beach,CA,90803,(562) 987-3122
4550 Atlantic Ave,Long Beach,CA,90807,(562) 984-1421
600 E Broadway,Long Beach,CA,90802,(562) 491-1210
1342 N Alvarado St,Los Angeles,CA,90026,(213) 483-5573
1430 S Fairfax Ave,Los Angeles,CA,90019,(323) 939-9335
3118 S Sepulveda Blvd,Los Angeles,CA,90034,(310) 477-8717
3461 W 3rd St,Los Angeles,CA,90020,(213) 384-6552
7311 N Figueroa St,Los Angeles,CA,90041,(323) 254-5716
9860 National Blvd,Los Angeles,CA,90034,(310) 836-4161
1190 N Main St,Bishop,CA,93514,(760) 872-9811
40044 Hwy 49,Oakhurst,CA,93644,(559) 642-4250
715 Pier Ave,Hermosa Beach,CA,90254,(310) 374-4484
3520 Riverside Plaza,Riverside,CA,92506,(951) 342-7924
745 W Naomi Ave,Arcadia,CA,91007,(626) 446-9483
163 S Turnpike Rd,Goleta,CA,93111,(805) 681-7474
3233 Foothill Blvd,La Crescenta,CA,91214,(818) 658-1018
29530 Rancho California Rd,Temecula,CA,92591,(951) 695-6773
27220 Sun City Blvd,Sun City,CA,92586,(951) 679-0127
25850 N The Old Rd,Valencia,CA,91381,(661) 254-3570
20440 Devonshire St,Chatsworth,CA,91311,(818) 341-7151
940 S Santa Fe Ave,Vista,CA,92084,(760) 758-0620
6040 Telegraph Rd,Ventura,CA,93003,(805) 650-2150
2764 E Thompson Blvd,Ventura,CA,93003,(805) 648-0251
1291 S Victoria Ave,Oxnard,CA,93035,(805) 984-0651
2101 N Rose Ave,Oxnard,CA,93036,(805) 981-1495
450 S Ventura Rd,Oxnard,CA,93030,(805) 240-7911
1311 Wilshire Blvd,Santa Monica,CA,90403,(310) 394-1414
710 Broadway,Santa Monica,CA,90401,(310) 260-0260
4033 W Ave L,Lancaster,CA,93536,(661) 722-7291
155 California Blvd,Pasadena,CA,91105,(626) 577-7149
7390 Cherry Ave,Fontana,CA,92336,(909) 429-3928
245 Palos Verdes Blvd,Redondo Beach,CA,90277,(310) 378-7434
18439 Ventura Blvd,Tarzana,CA,91356,(818) 881-5527
6170 Hamner Ave,Mira Loma,CA,91752,(951) 360-1901
10016 Scripps Ranch Blvd,San Diego,CA,92131,(858) 271-5350
10460 Clairemont Mesa Blvd,San Diego,CA,92124,(858) 560-4565
10675 Scripps Poway Pkwy,San Diego,CA,92131,(858) 693-0638
11986 Bernardo Plaza Dr,San Diego,CA,92128,(858) 487-8221
13255 Black Mountain Rd,San Diego,CA,92129,(858) 484-7234
3550 Murphy Canyon Dr,San Diego,CA,92123,(858) 292-5007
3610 Adams Ave,San Diego,CA,92116,(619) 280-7634
3993 Governor Dr,San Diego,CA,92122,(858) 453-1883
4145 30th St,San Diego,CA,92104,(619) 284-6672
5555 Balboa Ave,San Diego,CA,92111,(858) 279-4661
6155 El Cajon Blvd,San Diego,CA,92115,(619) 583-4142
6555 Mission Gorge Rd,San Diego,CA,92120,(619) 284-1355
665 Saturn Blvd,San Diego,CA,92154,(619) 575-2200
8310 Mira Mesa Blvd,San Diego,CA,92126,(858) 271-4830
3650 S Bristol St,Santa Ana,CA,92704,(714) 540-0510
7135 El Camino Real,Atascadero,CA,93422,(805) 466-4949
24160 Lyons Ave,Newhall,CA,91321,(661) 259-9214
729 N H St,Lompoc,CA,93436,(805) 737-4464
1201 Avocado Blvd,El Cajon,CA,92020,(619) 440-0881
2938 Tapo Canyon Rd,Simi Valley,CA,93063,(805) 426-6021
5805 E Los Angeles Ave,Simi Valley,CA,93063,(805) 522-1193
2606 Del Mar Heights Rd,Del Mar,CA,92014,(858) 755-5304
301 N Pass Ave,Burbank,CA,91505,(818) 848-9542
38995 Sky Canyon Dr,Murrieta,CA,92563,(951) 600-9583
845 College Blvd,Oceanside,CA,92057,(760) 630-4884
24325 Crenshaw Blvd,Torrance,CA,90505,(310) 784-1020
2433 Harbor Blvd,Ventura,CA,93001,(805) 642-6761
5688 Telephone Rd,Ventura,CA,93003,(805) 644-1021
42170 Big Bear Blvd,Big Bear Lake,CA,92315,(909) 866-8459
804 Beverly Blvd,Montebello,CA,90640,(323) 722-1706
8010 E Santa Ana Canyon Rd,Anaheim Hills,CA,92808,(714) 282-7064
2511 Anthem Village,Henderson,NV,89052,(702) 617-2505
2667 E Windmill Pkwy,Henderson,NV,89074,(702) 361-0099
45 E Horizon Ridge Pkwy,Henderson,NV,89002,(702) 558-3966
1131 E Tropicana Ave,Las Vegas,NV,89119,(702) 798-8697
1155 E Twain Ave,Las Vegas,NV,89169,(702) 696-0906
475 E Windmill Ln,Las Vegas,NV,89123,(702) 896-7544
6450 Sky Pointe Dr,Las Vegas,NV,89131,(702) 515-1815
7405 S Durango Dr,Las Vegas,NV,89113,(702) 263-4568
8540 W Desert Inn Rd,Las Vegas,NV,89117,(702) 240-0293
